path,locale,intent,status,title,h1,opening,issues
/sourcing/food-processing-machinery-from-china/,en,product,pass,Food Processing Machinery Sourcing from China | DDNZ Global,Food processing machinery from China. Selected for your operation.,"Food processing machinery from China. Selected for your operation. CHINA SOURCING / FOOD PREPARATION Source food processing machinery from China for dough, bakery, meat and vegetable preparation. Compare individual machines or buy a coordinated equipment package, with model-level wholesale prices and packing costs shown separately. Equipment for your next preparation step. Supplier catalogue imagery · configuration confirmed per model",
/sourcing/food-processing-machinery-from-china/dough-and-bakery-machinery/,en,product,pass,Dough & bakery machinery from China | DDNZ Global,Dough & bakery machinery,"Dough & bakery machinery CHINA SOURCING / FOOD PREPARATION Source dough & bakery machinery from China for your equipment range or food business. Compare kneaders, spiral mixers, planetary mixers, dough rollers and bread slicers by the job they perform. Select a motor and guard configuration before comparing prices. Equipment for your next preparation step. Supplier catalogue imagery · configuration confirmed per model",
/sourcing/food-processing-machinery-from-china/meat-processing-machinery/,en,product,pass,Meat processing machinery from China | DDNZ Global,Meat processing machinery,"Meat processing machinery CHINA SOURCING / FOOD PREPARATION Source meat processing machinery from China for your equipment range or food business. Compare dedicated meat slicers, grinders, paste mixers and meatball formers. Each stage has different material, blade and batch requirements. Equipment for your next preparation step. Supplier catalogue imagery · configuration confirmed per model",
/sourcing/food-processing-machinery-from-china/vegetable-processing-machinery/,en,product,pass,Vegetable processing machinery from China | DDNZ Global,Vegetable processing machinery,"Vegetable processing machinery CHINA SOURCING / FOOD PREPARATION Source vegetable processing machinery from China for your equipment range or food business. Match peeling, slicing, shredding and chopping to the ingredient and the finished cut. Compare the selected copper-motor slicer with dedicated peeling and chopping machines. Equipment for your next preparation step. Supplier catalogue imagery · configuration confirmed per model",
/sourcing/food-processing-machinery-from-china/bean-rice-and-juice-machinery/,en,product,pass,"Bean, rice & juice machinery from China | DDNZ Global","Bean, rice & juice machinery","Bean, rice & juice machinery CHINA SOURCING / FOOD PREPARATION Source bean, rice & juice machinery from China for your equipment range or food business. Compare pulp separation, wet rice grinding and sugarcane pressing as distinct preparation functions. Choose equipment around the ingredient and the next step in your process. Equipment for your next preparation step. Supplier catalogue imagery · configuration confirmed per model",
/sourcing/food-processing-machinery-from-china/packages/noodles/,en,product,pass,Noodle & dough preparation equipment package from China | DDNZ Global,Noodle & dough preparation equipment package,"Noodle & dough preparation equipment package CHINA SOURCING / FOOD PREPARATION Buy a noodle & dough preparation equipment package from China, with models and quantities selected for your operation. Knead dough and roll sheets for fresh noodle preparation. Equipment for your next preparation step. Supplier catalogue imagery · configuration confirmed per model",
/sourcing/food-processing-machinery-from-china/packages/bakery/,en,product,pass,Bakery preparation equipment package from China | DDNZ Global,Bakery preparation equipment package,"Bakery preparation equipment package CHINA SOURCING / FOOD PREPARATION Buy a bakery preparation equipment package from China, with models and quantities selected for your operation. Prepare bread dough and other mixtures, then slice baked loaves. Equipment for your next preparation step. Supplier catalogue imagery · configuration confirmed per model",
/sourcing/food-processing-machinery-from-china/packages/meat-prep/,en,product,pass,Butcher & kitchen preparation equipment package from China | DDNZ Global,Butcher & kitchen preparation equipment package,"Butcher & kitchen preparation equipment package CHINA SOURCING / FOOD PREPARATION Buy a butcher & kitchen preparation equipment package from China, with models and quantities selected for your operation. Cover slicing and mincing with two dedicated tabletop machines. Equipment for your next preparation step. Supplier catalogue imagery · configuration confirmed per model",
/sourcing/food-processing-machinery-from-china/packages/meatballs/,en,product,pass,Meatball preparation equipment package from China | DDNZ Global,Meatball preparation equipment package,"Meatball preparation equipment package CHINA SOURCING / FOOD PREPARATION Buy a meatball preparation equipment package from China, with models and quantities selected for your operation. Grind ingredients, prepare paste and form meatballs. Equipment for your next preparation step. Supplier catalogue imagery · configuration confirmed per model",
/sourcing/food-processing-machinery-from-china/packages/vegetables/,en,product,pass,Vegetable preparation equipment package from China | DDNZ Global,Vegetable preparation equipment package,"Vegetable preparation equipment package CHINA SOURCING / FOOD PREPARATION Buy a vegetable preparation equipment package from China, with models and quantities selected for your operation. Prepare roots and other ingredients with separate cutting options. Equipment for your next preparation step. Supplier catalogue imagery · configuration confirmed per model",
/sourcing/food-processing-machinery-from-china/packages/bean-rice/,en,product,pass,Bean & rice preparation equipment package from China | DDNZ Global,Bean & rice preparation equipment package,"Bean & rice preparation equipment package CHINA SOURCING / FOOD PREPARATION Buy a bean & rice preparation equipment package from China, with models and quantities selected for your operation. A paired selection for pulp separation and wet rice grinding. Equipment for your next preparation step. Supplier catalogue imagery · configuration confirmed per model",
/sourcing/mobile-accessories-from-china/,en,product,pass,Mobile Accessories Sourcing from China | DDNZ Global,Wholesale Phone Cases & Screen Protectors from China,"Wholesale Phone Cases & Screen Protectors from China CHINA SOURCING / MOBILE ACCESSORIES Choose phone cases, straps and screen protectors for your next order. Send us the models, colours, quantities and destination. We’ll check stock, arrange samples and quote the goods and shipping. Choose a case, phone model and colour. Add the quantities to your order.",
/es/sourcing/mobile-accessories-from-china/,es,product,pass,Accesorios móviles de China | DDNZ Global,Fundas y protectores de pantalla de China al por mayor,"Fundas y protectores de pantalla de China al por mayor COMPRAS EN CHINA / ACCESORIOS MÓVILES Elija fundas, correas y protectores para su próximo pedido. Indique modelos, colores, cantidades y destino. Revisamos existencias, coordinamos muestras y cotizamos mercancía y envío. Elija funda, modelo y color. Añada las cantidades al pedido.",
/ar/sourcing/mobile-accessories-from-china/,ar,product,pass,توريد ملحقات الهاتف من الصين | DDNZ Global,أغطية هواتف وواقيات شاشة بالجملة من الصين,أغطية هواتف وواقيات شاشة بالجملة من الصين التوريد من الصين / ملحقات الهاتف اختر أغطية وأحزمة وواقيات شاشة لطلبك القادم. أرسل الطرازات والألوان والكميات والوجهة. نراجع المخزون ونرتب العينات ونقدم عرض البضاعة والشحن. اختر الغطاء وطراز الهاتف واللون، ثم أضف الكميات إلى الطلب.,
/phone-cases/,en,product,pass,Wholesale Phone Cases from China: Styles & MOQ | DDNZ,Choose the case. Check every detail.,"Choose the case. Check every detail. PHONE CASES / WHOLESALE & OWN BRAND Source wholesale phone cases from China, including colour frames, textured backs and foldable folios. Build a model-by-colour assortment, compare the buying cost and approve a sample before scaling. Products",
/es/phone-cases/,es,product,pass,Fundas de China al por mayor: modelos y mínimos | DDNZ,Elija la funda. Revise cada detalle.,"Elija la funda. Revise cada detalle. FUNDAS / MAYORISTAS Y MARCA PROPIA Compre fundas de teléfono al por mayor en China: marcos de color, traseras texturizadas y fundas plegables. Prepare su surtido por modelo y color, compare costos y apruebe una muestra. Productos",
/ar/phone-cases/,ar,product,pass,أغطية هواتف بالجملة من الصين: التصاميم والحدود | DDNZ,اختر الغطاء. وافحص كل تفصيل.,اختر الغطاء. وافحص كل تفصيل. أغطية الهاتف / الجملة والعلامات الخاصة اشتر أغطية هواتف بالجملة من الصين، بإطارات ملونة وظهور نسيجية وتصاميم قابلة للطي. جهز التشكيلة حسب الطراز واللون وقارن التكلفة واعتمد العينة. المنتجات,
/phone-cases/materials-and-pricing/,en,information,context-only,"Phone Case Materials, Prices & Supplier Comparison | DDNZ",Same phone. Different case. Different cost.,"Same phone. Different case. Different cost. PHONE CASE BUYING GUIDE Buying phone cases from China? Separate material, construction, finish and packaging before comparing quotes. Then use the same model, colour split and test requirements with every supplier. The listed flip wallet combines a PU surface with a TPU holder. Its cost includes a cover, card pocket and closure construction. Ask about bonding, stitch finish and card-pocket size. Comparing it with a simple back cover requires adjusting the specification.",
/es/phone-cases/materials-and-pricing/,es,information,context-only,Materiales y precios de fundas: compare proveedores | DDNZ,Mismo móvil. Otra funda. Otro costo.,"Mismo móvil. Otra funda. Otro costo. GUÍA DE COMPRA DE FUNDAS Separe material, construcción, acabado y embalaje al comparar. Use el mismo modelo, colores y requisitos de prueba con cada proveedor. La cartera publicada combina superficie PU y soporte TPU. El costo incluye tapa, bolsillo y cierre. Consulte adhesión, costuras y tamaño del bolsillo. Compararla con una trasera simple exige ajustar especificaciones.",
/ar/phone-cases/materials-and-pricing/,ar,information,context-only,مواد وأسعار أغطية الهاتف ومقارنة الموردين | DDNZ,الهاتف نفسه. غطاء مختلف. تكلفة مختلفة.,الهاتف نفسه. غطاء مختلف. تكلفة مختلفة. دليل شراء أغطية الهاتف افصل المادة والبناء والتشطيب والتغليف عند المقارنة. ثم استخدم الطراز نفسه وتوزيع الألوان ومتطلبات الاختبار مع كل مورد. يجمع غطاء المحفظة المنشور سطح PU مع حامل TPU. تشمل تكلفته الغطاء الأمامي وجيب البطاقة والإغلاق. اسأل عن الالتصاق والخياطة وحجم الجيب. المقارنة بغطاء خلفي بسيط تتطلب توحيد المواصفات.,
/phone-straps-charms/,en,product,pass,Wholesale Phone Straps & Charms from China | DDNZ,More ways to carry. Clearer ways to buy.,"More ways to carry. Clearer ways to buy. PHONE STRAPS / CHAINS / CHARMS Buy wholesale phone straps, chains and charms from China for accessory stores, gift ranges and online brands. Know exactly which parts belong in the price. Products",
/es/phone-straps-charms/,es,product,pass,"Correas, cadenas y adornos de móvil al por mayor | DDNZ",Más formas de llevarlo. Más claridad al comprar.,"Más formas de llevarlo. Más claridad al comprar. CORREAS / CADENAS / ADORNOS Compre correas, cadenas y adornos para móviles al por mayor en China para tiendas de accesorios, regalos y marcas online. Sepa qué piezas incluye el precio. Productos",
/ar/phone-straps-charms/,ar,product,pass,أحزمة وسلاسل وزينة الهاتف بالجملة | DDNZ Global,طرق أكثر للحمل. ووضوح أكبر للشراء.,طرق أكثر للحمل. ووضوح أكبر للشراء. أحزمة الهاتف / السلاسل / الزينة اشتر أحزمة وسلاسل وزينة هواتف بالجملة من الصين لمتاجر الملحقات والهدايا والعلامات الإلكترونية. اعرف الأجزاء التي يشملها السعر. المنتجات,
/es/screen-protectors/,es,product,pass,Protectores de pantalla al por mayor | DDNZ Global,Protectores de pantalla al por mayor desde China,"Protectores de pantalla al por mayor desde China Accesorios móviles · Compra al por mayor Compare cuatro configuraciones reales, sus precios de referencia y el embalaje. Elija el producto, indique cada modelo de teléfono y prepare una consulta para su destino. Compare acabado, instalador y embalaje antes de elegir solo por precio.",
/ar/screen-protectors/,ar,product,pass,واقيات شاشة بالجملة من الصين | DDNZ Global,واقيات شاشة بالجملة من الصين,واقيات شاشة بالجملة من الصين ملحقات الهواتف · توريد بالجملة قارن بين أربعة خيارات فعلية وأسعارها المرجعية وتغليفها. اختر المنتج، وحدد كل طراز هاتف وكميته، ثم جهّز استفسارك وفق وجهتك. قارن نوع الواقي وأداة التركيب والتغليف قبل الاختيار على أساس السعر وحده.,
/es/screen-protectors/compare/,es,product,pass,Compare protectores de pantalla y precios | DDNZ Global,"Compare precios, embalaje y cantidades mínimas","Compare precios, embalaje y cantidades mínimas Accesorios móviles · Compra al por mayor Revise las diferencias entre protectores transparentes y de privacidad. La disponibilidad y el ajuste se confirman para cada modelo de teléfono antes del pedido. Datos de referencia: 11 de septiembre de 2026 Precios en yuanes chinos (CNY) por pieza, con el embalaje indicado. No incluyen transporte, impuestos ni entrega en destino. La cotización final requiere confirmación.",
/ar/screen-protectors/compare/,ar,product,pass,مقارنة واقيات الشاشة وأسعار الجملة | DDNZ Global,قارن الأسعار والتغليف والحد الأدنى للطلب,قارن الأسعار والتغليف والحد الأدنى للطلب ملحقات الهواتف · توريد بالجملة راجع الفروق بين الواقيات الشفافة وواقيات الخصوصية. يُؤكَّد توفر المنتج وملاءمته لكل طراز هاتف قبل الطلب. تاريخ البيانات المرجعية: ١١ سبتمبر ٢٠٢٦ الأسعار باليوان الصيني (CNY) للقطعة وتشمل التغليف الموضح. لا تشمل الشحن أو الضرائب أو التوصيل إلى الوجهة. يلزم تأكيد عرض السعر النهائي.,
/sourcing/kitchen-equipment-for-distributors/,en,product,pass,Kitchen Equipment for Distributors | China Sourcing | DDNZ,Build a range your customers can buy again.,"Build a range your customers can buy again. FOR IMPORTERS & EQUIPMENT DEALERS Source wholesale kitchen equipment from China for your distribution range. Bring together the equipment your customers ask for, then compare each model on the same purchasing basis. Start with a trial line, a restock or a broader assortment. Separate an entry model from a larger-capacity option. For ice machines, compare rated daily output and footprint; for fryers, compare each tank. Add expected quantities before judging the price.",
/es/sourcing/kitchen-equipment-for-distributors/,es,product,pass,Equipos de cocina para distribuidores desde China | DDNZ,Una línea de equipos que sus clientes puedan volver a comprar.,"Una línea de equipos que sus clientes puedan volver a comprar. PARA IMPORTADORES Y DISTRIBUIDORES Compre equipos de cocina al por mayor en China para su catálogo de distribución. Reúna los equipos que buscan sus clientes y compare cada modelo con las mismas condiciones de compra. Empiece con un pedido de prueba, una reposición o una ampliación de su catálogo. Distinga una opción de entrada de otra de mayor capacidad. En máquinas de hielo, compare producción diaria nominal y dimensiones; en freidoras, la capacidad de cada tanque. Añada las cantidades antes de comparar precios.",
/ar/sourcing/kitchen-equipment-for-distributors/,ar,product,pass,توريد معدات المطابخ للموزعين من الصين | DDNZ Global,كوّن تشكيلة يعود عملاؤك لشرائها.,كوّن تشكيلة يعود عملاؤك لشرائها. للمستوردين وموزعي المعدات احصل على معدات مطابخ بالجملة من الصين لتشكيلة التوزيع لديك. اجمع المعدات التي يطلبها عملاؤك، ثم قارن الموديلات على أساس شراء موحد. ابدأ بطلب تجريبي أو إعادة تزويد المخزون أو توسيع التشكيلة. ميّز بين خيار أساسي وآخر بسعة أكبر. في صانعات الثلج، قارن الإنتاج اليومي المقنن والأبعاد؛ وفي القلايات، قارن سعة كل حوض. حدد الكميات قبل تقييم السعر.,
/sourcing/restaurant-project-equipment/,en,product,pass,Restaurant Project Equipment from China | DDNZ Global,Turn an equipment list into a coordinated order.,"Turn an equipment list into a coordinated order. FOR PROJECT BUYERS & KITCHEN CONTRACTORS Source restaurant project equipment from China against your equipment schedule. Share the project, the spaces and the equipment you need. We help organize sourcing around a defined list so model choices and delivery requirements can be reviewed together. Group the list into cooking, cold storage, preparation and drinks. Note what is already specified and where you need alternatives. Send equipment quantities and available counter or cabinet space.",
/es/sourcing/restaurant-project-equipment/,es,product,pass,Equipos para proyectos de restaurantes desde China | DDNZ,De una lista de equipos a una compra coordinada.,"De una lista de equipos a una compra coordinada. PARA COMPRADORES DE PROYECTOS E INTEGRADORES Adquiera equipos para proyectos de restaurantes en China según su lista de necesidades. Comparta el proyecto, los espacios y los equipos necesarios. Organizamos la búsqueda a partir de una lista definida para revisar modelos y requisitos de entrega de forma conjunta. Agrupe la lista en cocción, almacenamiento en frío, preparación y bebidas. Indique qué equipos ya están especificados y dónde acepta alternativas. Añada cantidades y espacio disponible para mesas o gabinetes.",
/ar/sourcing/restaurant-project-equipment/,ar,product,pass,توريد معدات مشاريع المطاعم من الصين | DDNZ Global,حوّل قائمة المعدات إلى طلب منسق.,حوّل قائمة المعدات إلى طلب منسق. لمشتري المشاريع ومقاولي تجهيز المطابخ احصل على معدات مشاريع المطاعم من الصين وفق جدول المعدات المطلوب. شاركنا نوع المشروع والمساحات والمعدات المطلوبة. ننظم البحث بناءً على قائمة محددة لمراجعة اختيار الموديلات ومتطلبات التسليم معاً. قسّم القائمة إلى طهي وتخزين مبرد وتحضير ومشروبات. وضح المعدات المحددة مسبقاً وتلك التي تقبل فيها بدائل. أضف الكميات والمساحة المتاحة للطاولات أو الخزائن.,
/screen-protectors/wholesale-for-stores/,en,product,pass,Wholesale Screen Protectors for Stores & Chains | DDNZ,Plan the phone mix before you place the order.,"Plan the phone mix before you place the order. FOR ACCESSORY STORES & REPAIR CHAINS Buy wholesale screen protectors from China for phone stores and repair chains. Build a replenishment list around the phones your stores actually serve. Compare clear and privacy options, installation methods and quantities per phone model. Include the phone name and generation, then assign a quantity to each protector and phone combination. Avoid treating all variants of one phone series as the same fit. The existing product minimums still apply.",
/es/screen-protectors/wholesale-for-stores/,es,product,pass,Micas por mayoreo para tiendas y cadenas | DDNZ Global,Defina la mezcla de celulares antes de comprar.,"Defina la mezcla de celulares antes de comprar. PARA TIENDAS DE ACCESORIOS Y CADENAS DE REPARACIÓN Compre protectores de pantalla al por mayor en China para tiendas y cadenas de reparación. Prepare la reposición según los celulares que atienden sus tiendas. Compare opciones transparentes y de privacidad, métodos de instalación y cantidades por modelo de celular. Anote nombre y generación y asigne una cantidad a cada combinación de mica y celular. No suponga que todas las variantes de una serie tienen el mismo ajuste. Se mantienen los mínimos de cada producto.",
/ar/screen-protectors/wholesale-for-stores/,ar,product,pass,واقيات شاشة بالجملة للمتاجر وسلاسل الصيانة | DDNZ,حدد تشكيلة الهواتف قبل تقديم الطلب.,حدد تشكيلة الهواتف قبل تقديم الطلب. لمتاجر الملحقات وسلاسل صيانة الهواتف اشتر واقيات شاشة بالجملة من الصين لمتاجر الهواتف وسلاسل الصيانة. جهز قائمة إعادة التزويد وفق الهواتف التي تخدمها متاجرك فعلياً. قارن الواقيات الشفافة وواقيات الخصوصية وطرق التركيب والكميات لكل موديل هاتف. أدرج اسم الهاتف وجيله، ثم حدد الكمية لكل مجموعة من نوع الواقي وموديل الهاتف. لا تفترض أن جميع إصدارات السلسلة الواحدة تتطابق في المقاس. تبقى الحدود الدنيا الخاصة بكل منتج سارية.,
/screen-protectors/private-label/,en,product,pass,Private Label Screen Protector Sourcing | DDNZ Global,Build the product behind your brand.,"Build the product behind your brand. FOR OWN-BRAND & ONLINE SELLERS Source private-label screen protectors from China with product and packaging specifications for your brand. Use the current screen-protector range as a starting point. Describe the product, packaging and customer experience you want, then request a supplier review of the changes. Choose clear or privacy glass, the intended phone models and the installation format. Use samples to review fit, edge coverage, touch response and case compatibility before approving a production specification.",
/es/screen-protectors/private-label/,es,product,pass,Micas de marca propia desde China | DDNZ Global,Defina el producto que llevará su marca.,"Defina el producto que llevará su marca. PARA MARCAS PROPIAS Y VENDEDORES EN LÍNEA Obtenga protectores de pantalla de marca propia de China con especificaciones de producto y embalaje. Use la gama actual de micas como punto de partida. Describa el producto, el empaque y la experiencia de instalación que busca y solicite al proveedor una revisión de los cambios. Elija vidrio transparente o de privacidad, los modelos de celular y la forma de instalación. Revise muestras para comprobar ajuste, cobertura de bordes, respuesta táctil y compatibilidad con fundas antes de aprobar la especificación.",
/ar/screen-protectors/private-label/,ar,product,pass,توريد واقيات شاشة بعلامتك التجارية من الصين | DDNZ,حدد المنتج الذي سيحمل علامتك.,حدد المنتج الذي سيحمل علامتك. لأصحاب العلامات التجارية والبائعين عبر الإنترنت احصل على واقيات شاشة بعلامتك التجارية من الصين وفق مواصفات المنتج والتغليف. استخدم تشكيلة واقيات الشاشة الحالية كنقطة بداية. صف المنتج والتغليف وتجربة الاستخدام المطلوبة، ثم اطلب من المورد مراجعة التعديلات. اختر زجاجاً شفافاً أو للخصوصية وموديلات الهواتف وطريقة التركيب. راجع العينات للتحقق من المقاس وتغطية الحواف واستجابة اللمس والتوافق مع الأغطية قبل اعتماد مواصفات الإنتاج.,
/sourcing/commercial-ice-machines-from-china/,en,product,pass,Commercial Ice Machines from China: Compare Models | DDNZ,Commercial ice machines. Find your output range.,"Commercial ice machines. Find your output range. CHINA SOURCING · FOR IMPORTERS & DISTRIBUTORS Source commercial ice machines from China for cafés, restaurants and hospitality buyers. Compare six models by rated daily output and footprint, then request a configuration for your market. Sourcing for the UAE, Singapore, Mexico and other destinations.",
/sourcing/commercial-electric-fryers-from-china/,en,product,pass,Commercial Electric Fryers from China: 10L & Twin Tank | DDNZ,Commercial electric fryers. Choose the tank layout.,"Commercial electric fryers. Choose the tank layout. CHINA SOURCING · FOR IMPORTERS & DISTRIBUTORS Buy commercial electric fryers from China for your restaurant equipment range. Compare a compact single-tank model with a twin-tank option. See the listed capacity, counter space and starting order quantities side by side. Sourcing for the UAE, Singapore, Mexico and other destinations.",
/sourcing/commercial-electric-griddles-from-china/,en,product,pass,Commercial Electric Griddles from China: Compare Sizes | DDNZ,Commercial electric griddles. Make the surface count.,"Commercial electric griddles. Make the surface count. CHINA SOURCING · FOR IMPORTERS & DISTRIBUTORS Source commercial electric griddles from China for your countertop cooking range. Choose between two flat-plate sizes. Compare the usable cooking surface, overall footprint and listed power before requesting your order price. Sourcing for the UAE, Singapore, Mexico and other destinations.",
/,en,home,pass,"DDNZ Global | China Sourcing, Quality Control & Export Delivery","Source, inspect and ship commercial products from China—with one accountable team.","Source, inspect and ship commercial products from China—with one accountable team. Source commercial kitchen equipment, audio, mobile accessories and outdoor products from China with supplier verification, QC, consolidation and export delivery. Compare products, understand the price and bring a clearer brief to your supplier. Compare equipment · Plan your margin",
/zh-cn/,zh-cn,home,pass,DDNZ Global 大递诺展 | 中国采购、验货、集货与出口交付,从中国采购、验货并出口商用产品，由一个团队全程负责。,从中国采购、验货并出口商用产品，由一个团队全程负责。 为中东、非洲和中南美进口商提供商用餐厨设备、音响、手机配件和户外用品的一站式中国采购、验货、集货与出口服务。,
/ru/,ru,home,pass,"DDNZ Global | Закупки, контроль качества и экспорт из Китая","Закупайте, проверяйте и отправляйте товары из Китая с одной ответственной командой.","Закупайте, проверяйте и отправляйте товары из Китая с одной ответственной командой. Поиск поставщиков, инспекция, консолидация и экспорт кухонного оборудования, аудио, мобильных аксессуаров и товаров для активного отдыха из Китая.",
/fr/,fr,home,pass,"DDNZ Global | Achats, contrôle qualité et export depuis la Chine","Achetez, contrôlez et expédiez vos produits de Chine avec une seule équipe responsable.","Achetez, contrôlez et expédiez vos produits de Chine avec une seule équipe responsable. Sourcing, inspection, consolidation et export d’équipements de cuisine, audio, accessoires mobiles et produits de plein air depuis la Chine.",
/es/,es,home,pass,"DDNZ Global | Compras, control de calidad y exportación desde China","Compre, inspeccione y envíe productos comerciales desde China con un solo equipo responsable.","Compre, inspeccione y envíe productos comerciales desde China con un solo equipo responsable. Búsqueda, inspección, consolidación y exportación desde China de cocina comercial, audio, accesorios móviles y productos para actividades al aire libre. Equipos de cocina comercial · Micas para celular",
/ar/,ar,home,pass,DDNZ Global | التوريد وفحص الجودة والتصدير من الصين,اشترِ وافحص واشحن المنتجات التجارية من الصين مع فريق واحد مسؤول.,اشترِ وافحص واشحن المنتجات التجارية من الصين مع فريق واحد مسؤول. توريد وفحص وتجميع وتصدير معدات المطابخ والصوت وملحقات الهاتف ومستلزمات الأنشطة الخارجية من الصين. معدات المطابخ التجارية · واقيات الشاشة,
/pt/,pt,home,pass,"DDNZ Global | Sourcing, inspeção e exportação da China","Encontre, inspecione e exporte produtos comerciais da China com uma equipe responsável.","Encontre, inspecione e exporte produtos comerciais da China com uma equipe responsável. Encontre produtos comerciais na China com verificação de fornecedores, controle de qualidade, consolidação e entrega para exportação.",
/tr/,tr,home,pass,"DDNZ Global | Çin’den tedarik, denetim ve ihracat","Çin’den ticari ürünleri tek bir sorumlu ekiple bulun, denetleyin ve gönderin.","Çin’den ticari ürünleri tek bir sorumlu ekiple bulun, denetleyin ve gönderin. Çin’den ticari ürünleri tedarikçi doğrulama, kalite kontrol, konsolidasyon ve ihracat teslimiyle yönetin.",
/how-we-work/,en,information,context-only,How China Sourcing Works | DDNZ Global,One brief. Six accountable checkpoints from supplier search to export handoff.,"One brief. Six accountable checkpoints from supplier search to export handoff. How DDNZ works Follow six accountable checkpoints from buyer brief and supplier comparison to specification approval, QC evidence, consolidation and export handoff. Start a sourcing brief",
/zh-cn/how-we-work/,zh-cn,information,context-only,中国采购服务流程 | DDNZ Global 大递诺展,一份采购需求，六个责任节点，从供应商搜索到出口交接。,一份采购需求，六个责任节点，从供应商搜索到出口交接。 DDNZ 如何工作 了解从采购需求、供应商比价、样品规格确认到验货证据、集货与出口交接的六个责任节点。 提交采购需求,
/ru/how-we-work/,ru,information,context-only,Как работает закупка в Китае | DDNZ Global,Один бриф. Шесть ответственных этапов — от поставщика до экспортной передачи.,"Один бриф. Шесть ответственных этапов — от поставщика до экспортной передачи. Как работает DDNZ Шесть контрольных этапов: бриф, сравнение поставщиков, образцы, производство, инспекция, консолидация и экспортная передача. Начать закупочный бриф",
/fr/how-we-work/,fr,information,context-only,Processus de sourcing en Chine | DDNZ Global,"Un brief. Six points de contrôle, de la recherche fournisseur à la transmission export.","Un brief. Six points de contrôle, de la recherche fournisseur à la transmission export. Comment travaille DDNZ Six points de contrôle : brief, comparaison fournisseurs, échantillons, production, preuves QC, consolidation et transmission export. Démarrer un brief sourcing",
/es/how-we-work/,es,information,context-only,Cómo funciona la compra en China | DDNZ Global,Un brief. Seis puntos responsables desde la búsqueda del proveedor hasta la entrega de exportación.,"Un brief. Seis puntos responsables desde la búsqueda del proveedor hasta la entrega de exportación. Cómo trabaja DDNZ Seis puntos de control: solicitud, comparación de proveedores, muestras, producción, evidencia de calidad, consolidación y entrega a exportación. Iniciar solicitud de compra",
/ar/how-we-work/,ar,information,context-only,كيف تعمل عملية التوريد من الصين | DDNZ Global,موجز واحد وست نقاط مسؤولية من البحث عن المورد إلى تسليم التصدير.,موجز واحد وست نقاط مسؤولية من البحث عن المورد إلى تسليم التصدير. كيف تعمل DDNZ ست نقاط مسؤولية من موجز الشراء ومقارنة الموردين إلى اعتماد المواصفات وأدلة الجودة والتجميع وتسليم التصدير. ابدأ موجز التوريد,
/pt/how-we-work/,pt,information,context-only,Como funciona o sourcing na China | DDNZ Global,Um briefing. Seis pontos de controle da busca do fornecedor à entrega para exportação.,"Um briefing. Seis pontos de controle da busca do fornecedor à entrega para exportação. Como a DDNZ trabalha Seis pontos de controle, do briefing e comparação de fornecedores à aprovação, evidências de QC, consolidação e entrega para exportação. Iniciar um briefing de sourcing",
/tr/how-we-work/,tr,information,context-only,Çin tedarik süreci nasıl işler | DDNZ Global,Tek özet. Tedarikçi aramasından ihracat teslimine altı sorumluluk noktası.,"Tek özet. Tedarikçi aramasından ihracat teslimine altı sorumluluk noktası. DDNZ nasıl çalışır Satın alma özetinden tedarikçi karşılaştırmasına, onaya, QC kanıtına, konsolidasyona ve ihracat teslimine altı kontrol noktası. Tedarik özeti başlat",
/insights/,en,information,context-only,China Sourcing & Export Insights | DDNZ Global,Industry Insights & News,"Industry Insights & News Unlock local guidelines, shipping timelines, regulatory changes, and first-hand supply chain intelligence direct from Asian hub authorities. Compare products, understand the price and bring a clearer brief to your supplier. Compare equipment · Plan your margin",
/zh-cn/insights/,zh-cn,information,context-only,中国采购、验货与出口洞察 | DDNZ Global,海关通关、运力预测及港口实时情报,海关通关、运力预测及港口实时情报 获取由资深报关员与项目运力专家出具的一线实操作报告。,
/ru/insights/,ru,information,context-only,Аналитика закупок и экспорта из Китая | DDNZ Global,Отраслевая аналитика и новости,"Отраслевая аналитика и новости Получите доступ к правилам, срокам доставки, изменениям в регулировании и оперативной информации от азиатских ведомств.",
/fr/insights/,fr,information,context-only,Conseils sourcing et export depuis la Chine | DDNZ Global,Actualités et Analyses de l'Industrie,"Actualités et Analyses de l'Industrie Accédez aux directives locales, aux délais d'expédition, aux changements réglementaires et aux informations de première main sur la chaîne d'approvisionnement.",
/es/insights/,es,information,context-only,Guías de compras y exportación desde China | DDNZ Global,Noticias y análisis del sector,"Noticias y análisis del sector Guías locales, tiempos de tránsito, cambios normativos e inteligencia de cadena de suministro desde Asia. Equipos de cocina comercial · Micas para celular",
/ar/insights/,ar,information,context-only,أدلة التوريد والتصدير من الصين | DDNZ Global,أخبار ورؤى القطاع,أخبار ورؤى القطاع إرشادات محلية ومواعيد شحن وتغييرات تنظيمية ومعلومات سلسلة التوريد من آسيا. معدات المطابخ التجارية · واقيات الشاشة,
/pt/insights/,pt,information,context-only,Guias de sourcing e exportação da China | DDNZ Global,Guias e análises de sourcing,"Guias e análises de sourcing Artigos no idioma original sobre fornecedores, qualidade, logística e mercados.",
/tr/insights/,tr,information,context-only,Çin’den tedarik ve ihracat rehberleri | DDNZ Global,Tedarik rehberleri ve analizler,"Tedarik rehberleri ve analizler Tedarikçiler, kalite, lojistik ve pazarlar hakkında özgün dilinde makaleler.",
/services/sea-freight/,en,freight,pass,"Sea Freight from China | FCL, LCL & Loading Plans | DDNZ Global",One container. Every detail counts.,"One container. Every detail counts. DDNZ / HEAVEN BORN · SEA FREIGHT FROM CHINA From several suppliers to one shipment plan. Full containers, shared loads and consolidation—see the work behind the booking. FCL / LCL / CONSOLIDATION",
/zh-cn/services/sea-freight/,zh-cn,freight,pass,中国海运｜整柜、拼箱与装载规划 | DDNZ Global,一柜货。 每一步，都算数。,一柜货。 每一步，都算数。 DDNZ / HEAVEN BORN · 中国海运 从几家工厂的货，到一票清楚的出运安排。整柜、拼箱、集货与装载，先看现场，再谈方案。 FCL / LCL / CONSOLIDATION,
/ru/services/sea-freight/,ru,freight,pass,Морские перевозки из Китая: важна каждая деталь | DDNZ Global,Морские перевозки из Китая: важна каждая деталь,"Морские перевозки из Китая: важна каждая деталь DDNZ / HEAVEN BORN · FCL / LCL От нескольких поставщиков — к единому плану отправки. Полные контейнеры, сборные грузы и консолидация: посмотрите, какая работа стоит за бронированием. Погрузка, размещение и проверка маркировки. Три отдельных записи показывают обработку груза на площадке.",
/fr/services/sea-freight/,fr,freight,pass,Fret maritime depuis la Chine : chaque détail compte | DDNZ Global,Fret maritime depuis la Chine : chaque détail compte,"Fret maritime depuis la Chine : chaque détail compte DDNZ / HEAVEN BORN · FCL / LCL De plusieurs fournisseurs à un plan d’expédition. Conteneurs complets, groupage et consolidation : découvrez le travail derrière la réservation. Chargement, positionnement et contrôle des marques. Trois séquences distinctes montrent les opérations sur le terrain.",
/es/services/sea-freight/,es,freight,pass,"Transporte marítimo desde China | FCL, LCL y carga | DDNZ Global",Un contenedor. Cada detalle cuenta.,"Un contenedor. Cada detalle cuenta. DDNZ / HEAVEN BORN · TRANSPORTE MARÍTIMO DESDE CHINA De varios proveedores a un plan de envío. Contenedor completo, carga consolidada y preparación: conoce el trabajo antes de reservar. FCL / LCL / CONSOLIDATION",
/ar/services/sea-freight/,ar,freight,pass,الشحن البحري من الصين: كل تفصيل مهم | DDNZ Global,الشحن البحري من الصين: كل تفصيل مهم,الشحن البحري من الصين: كل تفصيل مهم DDNZ / HEAVEN BORN · FCL / LCL من عدة موردين إلى خطة شحن واحدة. حاويات كاملة وشحن جزئي وتجميع: شاهد العمل الذي يسبق الحجز. تحميل وترتيب وفحص علامات الطرود. ثلاثة مقاطع منفصلة توضح المناولة في الموقع.,
/pt/services/sea-freight/,pt,freight,pass,Frete marítimo da China: cada detalhe conta | DDNZ Global,Frete marítimo da China: cada detalhe conta,"Frete marítimo da China: cada detalhe conta DDNZ / HEAVEN BORN · FCL / LCL De vários fornecedores a um plano de embarque. Contêineres completos, carga compartilhada e consolidação: conheça o trabalho por trás da reserva. Carregamento, posicionamento e conferência de marcas. Três registros separados mostram o manuseio no local.",
/tr/services/sea-freight/,tr,freight,pass,Çin’den denizyolu taşımacılığı: her ayrıntı önemli | DDNZ Global,Çin’den denizyolu taşımacılığı: her ayrıntı önemli,"Çin’den denizyolu taşımacılığı: her ayrıntı önemli DDNZ / HEAVEN BORN · FCL / LCL Birden fazla tedarikçiden tek sevkiyat planına. Komple konteyner, parsiyel yük ve konsolidasyon: rezervasyonun arkasındaki işi görün. Yükleme, yerleştirme ve işaret kontrolü. Üç ayrı saha kaydı elleçleme işlerini gösteriyor.",
/services/lcl-shipping-from-china/,en,freight,pass,"LCL Shipping from China | Costs, Packing & Delivery | DDNZ Global",Less than a container. Plan the whole journey.,"Less than a container. Plan the whole journey. LCL / FROM CHINA A few cartons, several pallets or cargo from several suppliers? Start with final packing and the delivery address, then compare freight, warehouse handling and destination delivery together. CARTONS → CFS → DESTINATION",
/zh-cn/services/lcl-shipping-from-china/,zh-cn,freight,pass,中国 LCL 拼箱与集运｜费用、包装与交付 | DDNZ Global,不满一柜， 也要把每一步算清。,不满一柜， 也要把每一步算清。 LCL / FROM CHINA 从中国发货，要发几箱、几托，还是多家供应商一起走？从最终包装和收货地址开始，把拼箱运费、仓库操作和目的地交付放在同一份方案里比较。 CARTONS → CFS → DESTINATION,
/ru/services/lcl-shipping-from-china/,ru,freight,pass,Сборные морские грузы из Китая: планируйте весь путь | DDNZ Global,Сборные морские грузы из Китая: планируйте весь путь,"Сборные морские грузы из Китая: планируйте весь путь LCL · DDNZ GLOBAL Несколько коробок, паллет или заказы от разных поставщиков? Начните с окончательной упаковки и адреса получателя. Сравнивайте морской фрахт, складские операции и выдачу груза в одной смете. Укажите габариты и массу брутто каждого места, приложите фотографии упаковки. Заранее сообщите о хрупком, длинномерном, тяжёлом или нештабелируемом грузе. Приём батарей и жидкостей согласуется отдельно.",
/fr/services/lcl-shipping-from-china/,fr,freight,pass,Groupage maritime depuis la Chine : prévoir tout le trajet | DDNZ Global,Groupage maritime depuis la Chine : prévoir tout le trajet,"Groupage maritime depuis la Chine : prévoir tout le trajet LCL · DDNZ GLOBAL Quelques cartons, plusieurs palettes ou des commandes de plusieurs fournisseurs ? Partez de l’emballage final et de l’adresse de réception. Comparez le fret, les opérations d’entrepôt et la remise à destination dans un même devis. Indiquez les dimensions et le poids brut de chaque colis, avec des photos. Signalez les marchandises fragiles, longues, lourdes ou non gerbables. Confirmez séparément l’acceptation des batteries et liquides.",
/es/services/lcl-shipping-from-china/,es,freight,pass,"Envíos LCL desde China | Costos, embalaje y entrega | DDNZ Global",Menos de un contenedor. Planifica todo el recorrido.,"Menos de un contenedor. Planifica todo el recorrido. LCL / FROM CHINA ¿Unas cajas, varios palés o varios proveedores? Parte del embalaje final y la dirección; compara flete, almacén y entrega en una misma propuesta. CARTONS → CFS → DESTINATION",
/ar/services/lcl-shipping-from-china/,ar,freight,pass,الشحن البحري الجزئي من الصين: خطط للرحلة كاملة | DDNZ Global,الشحن البحري الجزئي من الصين: خطط للرحلة كاملة,الشحن البحري الجزئي من الصين: خطط للرحلة كاملة LCL · DDNZ GLOBAL بضع صناديق أم عدة منصات أم طلبات من موردين مختلفين؟ ابدأ بالتغليف النهائي وعنوان الاستلام. قارن أجرة البحر وعمليات المستودع والتسليم ضمن عرض واحد. قدم الأبعاد والوزن الإجمالي لكل طرد وصور التغليف. وضح مسبقاً إن كانت البضاعة هشة أو طويلة أو ثقيلة أو لا تقبل التكديس. يجب تأكيد قبول البطاريات والسوائل بشكل منفصل.,
/pt/services/lcl-shipping-from-china/,pt,freight,pass,Carga marítima LCL da China: planeje todo o percurso | DDNZ Global,Carga marítima LCL da China: planeje todo o percurso,"Carga marítima LCL da China: planeje todo o percurso LCL · DDNZ GLOBAL Algumas caixas, vários paletes ou pedidos de fornecedores diferentes? Comece pela embalagem final e pelo endereço de recebimento. Compare frete, operações de armazém e entrega no mesmo orçamento. Informe dimensões e peso bruto por volume, com fotos da embalagem. Avise sobre itens frágeis, compridos, pesados ou não empilháveis. Confirme separadamente a aceitação de baterias e líquidos.",
/tr/services/lcl-shipping-from-china/,tr,freight,pass,Çin’den parsiyel denizyolu taşımacılığı: tüm süreci planlayın | DDNZ Global,Çin’den parsiyel denizyolu taşımacılığı: tüm süreci planlayın,"Çin’den parsiyel denizyolu taşımacılığı: tüm süreci planlayın LCL · DDNZ GLOBAL Birkaç koli, birkaç palet veya farklı tedarikçilerin siparişleri mi? Son ambalaj ve teslimat adresiyle başlayın. Navlun, depo işlemleri ve varış teslimini tek teklifte karşılaştırın. Her parçanın ölçülerini, brüt ağırlığını ve ambalaj fotoğraflarını paylaşın. Kırılgan, uzun, ağır veya istiflenemeyen yükü önceden belirtin. Pil ve sıvı kabulünü ayrıca teyit edin.",
/services/dangerous-goods-shipping-from-china/,en,freight,pass,Dangerous goods shipping & container securing | DDNZ Global,Dangerous goods shipping from China & container securing,"Dangerous goods shipping from China & container securing Specialist freight services · HEAVEN BORN Review the information needed before dispatch and see loading records showing lashing, bracing and void filling for different packaging formats. Real loading records",
/zh-cn/services/dangerous-goods-shipping-from-china/,zh-cn,freight,pass,危险品运输与装柜加固 | DDNZ Global,中国危险品出口运输与装柜加固,中国危险品出口运输与装柜加固 专项货运服务 · HEAVEN BORN 从货物资料核对到装柜现场，了解危险品出运需要确认的信息，以及不同包装的绑扎、支撑与填充方式。 实际装柜记录,
/ru/services/dangerous-goods-shipping-from-china/,ru,freight,pass,Перевозка опасных грузов из Китая и крепление в контейнере | DDNZ Global,Перевозка опасных грузов из Китая и крепление в контейнере,"Перевозка опасных грузов из Китая и крепление в контейнере DDNZ / HEAVEN BORN Какие сведения нужны до отправки и как выглядят крепление, распорки и заполнение промежутков при разных видах упаковки: примеры с площадки погрузки. Способ крепления зависит от прочности упаковки, распределения массы, свойств груза и маршрута. Прокладки, упоры и крепёж подбирают для конкретной отправки.",
/fr/services/dangerous-goods-shipping-from-china/,fr,freight,pass,Transport de marchandises dangereuses depuis la Chine et arrimage | DDNZ Global,Transport de marchandises dangereuses depuis la Chine et arrimage,"Transport de marchandises dangereuses depuis la Chine et arrimage DDNZ / HEAVEN BORN Consultez les informations nécessaires avant le départ et des photos d’arrimage, de calage et de remplissage des vides pour différents emballages. La méthode dépend de la résistance de l’emballage, de la répartition du poids, des propriétés de la marchandise et de la route. Calage, blocage et arrimage sont définis pour chaque expédition.",
/es/services/dangerous-goods-shipping-from-china/,es,freight,pass,Mercancías peligrosas y sujeción de carga | DDNZ Global,Transporte de mercancías peligrosas desde China y sujeción de carga,"Transporte de mercancías peligrosas desde China y sujeción de carga Servicios de carga especializada · HEAVEN BORN Consulta la información necesaria antes del embarque y los registros de amarre, refuerzo y relleno para distintos embalajes. Registros reales de carga",
/ar/services/dangerous-goods-shipping-from-china/,ar,freight,pass,شحن البضائع الخطرة من الصين وتثبيتها داخل الحاوية | DDNZ Global,شحن البضائع الخطرة من الصين وتثبيتها داخل الحاوية,شحن البضائع الخطرة من الصين وتثبيتها داخل الحاوية DDNZ / HEAVEN BORN تعرف على المعلومات المطلوبة قبل الإرسال، وشاهد صور الربط والتدعيم وملء الفراغات لأنواع مختلفة من التغليف. تختلف طريقة التثبيت حسب قوة التغليف وتوزيع الوزن وخصائص البضاعة والمسار. تحدد الفواصل والدعامات والأربطة لكل شحنة على حدة.,
/pt/services/dangerous-goods-shipping-from-china/,pt,freight,pass,Transporte de cargas perigosas da China e fixação em contêiner | DDNZ Global,Transporte de cargas perigosas da China e fixação em contêiner,"Transporte de cargas perigosas da China e fixação em contêiner DDNZ / HEAVEN BORN Consulte os dados necessários antes do embarque e fotos de amarração, travamento e preenchimento de espaços para diferentes embalagens. A fixação varia conforme resistência da embalagem, distribuição de peso, propriedades da carga e rota. Apoios, bloqueios e amarrações são definidos para cada embarque.",
/tr/services/dangerous-goods-shipping-from-china/,tr,freight,pass,Çin’den tehlikeli madde taşımacılığı ve konteyner içi sabitleme | DDNZ Global,Çin’den tehlikeli madde taşımacılığı ve konteyner içi sabitleme,"Çin’den tehlikeli madde taşımacılığı ve konteyner içi sabitleme DDNZ / HEAVEN BORN Sevkiyat öncesi gerekli bilgileri inceleyin; farklı ambalajlarda bağlama, destekleme ve boşluk doldurma uygulamalarının saha fotoğraflarını görün. Sabitleme yöntemi ambalaj dayanımı, ağırlık dağılımı, yük özellikleri ve rotaya göre değişir. Ara malzemeler, takozlar ve bağlar her sevkiyat için planlanır.",
/services/air-freight/,en,freight,pass,Air Freight China | Express Air Shipping Agent Shenzhen,"Air freight from China. Urgent cargo, with the acceptance checked first.","Air freight from China. Urgent cargo, with the acceptance checked first. DDNZ / HEAVEN BORN · AIR FREIGHT Choose express, standard or economy air only after chargeable weight, carrier acceptance and destination handover are clear. 01 / SERVICE DECISION",
/zh-cn/services/air-freight/,zh-cn,freight,pass,深圳精密空运货代 | 跨境高时效航空货运报价,中国空运服务。 紧急货，也要先把承运条件核对清楚。,中国空运服务。 紧急货，也要先把承运条件核对清楚。 DDNZ / HEAVEN BORN · AIR FREIGHT 特快、标准或经济空运，都应在计费重、航司收货条件和目的地交接范围明确后再选择。 01 / 服务决策,
/ru/services/air-freight/,ru,freight,pass,Авиаперевозки из Китая | Экспресс отправка Шэньчжэнь,Авиаперевозки из Китая. Срочный груз — только после проверки допуска.,"Авиаперевозки из Китая. Срочный груз — только после проверки допуска. DDNZ / HEAVEN BORN · AIR FREIGHT Экспресс, стандарт или эконом выбираются после расчёта оплачиваемого веса, допуска перевозчика и передачи в пункте назначения. 01 / ВЫБОР УСЛУГИ",
/fr/services/air-freight/,fr,freight,pass,Fret Aérien Chine | Agence de Transit Express Shenzhen,Fret aérien depuis la Chine. L’urgence commence par l’acceptation du fret.,"Fret aérien depuis la Chine. L’urgence commence par l’acceptation du fret. DDNZ / HEAVEN BORN · AIR FREIGHT Express, standard ou économique : le choix vient après le poids taxable, l’acceptation du transporteur et la remise à destination. 01 / CHOIX DU SERVICE",
/es/services/air-freight/,es,freight,pass,Carga aérea desde China | DDNZ Global,Carga aérea desde China. La urgencia empieza por confirmar la aceptación.,"Carga aérea desde China. La urgencia empieza por confirmar la aceptación. DDNZ / HEAVEN BORN · AIR FREIGHT Exprés, estándar o económica: la opción se decide después de confirmar peso facturable, aceptación y entrega en destino. 01 / DECISIÓN DE SERVICIO",
/ar/services/air-freight/,ar,freight,pass,الشحن الجوي من الصين | DDNZ Global,الشحن الجوي من الصين. الشحنة العاجلة تبدأ أولاً بتأكيد القبول.,الشحن الجوي من الصين. الشحنة العاجلة تبدأ أولاً بتأكيد القبول. DDNZ / HEAVEN BORN · AIR FREIGHT يُختار السريع أو القياسي أو الاقتصادي بعد تحديد الوزن المحاسبي وقبول الناقل وتسليم الوجهة. 01 / قرار الخدمة,
/services/amazon-fba/,en,freight,pass,Amazon FBA Prep China | Professional FNSKU Labeling,"Amazon FBA logistics from China. Prep, transport and appointment—one controlled handover.","Amazon FBA logistics from China. Prep, transport and appointment—one controlled handover. DDNZ / HEAVEN BORN · AMAZON FBA Build the plan around the shipment ID, carton rules, importer setup and receiving appointment instead of treating FBA as an ordinary door delivery. 01 / SERVICE DECISION",
/zh-cn/services/amazon-fba/,zh-cn,freight,pass,出口亚马逊FBA仓配 | 双清包税贴标拼箱DDP,中国至 Amazon FBA 物流。 贴标、运输、预约入仓，一次交接管清楚。,中国至 Amazon FBA 物流。 贴标、运输、预约入仓，一次交接管清楚。 DDNZ / HEAVEN BORN · AMAZON FBA 围绕 Shipment ID、外箱规则、进口安排与送仓预约规划，不把 FBA 当成普通到门运输。 01 / 服务决策,
/ru/services/amazon-fba/,ru,freight,pass,Доставка на склады Amazon FBA из КНР | Prep услуги,"Логистика Amazon FBA из Китая. Prep, перевозка и запись — одна контролируемая передача.","Логистика Amazon FBA из Китая. Prep, перевозка и запись — одна контролируемая передача. DDNZ / HEAVEN BORN · AMAZON FBA План строится вокруг Shipment ID, правил коробок, импортёра и записи на приёмку, а не как обычная доставка до двери. 01 / ВЫБОР УСЛУГИ",
/fr/services/amazon-fba/,fr,freight,pass,Logistique Amazon FBA Chine | Service d'Étiquetage,"Logistique Amazon FBA depuis la Chine. Prep, transport et rendez-vous sous un même contrôle.","Logistique Amazon FBA depuis la Chine. Prep, transport et rendez-vous sous un même contrôle. DDNZ / HEAVEN BORN · AMAZON FBA Le plan repose sur le Shipment ID, les règles cartons, l’importateur et le rendez-vous, pas sur une simple livraison porte-à-porte. 01 / CHOIX DU SERVICE",
/es/services/amazon-fba/,es,freight,pass,Logística Amazon FBA desde China | DDNZ Global,"Logística Amazon FBA desde China. Preparación, transporte y cita en una entrega controlada.","Logística Amazon FBA desde China. Preparación, transporte y cita en una entrega controlada. DDNZ / HEAVEN BORN · AMAZON FBA El plan parte del Shipment ID, reglas de cajas, importador y cita de recepción; no de una entrega a domicilio genérica. 01 / DECISIÓN DE SERVICIO",
/ar/services/amazon-fba/,ar,freight,pass,لوجستيات Amazon FBA من الصين | DDNZ Global,لوجستيات Amazon FBA من الصين. التجهيز والنقل والموعد ضمن تسليم واحد مضبوط.,لوجستيات Amazon FBA من الصين. التجهيز والنقل والموعد ضمن تسليم واحد مضبوط. DDNZ / HEAVEN BORN · AMAZON FBA تُبنى الخطة على Shipment ID وقواعد الكراتين والمستورد وموعد الاستلام، لا كأنها توصيل عادي إلى الباب. 01 / قرار الخدمة,
/services/warehouse-services/,en,freight,pass,Secure Warehouse Storage China | Cheap Cross Docking,Warehouse and consolidation in China. One origin-control point for several suppliers.,"Warehouse and consolidation in China. One origin-control point for several suppliers. DDNZ / HEAVEN BORN · WAREHOUSE SERVICES Receive, identify, check and prepare supplier batches before export—without losing track of what arrived, what changed or what was released. 01 / SERVICE DECISION",
/zh-cn/services/warehouse-services/,zh-cn,freight,pass,广州自营出口储运集运仓 | 廉价跨境仓储一件代发,中国仓储与集货服务。 多家供应商，一个始发端控制点。,中国仓储与集货服务。 多家供应商，一个始发端控制点。 DDNZ / HEAVEN BORN · WAREHOUSE SERVICES 出口前完成收货、分批标识、核对与准备，清楚记录到货、变更和最终放行数量。 01 / 服务决策,
/ru/services/warehouse-services/,ru,freight,pass,Услуги склада и консолидации в Гуанчжоу | Кросс-докинг,Склад и консолидация в Китае. Одна точка контроля для нескольких поставщиков.,"Склад и консолидация в Китае. Одна точка контроля для нескольких поставщиков. DDNZ / HEAVEN BORN · WAREHOUSE SERVICES Принять, идентифицировать, проверить и подготовить партии до экспорта, сохранив учёт поступлений, изменений и выпуска. 01 / ВЫБОР УСЛУГИ",
/fr/services/warehouse-services/,fr,freight,pass,Stockage de marchandises en Chine | Transit Express,Entrepôt et consolidation en Chine. Un point de contrôle pour plusieurs fournisseurs.,"Entrepôt et consolidation en Chine. Un point de contrôle pour plusieurs fournisseurs. DDNZ / HEAVEN BORN · WAREHOUSE SERVICES Recevoir, identifier, contrôler et préparer les lots avant export sans perdre la trace des arrivées, modifications et quantités libérées. 01 / CHOIX DU SERVICE",
/es/services/warehouse-services/,es,freight,pass,Almacén y consolidación en China | DDNZ Global,Almacén y consolidación en China. Un punto de control para varios proveedores.,"Almacén y consolidación en China. Un punto de control para varios proveedores. DDNZ / HEAVEN BORN · WAREHOUSE SERVICES Recibir, identificar, revisar y preparar lotes antes de exportar, manteniendo registro de llegadas, cambios y cantidades liberadas. 01 / DECISIÓN DE SERVICIO",
/ar/services/warehouse-services/,ar,freight,pass,التخزين والتجميع في الصين | DDNZ Global,التخزين والتجميع في الصين. نقطة تحكم واحدة لعدة موردين.,التخزين والتجميع في الصين. نقطة تحكم واحدة لعدة موردين. DDNZ / HEAVEN BORN · WAREHOUSE SERVICES استلام الدفعات وتعريفها وفحصها وتجهيزها قبل التصدير مع حفظ سجل ما وصل وما تغيّر وما تم الإفراج عنه. 01 / قرار الخدمة,
/shipping-from-china-to-middle-east/,en,freight,pass,Shipping from China to the Middle East | DDNZ Global Port and gateway network,Shipping from China to the Middle East.,"Shipping from China to the Middle East. CHINA → DESTINATION One region does not mean one shipping or import plan. Review cargo, importer, delivery address and available transport for each country. 01 / Port and gateway network",
/zh-cn/shipping-from-china-to-middle-east/,zh-cn,freight,pass,中国至 中东 | DDNZ Global 港口与门户网络,从中国发往 中东.,从中国发往 中东. 中国 → 目的地 同在一个地区，不代表可以套用同一套运输与进口方案。按目的国核对货物、收货主体、交付地址与可用运输方式。 01 / 港口与门户网络,
/ru/shipping-from-china-to-middle-east/,ru,freight,pass,Доставка из Китая на Ближний Восток | DDNZ Global Сеть портов и переходов,Доставка из Китая на Ближний Восток.,"Доставка из Китая на Ближний Восток. КИТАЙ → НАЗНАЧЕНИЕ Сначала выберите страну. Затем согласуем груз, порт, импортёра и границы доставки в одном плане. 01 / Сеть портов и переходов",
/fr/shipping-from-china-to-middle-east/,fr,freight,pass,Expédier de Chine vers le Moyen-Orient | DDNZ Global Réseau de ports et passages,Expédier de Chine vers le Moyen-Orient.,"Expédier de Chine vers le Moyen-Orient. CHINE → DESTINATION Choisissez d’abord le pays. Nous alignons ensuite le fret, le port, l’importateur et le périmètre de livraison. 01 / Réseau de ports et passages",
/es/shipping-from-china-to-middle-east/,es,freight,pass,Envíos de China a Oriente Medio | DDNZ Global Red de puertos y accesos,Envíos de China a Oriente Medio.,"Envíos de China a Oriente Medio. CHINA → DESTINO Una región no implica un único plan de transporte o importación. Revisar carga, importador, dirección y modalidades por país. 01 / Red de puertos y accesos",
/ar/shipping-from-china-to-middle-east/,ar,freight,pass,الشحن من الصين إلى الشرق الأوسط | DDNZ Global شبكة الموانئ والبوابات,الشحن من الصين إلى الشرق الأوسط.,الشحن من الصين إلى الشرق الأوسط. الصين ← الوجهة اختر بلد الوجهة أولاً، ثم نحدد البضاعة والميناء والمستورد ونطاق التسليم ضمن خطة قابلة للتنفيذ. 01 / شبكة الموانئ والبوابات,
/shipping-from-china-to-central-asia/,en,freight,pass,Shipping from China to Central Asia and Russia. | DDNZ Global China to Central Asia border gateways and destinations,Shipping from China to Central Asia and Russia.,"Shipping from China to Central Asia and Russia. Central Asia & Russia Kazakhstan, Uzbekistan and neighboring markets do not share one border, clearance or delivery plan. Select your destination, cargo and mode before asking for a transit estimate. BUILD YOUR ROUTE",
/zh-cn/shipping-from-china-to-central-asia/,zh-cn,freight,pass,中国到中亚五国及俄罗斯，按货物设计路线。 | DDNZ Global 中国至中亚主要跨境运输口岸与城市,中国到中亚五国及俄罗斯，按货物设计路线。,中国到中亚五国及俄罗斯，按货物设计路线。 中亚五国及俄罗斯 哈萨克斯坦、乌兹别克斯坦及周边国家不能套用同一套口岸、清关和交付安排。先选目的国、货物与运输方式，再谈时效。 组合你的路线,
/ru/shipping-from-china-to-central-asia/,ru,freight,pass,Доставка из Китая в Центральную Азию и Россию. | DDNZ Global Пограничные переходы и пункты назначения Центральной Азии,Доставка из Китая в Центральную Азию и Россию.,"Доставка из Китая в Центральную Азию и Россию. Центральная Азия и Россия Казахстан, Узбекистан и соседние рынки требуют разных переходов, оформления и схем выдачи. Укажите страну, груз и способ перевозки до оценки срока. СОБРАТЬ МАРШРУТ",
/fr/shipping-from-china-to-central-asia/,fr,freight,pass,Expédier de Chine vers l’Asie centrale et la Russie. | DDNZ Global Passages et destinations entre Chine et Asie centrale,Expédier de Chine vers l’Asie centrale et la Russie.,"Expédier de Chine vers l’Asie centrale et la Russie. Asie centrale et Russie Kazakhstan, Ouzbékistan et marchés voisins n’ont pas les mêmes passages ni modalités de livraison. Précisez pays, fret et mode avant de demander un délai. CONSTRUIRE L’ITINÉRAIRE",
/es/shipping-from-china-to-central-asia/,es,freight,pass,Envíos de China a Asia Central y Rusia. | DDNZ Global Pasos fronterizos y destinos de Asia Central,Envíos de China a Asia Central y Rusia.,"Envíos de China a Asia Central y Rusia. Asia Central y Rusia Kazajistán, Uzbekistán y mercados vecinos tienen pasos, despachos y entregas distintos. Indica destino, carga y modo antes de estimar el plazo. CONFIGURAR RUTA",
/ar/shipping-from-china-to-central-asia/,ar,freight,pass,الشحن من الصين إلى آسيا الوسطى وروسيا. | DDNZ Global معابر ووجهات الصين وآسيا الوسطى,الشحن من الصين إلى آسيا الوسطى وروسيا.,الشحن من الصين إلى آسيا الوسطى وروسيا. آسيا الوسطى وروسيا تختلف كازاخستان وأوزبكستان والأسواق المجاورة في المعابر والتخليص والتسليم. حدد الوجهة والبضاعة والوسيلة قبل تقدير المدة. كوّن مسارك,
/shipping-from-china-to-west-africa/,en,freight,pass,Shipping from China to West Africa | DDNZ Global Port and gateway network,Shipping from China to West Africa.,"Shipping from China to West Africa. CHINA → DESTINATION Arrival at port is only one stage. Compare clearance responsibilities, collection, inland delivery and replenishment as one shipment plan. 01 / Port and gateway network",
/zh-cn/shipping-from-china-to-west-africa/,zh-cn,freight,pass,中国至 西非 | DDNZ Global 港口与门户网络,从中国发往 西非.,从中国发往 西非. 中国 → 目的地 海运到港只是其中一段。把清关分工、提货、内陆配送与补货安排放在一起，才能比较一票货的完整成本。 01 / 港口与门户网络,
/ru/shipping-from-china-to-west-africa/,ru,freight,pass,Доставка из Китая в Западную Африку | DDNZ Global Сеть портов и переходов,Доставка из Китая в Западную Африку.,"Доставка из Китая в Западную Африку. КИТАЙ → НАЗНАЧЕНИЕ Сначала выберите страну. Затем согласуем груз, порт, импортёра и границы доставки в одном плане. 01 / Сеть портов и переходов",
/fr/shipping-from-china-to-west-africa/,fr,freight,pass,Expédier de Chine vers l’Afrique de l’Ouest | DDNZ Global Réseau de ports et passages,Expédier de Chine vers l’Afrique de l’Ouest.,"Expédier de Chine vers l’Afrique de l’Ouest. CHINE → DESTINATION Choisissez d’abord le pays. Nous alignons ensuite le fret, le port, l’importateur et le périmètre de livraison. 01 / Réseau de ports et passages",
/es/shipping-from-china-to-west-africa/,es,freight,pass,Envíos de China a África Occidental | DDNZ Global Red de puertos y accesos,Envíos de China a África Occidental.,"Envíos de China a África Occidental. CHINA → DESTINO La llegada al puerto es solo una etapa. Compara despacho, retiro, entrega interior y reposición dentro de un mismo plan. 01 / Red de puertos y accesos",
/ar/shipping-from-china-to-west-africa/,ar,freight,pass,الشحن من الصين إلى غرب أفريقيا | DDNZ Global شبكة الموانئ والبوابات,الشحن من الصين إلى غرب أفريقيا.,الشحن من الصين إلى غرب أفريقيا. الصين ← الوجهة اختر بلد الوجهة أولاً، ثم نحدد البضاعة والميناء والمستورد ونطاق التسليم ضمن خطة قابلة للتنفيذ. 01 / شبكة الموانئ والبوابات,
/shipping-from-china-to-latin-america/,en,freight,pass,Shipping from China to Latin America | DDNZ Global Port and gateway network,Shipping from China to Latin America.,"Shipping from China to Latin America. CHINA → DESTINATION The destination country shapes document requirements; the delivery address shapes the final leg. Select your market, then review the cargo, origin port and delivery scope. 01 / Port and gateway network",
/zh-cn/shipping-from-china-to-latin-america/,zh-cn,freight,pass,中国至 拉美 | DDNZ Global 港口与门户网络,从中国发往 拉美.,从中国发往 拉美. 中国 → 目的地 目的国决定文件要求，交付地址决定后半程。先选市场，再一起确认货物、起运港与交付范围。 01 / 港口与门户网络,
/ru/shipping-from-china-to-latin-america/,ru,freight,pass,Доставка из Китая в Латинскую Америку | DDNZ Global Сеть портов и переходов,Доставка из Китая в Латинскую Америку.,"Доставка из Китая в Латинскую Америку. КИТАЙ → НАЗНАЧЕНИЕ Сначала выберите страну. Затем согласуем груз, порт, импортёра и границы доставки в одном плане. 01 / Сеть портов и переходов",
/fr/shipping-from-china-to-latin-america/,fr,freight,pass,Expédier de Chine vers l’Amérique latine | DDNZ Global Réseau de ports et passages,Expédier de Chine vers l’Amérique latine.,"Expédier de Chine vers l’Amérique latine. CHINE → DESTINATION Choisissez d’abord le pays. Nous alignons ensuite le fret, le port, l’importateur et le périmètre de livraison. 01 / Réseau de ports et passages",
/es/shipping-from-china-to-latin-america/,es,freight,pass,Envíos de China a Latinoamérica | DDNZ Global Red de puertos y accesos,Envíos de China a Latinoamérica.,"Envíos de China a Latinoamérica. CHINA → DESTINO El país define los requisitos documentales; la dirección define el tramo final. Elige tu mercado y revisemos la carga, el puerto de origen y el alcance de entrega. 01 / Red de puertos y accesos",
/ar/shipping-from-china-to-latin-america/,ar,freight,pass,الشحن من الصين إلى أمريكا اللاتينية | DDNZ Global شبكة الموانئ والبوابات,الشحن من الصين إلى أمريكا اللاتينية.,الشحن من الصين إلى أمريكا اللاتينية. الصين ← الوجهة اختر بلد الوجهة أولاً، ثم نحدد البضاعة والميناء والمستورد ونطاق التسليم ضمن خطة قابلة للتنفيذ. 01 / شبكة الموانئ والبوابات,
/get-a-quote/,en,utility,context-only,"Request China Sourcing, Inspection or Freight Support | DDNZ",,,
/zh-cn/get-a-quote/,zh-cn,utility,context-only,提交中国采购、验货、集货或货运需求 | DDNZ Global,,,
/ru/get-a-quote/,ru,utility,context-only,"Запрос на закупку, инспекцию или доставку из Китая | DDNZ",,,
/fr/get-a-quote/,fr,utility,context-only,"Demande sourcing, inspection ou fret depuis la Chine | DDNZ",,,
/es/get-a-quote/,es,utility,context-only,Solicite una cotización de compras y transporte desde China | DDNZ,,,
/ar/get-a-quote/,ar,utility,context-only,اطلب عرض توريد أو شحن من الصين | DDNZ Global,,,
/pt/get-a-quote/,pt,utility,context-only,"Solicite suporte de sourcing, inspeção ou frete | DDNZ",,,
/tr/get-a-quote/,tr,utility,context-only,"Çin tedarik, denetim veya navlun desteği talep edin | DDNZ",,,
/products/,en,product,pass,Product Sourcing from China | DDNZ Global,Source products from China. Build a range you can compare.,"Source products from China. Build a range you can compare. Product Sourcing · Category Overview Buy commercial kitchen equipment, food processing machinery, speakers, mobile accessories and outdoor products from China. Compare models and buying requirements, then send one brief for supplier sourcing, inspection and export coordination. The current representative categories cover commercial kitchen and refrigeration equipment, audio and speakers, mobile accessories and outdoor products.",
/sourcing-services/,en,sourcing-service,pass,China Sourcing Services for Retailers & Importers | DDNZ,Buy closer to China supply while keeping control of what happens next.,"Buy closer to China supply while keeping control of what happens next. China Sourcing Services Buying products from China for a retail range or import project? DDNZ helps you find suppliers, compare quotations, approve samples and coordinate inspection, consolidation and export handoff. The service is designed for importers and retailers that need more control than an online listing or an unrecorded supplier introduction can provide.",
/refrigeration-equipment/,en,product,pass,Commercial Refrigeration Equipment Sourcing | DDNZ,Source commercial refrigeration equipment from China.,"Source commercial refrigeration equipment from China. Product Sourcing · Commercial Refrigeration DDNZ compares commercial refrigerators, prep counters, display cabinets and ice makers against the destination climate, service environment and approved configuration. A comparable refrigeration quotation should identify the model, dimensions, usable volume, ambient class, refrigerant, voltage, temperature range, component access and packing.",
/sourcing/commercial-kitchen-equipment-from-china/,en,product,pass,Commercial Kitchen Equipment from China | DDNZ Global,Commercial kitchen equipment. Sourced in China.,"Commercial kitchen equipment. Sourced in China. For importers, wholesalers & distributors Source commercial kitchen equipment from China for your wholesale range. Compare 26 equipment models. Compare capacity, indicative supply prices and local retail references, then request a quote for your market. Serving buyers sourcing for the UAE, Singapore and Mexico.",
/es/sourcing/commercial-kitchen-equipment-from-china/,es,product,pass,Equipos de cocina comercial de China | DDNZ Global,Equipos de cocina comercial. Abastecimiento desde China.,"Equipos de cocina comercial. Abastecimiento desde China. PARA IMPORTADORES, MAYORISTAS Y DISTRIBUIDORES Prepare un surtido mayorista con 26 modelos. Compare capacidades , medidas , precios orientativos de suministro y referencias minoristas antes de solicitar una cotizaci ó n para su mercado. Equipos",
/ar/sourcing/commercial-kitchen-equipment-from-china/,ar,product,pass,معدات المطابخ التجارية من الصين | DDNZ Global,معدات المطابخ التجارية. توريد من الصين.,معدات المطابخ التجارية. توريد من الصين. للمستوردين وتجار الجملة والموزعين جهّز تشكيلة للبيع بالجملة من ٢٦ طرازًا. قارن السعات والأبعاد وأسعار التوريد الاسترشادية ومراجع التجزئة المحلية، ثم اطلب عرض سعر لسوقك. المعدات,
/sourcing/restaurant-kitchen-packages-from-china/,en,product,pass,Restaurant Kitchen Packages from China | Layout + Equipment | DDNZ,Plan the kitchen. Buy from China.,"Plan the kitchen. Buy from China. Restaurant Kitchen Packages · Layout + Equipment For first-time restaurant founders, growing food-service brands and equipment distributors. DDNZ connects a dimensioned concept layout, coordinated equipment package and China sourcing plan. Choose a quick-service, cafe and light-meal, or casual-dining scenario. Each package connects operating flow, equipment groups, utilities, supplier comparison, inspection and export handoff.",
/sourcing/restaurant-kitchen-packages-from-china/takeaway-qsr/,en,product,pass,Takeaway and QSR Kitchen Package from China | DDNZ,Takeaway + QSR kitchen equipment package from China,"Takeaway + QSR kitchen equipment package from China COMPLETE CONCEPT + PDF Source a takeaway + qsr kitchen equipment package from China around your menu, floor plan and utility requirements. A straight production line for fried, grilled and delivery-led menus. Receiving stays at the rear, prep feeds one hot line, and the pass faces pickup. Dirty ware returns on the opposite side.",
/sourcing/restaurant-kitchen-packages-from-china/cafe-light-meals/,en,product,pass,Cafe and Light Meals Kitchen Package from China | DDNZ,Cafe + light meals kitchen equipment package from China,"Cafe + light meals kitchen equipment package from China COMPLETE CONCEPT + PDF Source a cafe + light meals kitchen equipment package from China around your menu, floor plan and utility requirements. An L-shaped service bar that keeps coffee, ice and cold prep within reach. Customers move along display and payment. Staff work inside the bar triangle while receiving and washing stay behind the service line.",
/sourcing/restaurant-kitchen-packages-from-china/casual-dining/,en,product,pass,Casual Dining Kitchen Package from China | DDNZ,Casual dining kitchen equipment package from China,"Casual dining kitchen equipment package from China COMPLETE CONCEPT + PDF Source a casual dining kitchen equipment package from China around your menu, floor plan and utility requirements. A zoned back-of-house with separate raw prep, hot production and warewashing. A central production aisle connects cold prep to the cook line. The dish return reaches wash without crossing the plating pass.",
/sourcing/restaurant-kitchen-packages-from-china/bakery-pastry/,en,product,pass,Bakery and Pastry Kitchen Package from China | DDNZ,Bakery + pastry kitchen equipment package from China,"Bakery + pastry kitchen equipment package from China SCENARIO BRIEF Source a bakery + pastry kitchen equipment package from China around your menu, floor plan and utility requirements. Separate dough, heat and finishing so each batch moves forward once. Receiving feeds dry and cold storage, followed by mixing and make-up, proofing, baking, cooling and decoration. Wash returns on the service side without crossing finished goods.",
/sourcing/restaurant-kitchen-packages-from-china/pizza-shop/,en,product,pass,Pizza Shop Kitchen Package from China | DDNZ,Pizza shop kitchen equipment package from China,"Pizza shop kitchen equipment package from China SCENARIO BRIEF Source a pizza shop kitchen equipment package from China around your menu, floor plan and utility requirements. Keep dough, topping, baking and pickup in one visible production rhythm. Cold holding and dough preparation sit behind the make line. The oven lands beside cut and box, while dish return reaches wash from the opposite side.",
/sourcing/restaurant-kitchen-packages-from-china/cloud-kitchen/,en,product,pass,Cloud Kitchen Package from China | DDNZ,Cloud kitchen kitchen equipment package from China,"Cloud kitchen kitchen equipment package from China SCENARIO BRIEF Source a cloud kitchen kitchen equipment package from China around your menu, floor plan and utility requirements. Share receiving, cold storage, washing and dispatch without mixing production pods. Three menu pods connect to common receiving, cold holding, warewashing and rider dispatch. Each pod keeps its own preparation and hot line so brands can operate independently.",
/sourcing/audio-speakers-from-china/,en,product,pass,Audio & Speaker Sourcing from China | DDNZ,Source audio and speaker products from China with every sellable configuration defined.,"Source audio and speaker products from China with every sellable configuration defined. Product Sourcing · Audio & Speakers For importers, distributors, electronics wholesalers, event suppliers and private-label brands. DDNZ compares complete configurations and coordinates samples, inspection evidence, consolidation and export handoff. The category covers portable and party speakers, professional and installed audio, microphones, headphones, amplifiers, plus the batteries, adapters, accessories, packaging and branding that determine the real sellable unit.",
/portable-power/selection-guide/,en,information,context-only,"Portable Power Explained: Capacity, Loads & Charging | DDNZ",Picture your day. Find your power.,"Picture your day. Find your power. DDNZ / THE VISUAL POWER GUIDE Explore a scene, choose your appliances and compare six reference models. See what your power station could do for your day. Power station",
/es/portable-power/selection-guide/,es,information,context-only,"Guía visual de energía portátil: capacidad, cargas y carga | DDNZ",Imagine su día. Encuentre su energía.,"Imagine su día. Encuentre su energía. DDNZ / GUÍA VISUAL DE ENERGÍA Explore un escenario, elija sus aparatos y compare seis modelos de referencia. Descubra qué podría hacer su estación por su día. Estación de energía",
/ar/portable-power/selection-guide/,ar,information,context-only,دليل مرئي للطاقة المتنقلة: السعة والأحمال والشحن | DDNZ,تخيّل يومك. واختر طاقتك.,تخيّل يومك. واختر طاقتك. DDNZ / الدليل المرئي للطاقة استكشف مشهداً واختر أجهزتك وقارن ستة طرازات مرجعية. شاهد ما يمكن لمحطة الطاقة أن تقدمه ليومك. محطة الطاقة,
/sourcing/outdoor-products-from-china/,en,product,pass,Outdoor Equipment Sourcing from China | DDNZ Global,Build the kit. Know the limits.,"Build the kit. Know the limits. OUTDOOR SOURCING / POWER · SOLAR · COLD Source portable power stations, folding solar panels and portable refrigerators from China. Start with the load, climate and sales channel. Compare real product references, then approve the combination that your order must deliver. Compare six models. Try your appliances. See how long they could run.",
/es/sourcing/outdoor-products-from-china/,es,product,pass,Energía solar y refrigeración portátil | DDNZ Global,Forme el equipo. Conozca sus límites.,"Forme el equipo. Conozca sus límites. COMPRAS OUTDOOR / ENERGÍA · SOLAR · FRÍO Compre estaciones de energía, paneles solares plegables y neveras portátiles en China. Empiece por la carga, el clima y el canal de venta. Compare referencias concretas y apruebe la combinación que debe entregar su pedido. Compare seis modelos. Pruebe sus aparatos y estime cuánto durarían.",
/ar/sourcing/outdoor-products-from-china/,ar,product,pass,توريد الطاقة الشمسية والتبريد المتنقل | DDNZ Global,جهّز المنظومة. وافهم حدودها.,جهّز المنظومة. وافهم حدودها. توريد المنتجات الخارجية / طاقة · شمس · تبريد احصل على محطات طاقة وألواح شمسية قابلة للطي وثلاجات متنقلة من الصين. ابدأ بالحمل والمناخ وقناة البيع. قارن مراجع منتجات محددة، ثم اعتمد المنظومة التي يجب أن يطابقها طلبك. قارن ستة طرازات. جرّب أجهزتك وقدّر مدة تشغيلها.,
/sourcing-services/supplier-search/,en,sourcing-service,pass,China Supplier Search & Comparison | DDNZ Global,Shortlist China suppliers against one comparable buying brief.,"Shortlist China suppliers against one comparable buying brief. Supplier search & comparison DDNZ turns product references and market requirements into a structured brief, searches suitable manufacturers and normalizes quotations before a buyer chooses whom to sample or audit. Confirm use, destination, specification, quantity, budget and timing.",
/zh-cn/sourcing-services/supplier-search/,zh-cn,sourcing-service,pass,中国供应商搜索与比价 | DDNZ Global,用统一采购需求筛选并比较中国供应商。,用统一采购需求筛选并比较中国供应商。 供应商搜索与比价 DDNZ 将产品参考与目的市场要求整理成结构化采购需求，搜索适合的制造商，并统一报价口径，帮助买家决定后续打样、验厂或谈判对象。 确认用途、目的地、规格、数量、预算和时间。,
/ru/sourcing-services/supplier-search/,ru,sourcing-service,pass,Поиск и сравнение поставщиков в Китае | DDNZ,Сравните поставщиков из Китая по единому закупочному заданию.,"Сравните поставщиков из Китая по единому закупочному заданию. Поиск и сравнение поставщиков DDNZ формирует структурированный бриф, ищет подходящих производителей и приводит предложения к сопоставимому виду до выбора образцов или аудита. Согласовать применение, рынок, спецификацию, объем, бюджет и сроки.",
/fr/sourcing-services/supplier-search/,fr,sourcing-service,pass,Recherche et comparaison fournisseurs en Chine | DDNZ,Comparez les fournisseurs chinois sur un brief d’achat commun.,"Comparez les fournisseurs chinois sur un brief d’achat commun. Recherche et comparaison fournisseurs DDNZ transforme vos références et exigences marché en brief structuré, recherche des fabricants adaptés et normalise les offres avant les échantillons ou l’audit. Confirmer usage, destination, spécifications, volume, budget et délai.",
/es/sourcing-services/supplier-search/,es,sourcing-service,pass,Búsqueda y comparación de proveedores en China | DDNZ,Compare proveedores chinos con un único brief de compra.,"Compare proveedores chinos con un único brief de compra. Búsqueda y comparación de proveedores DDNZ convierte referencias y requisitos de mercado en un brief estructurado, busca fabricantes adecuados y normaliza las cotizaciones antes de elegir muestras o auditorías. Confirmar uso, destino, especificaciones, cantidad, presupuesto y plazo.",
/ar/sourcing-services/supplier-search/,ar,sourcing-service,pass,البحث عن الموردين ومقارنتهم في الصين | DDNZ,قارن موردي الصين وفق موجز شراء واحد قابل للمقارنة.,قارن موردي الصين وفق موجز شراء واحد قابل للمقارنة. البحث عن الموردين والمقارنة تحول DDNZ مراجع المنتج ومتطلبات السوق إلى موجز منظم، وتبحث عن مصنعين مناسبين وتوحد عروض الأسعار قبل اختيار العينات أو التدقيق. تأكيد الاستخدام والوجهة والمواصفات والكمية والميزانية والموعد.,
/pt/sourcing-services/supplier-search/,pt,sourcing-service,pass,Busca e comparação de fornecedores na China | DDNZ,Compare fornecedores chineses com um único brief de compra.,"Compare fornecedores chineses com um único brief de compra. Busca e comparação de fornecedores A DDNZ estrutura as referências e exigências do mercado, busca fabricantes e normaliza as cotações antes da escolha de amostras ou auditorias. Confirmar uso, destino, especificação, quantidade, orçamento e prazo.",
/tr/sourcing-services/supplier-search/,tr,sourcing-service,pass,Çin’de tedarikçi arama ve karşılaştırma | DDNZ,Çin tedarikçilerini tek bir karşılaştırılabilir talebe göre değerlendirin.,"Çin tedarikçilerini tek bir karşılaştırılabilir talebe göre değerlendirin. Tedarikçi arama ve karşılaştırma DDNZ ürün referanslarını ve pazar gerekliliklerini yapılandırır, uygun üreticileri arar ve numune veya denetim kararından önce teklifleri normalize eder. Kullanım, varış, özellik, miktar, bütçe ve zamanı onayla.",
/sourcing-services/inspection-quality-control/,en,sourcing-service,pass,China Inspection & Quality Control | DDNZ Global,Pre-shipment inspection and quality control in China.,"Pre-shipment inspection and quality control in China. Inspection & quality control DDNZ converts approved specifications into an inspection checklist, coordinates on-site checks and returns traceable photo, quantity, function and packing evidence before release. Confirm model, approved sample, quantities, specifications and acceptance points.",
/zh-cn/sourcing-services/inspection-quality-control/,zh-cn,sourcing-service,pass,中国验货与质量控制 | DDNZ Global,中国出货前验货与质量控制。,中国出货前验货与质量控制。 验货与质量控制 DDNZ 将已确认规格转化为验货清单，协调现场检查，并在放货前提供可追溯的照片、数量、功能和包装证据。 确认型号、样品、数量、规格和验收点。,
/ru/sourcing-services/inspection-quality-control/,ru,sourcing-service,pass,Инспекция и контроль качества в Китае | DDNZ,Предотгрузочная инспекция и контроль качества в Китае.,"Предотгрузочная инспекция и контроль качества в Китае. Инспекция и контроль качества DDNZ превращает утвержденные требования в чек-лист, организует инспекцию и предоставляет фото, количество, функции и упаковку до выпуска товара. Подтвердить модель, образец, количество и критерии.",
/fr/sourcing-services/inspection-quality-control/,fr,sourcing-service,pass,Inspection et contrôle qualité en Chine | DDNZ,Inspection avant expédition et contrôle qualité en Chine.,"Inspection avant expédition et contrôle qualité en Chine. Inspection et contrôle qualité DDNZ transforme les spécifications approuvées en checklist, coordonne les contrôles sur site et fournit des preuves traçables avant libération. Confirmer modèle, échantillon, quantités et critères.",
/es/sourcing-services/inspection-quality-control/,es,sourcing-service,pass,Inspección y control de calidad en China | DDNZ,Inspección previa al envío y control de calidad en China.,"Inspección previa al envío y control de calidad en China. Inspección y control de calidad DDNZ convierte las especificaciones aprobadas en una lista de inspección, coordina controles in situ y entrega pruebas trazables antes de liberar la mercancía. Confirmar modelo, muestra, cantidades y criterios.",
/ar/sourcing-services/inspection-quality-control/,ar,sourcing-service,pass,الفحص ومراقبة الجودة في الصين | DDNZ,فحص ما قبل الشحن ومراقبة الجودة في الصين.,فحص ما قبل الشحن ومراقبة الجودة في الصين. الفحص ومراقبة الجودة تحول DDNZ المواصفات المعتمدة إلى قائمة فحص وتنسق الفحص الميداني وتقدم أدلة قابلة للتتبع قبل الإفراج عن البضائع. تأكيد النموذج والعينة والكميات والمعايير.,
/pt/sourcing-services/inspection-quality-control/,pt,sourcing-service,pass,Inspeção e controle de qualidade na China | DDNZ,Inspeção pré-embarque e controle de qualidade na China.,"Inspeção pré-embarque e controle de qualidade na China. Inspeção e controle de qualidade A DDNZ transforma especificações aprovadas em checklist, coordena verificações no local e devolve evidências rastreáveis antes da liberação. Confirmar modelo, amostra, quantidades e critérios.",
/tr/sourcing-services/inspection-quality-control/,tr,sourcing-service,pass,Çin’de denetim ve kalite kontrol | DDNZ,Çin’de sevkiyat öncesi denetim ve kalite kontrolü.,"Çin’de sevkiyat öncesi denetim ve kalite kontrolü. Denetim ve kalite kontrol DDNZ onaylı özellikleri kontrol listesine dönüştürür, yerinde kontrolleri koordine eder ve serbest bırakmadan önce izlenebilir kanıtları sunar. Model, numune, miktar ve kabul noktalarını doğrula.",
/sourcing-services/consolidation-export/,en,sourcing-service,pass,China Order Consolidation & Export | DDNZ Global,Consolidation and export support in China for multi-supplier orders.,"Consolidation and export support in China for multi-supplier orders. Consolidation & export DDNZ coordinates supplier readiness, receiving, count and packing checks, shipment reconciliation and the handoff to Heaven Born for international freight execution when engaged. Confirm suppliers, order status, cargo data, destination and required release checks.",
/zh-cn/sourcing-services/consolidation-export/,zh-cn,sourcing-service,pass,中国集货与出口交付 | DDNZ Global,中国多供应商订单集货与出口协同。,中国多供应商订单集货与出口协同。 集货与出口交付 DDNZ 协调供应商完工、收货、数量与包装检查、出货核对；如委托国际货运，则交接给 Heaven Born 执行。 确认供应商、订单状态、货物数据、目的地和放货检查。,
/ru/sourcing-services/consolidation-export/,ru,sourcing-service,pass,Консолидация заказов и экспорт из Китая | DDNZ,Консолидация заказов и экспортная координация в Китае.,"Консолидация заказов и экспортная координация в Китае. Консолидация и экспорт DDNZ координирует готовность поставщиков, приемку, проверку количества и упаковки, сверку отправки и передачу Heaven Born для международной перевозки. Подтвердить поставщиков, статус заказов, груз и проверки.",
/fr/sourcing-services/consolidation-export/,fr,sourcing-service,pass,Consolidation de commandes et export Chine | DDNZ,Consolidation des commandes et coordination export en Chine.,"Consolidation des commandes et coordination export en Chine. Consolidation et export DDNZ coordonne la disponibilité fournisseurs, la réception, le comptage, l’emballage, le rapprochement et la transmission à Heaven Born lorsque le fret est inclus. Confirmer fournisseurs, commandes, données cargo et contrôles.",
/es/sourcing-services/consolidation-export/,es,sourcing-service,pass,Consolidación de pedidos y exportación desde China | DDNZ,Consolidación de pedidos y coordinación de exportación en China.,"Consolidación de pedidos y coordinación de exportación en China. Consolidación y exportación DDNZ coordina preparación de proveedores, recepción, recuento, embalaje, conciliación y entrega a Heaven Born cuando se contrata el transporte internacional. Confirmar proveedores, pedidos, carga y controles.",
/ar/sourcing-services/consolidation-export/,ar,sourcing-service,pass,تجميع الطلبات والتصدير من الصين | DDNZ,تجميع الطلبات وتنسيق التصدير في الصين.,تجميع الطلبات وتنسيق التصدير في الصين. التجميع والتصدير تنسق DDNZ جاهزية الموردين والاستلام وعدّ الطرود وفحص التعبئة ومطابقة الشحنة والتسليم إلى Heaven Born عند تضمين الشحن الدولي. تأكيد الموردين وحالة الطلب وبيانات البضاعة والفحوص.,
/pt/sourcing-services/consolidation-export/,pt,sourcing-service,pass,Consolidação de pedidos e exportação da China | DDNZ,Consolidação de pedidos e coordenação de exportação na China.,"Consolidação de pedidos e coordenação de exportação na China. Consolidação e exportação A DDNZ coordena prontidão dos fornecedores, recebimento, contagem, embalagem, conciliação e entrega à Heaven Born quando o frete internacional está incluído. Confirmar fornecedores, pedidos, dados da carga e controles.",
/tr/sourcing-services/consolidation-export/,tr,sourcing-service,pass,Çin sipariş konsolidasyonu ve ihracat | DDNZ,Çin’de sipariş konsolidasyonu ve ihracat koordinasyonu.,"Çin’de sipariş konsolidasyonu ve ihracat koordinasyonu. Konsolidasyon ve ihracat DDNZ tedarikçi hazırlığını, teslim almayı, sayım ve ambalaj kontrollerini, sevkiyat uzlaştırmasını ve kapsamdaysa Heaven Born teslimini koordine eder. Tedarikçileri, sipariş durumunu, yük verisini ve kontrolleri onayla.",
/shipping-from-china-to-saudi-arabia/,en,freight,review,Shipping from China to Saudi Arabia | DDNZ Global,,,No H1/body in static HTML; inspect rendered route
/zh-cn/shipping-from-china-to-saudi-arabia/,zh-cn,freight,review,中国至沙特阿拉伯国际货运 | 华正邦泰,,,No H1/body in static HTML; inspect rendered route
/ru/shipping-from-china-to-saudi-arabia/,ru,freight,review,Доставка из Китая в Саудовскую Аравию | DDNZ Global,,,No H1/body in static HTML; inspect rendered route
/fr/shipping-from-china-to-saudi-arabia/,fr,freight,review,Expédition de Chine vers l’Arabie saoudite | DDNZ Global,,,No H1/body in static HTML; inspect rendered route
/es/shipping-from-china-to-saudi-arabia/,es,freight,review,Envíos de China a Arabia Saudita | DDNZ Global,,,No H1/body in static HTML; inspect rendered route
/ar/shipping-from-china-to-saudi-arabia/,ar,freight,review,الشحن من الصين إلى السعودية | DDNZ Global,,,No H1/body in static HTML; inspect rendered route
/shipping-from-china-to-uae/,en,freight,pass,Shipping from China to UAE | Sea Freight & Delivery | DDNZ Global,China to UAE. Plan beyond the port.,"China to UAE. Plan beyond the port. CHINA → UNITED ARAB EMIRATES Dubai, Abu Dhabi or another receiving point? Plan full or shared containers around the actual address, with port or door responsibilities clearly defined. CHINA → UAE",
/zh-cn/shipping-from-china-to-uae/,zh-cn,freight,pass,中国到阿联酋货运｜海运、拆柜与交付安排 | DDNZ Global,中国到阿联酋。 把到港之后， 也安排清楚。,中国到阿联酋。 把到港之后， 也安排清楚。 CHINA → UNITED ARAB EMIRATES 货是送到迪拜、阿布扎比，还是其他收货点？整柜或拼箱、到港或到门，先把收货地址和责任范围放进同一份方案。 CHINA → UAE,
/ru/shipping-from-china-to-uae/,ru,freight,review,Доставка из Китая в ОАЭ | DDNZ Global,,,No H1/body in static HTML; inspect rendered route
/fr/shipping-from-china-to-uae/,fr,freight,review,Expédition de Chine vers les Émirats arabes unis | DDNZ Global,,,No H1/body in static HTML; inspect rendered route
/es/shipping-from-china-to-uae/,es,freight,pass,Envíos de China a EAU | Transporte y entrega | DDNZ Global,De China a EAU. Planificar más allá del puerto.,"De China a EAU. Planificar más allá del puerto. CHINA → UNITED ARAB EMIRATES ¿Dubái, Abu Dabi u otro destino? Planificar contenedor completo o consolidado según la dirección y las responsabilidades de entrega. CHINA → UAE",
/ar/shipping-from-china-to-uae/,ar,freight,review,الشحن من الصين إلى الإمارات | DDNZ Global,,,No H1/body in static HTML; inspect rendered route
/shipping-from-china-to-kuwait/,en,freight,review,Shipping from China to Kuwait | DDNZ Global,,,No H1/body in static HTML; inspect rendered route
/zh-cn/shipping-from-china-to-kuwait/,zh-cn,freight,review,中国至科威特国际货运 | 华正邦泰,,,No H1/body in static HTML; inspect rendered route
/ru/shipping-from-china-to-kuwait/,ru,freight,review,Доставка из Китая в Кувейт | DDNZ Global,,,No H1/body in static HTML; inspect rendered route
/fr/shipping-from-china-to-kuwait/,fr,freight,review,Expédition de Chine vers le Koweït | DDNZ Global,,,No H1/body in static HTML; inspect rendered route
/es/shipping-from-china-to-kuwait/,es,freight,review,Envíos de China a Kuwait | DDNZ Global,,,No H1/body in static HTML; inspect rendered route
/ar/shipping-from-china-to-kuwait/,ar,freight,review,الشحن من الصين إلى الكويت | DDNZ Global,,,No H1/body in static HTML; inspect rendered route
/shipping-from-china-to-qatar/,en,freight,review,Shipping from China to Qatar | DDNZ Global,,,No H1/body in static HTML; inspect rendered route
/zh-cn/shipping-from-china-to-qatar/,zh-cn,freight,review,中国至卡塔尔国际货运 | 华正邦泰,,,No H1/body in static HTML; inspect rendered route
/ru/shipping-from-china-to-qatar/,ru,freight,review,Доставка из Китая в Катар | DDNZ Global,,,No H1/body in static HTML; inspect rendered route
/fr/shipping-from-china-to-qatar/,fr,freight,review,Expédition de Chine vers le Qatar | DDNZ Global,,,No H1/body in static HTML; inspect rendered route
/es/shipping-from-china-to-qatar/,es,freight,review,Envíos de China a Catar | DDNZ Global,,,No H1/body in static HTML; inspect rendered route
/ar/shipping-from-china-to-qatar/,ar,freight,review,الشحن من الصين إلى قطر | DDNZ Global,,,No H1/body in static HTML; inspect rendered route
/shipping-from-china-to-oman/,en,freight,review,Shipping from China to Oman | DDNZ Global,,,No H1/body in static HTML; inspect rendered route
/zh-cn/shipping-from-china-to-oman/,zh-cn,freight,review,中国至阿曼国际货运 | 华正邦泰,,,No H1/body in static HTML; inspect rendered route
/ru/shipping-from-china-to-oman/,ru,freight,review,Доставка из Китая в Оман | DDNZ Global,,,No H1/body in static HTML; inspect rendered route
/fr/shipping-from-china-to-oman/,fr,freight,review,Expédition de Chine vers Oman | DDNZ Global,,,No H1/body in static HTML; inspect rendered route
/es/shipping-from-china-to-oman/,es,freight,review,Envíos de China a Omán | DDNZ Global,,,No H1/body in static HTML; inspect rendered route
/ar/shipping-from-china-to-oman/,ar,freight,review,الشحن من الصين إلى عُمان | DDNZ Global,,,No H1/body in static HTML; inspect rendered route
/shipping-from-china-to-bahrain/,en,freight,review,Shipping from China to Bahrain | DDNZ Global,,,No H1/body in static HTML; inspect rendered route
/zh-cn/shipping-from-china-to-bahrain/,zh-cn,freight,review,中国至巴林国际货运 | 华正邦泰,,,No H1/body in static HTML; inspect rendered route
/ru/shipping-from-china-to-bahrain/,ru,freight,review,Доставка из Китая в Бахрейн | DDNZ Global,,,No H1/body in static HTML; inspect rendered route
/fr/shipping-from-china-to-bahrain/,fr,freight,review,Expédition de Chine vers Bahreïn | DDNZ Global,,,No H1/body in static HTML; inspect rendered route
/es/shipping-from-china-to-bahrain/,es,freight,review,Envíos de China a Baréin | DDNZ Global,,,No H1/body in static HTML; inspect rendered route
/ar/shipping-from-china-to-bahrain/,ar,freight,review,الشحن من الصين إلى البحرين | DDNZ Global,,,No H1/body in static HTML; inspect rendered route
/shipping-from-china-to-kazakhstan/,en,freight,review,Shipping from China to Kazakhstan | DDNZ Global,,,No H1/body in static HTML; inspect rendered route
/zh-cn/shipping-from-china-to-kazakhstan/,zh-cn,freight,review,中国至哈萨克斯坦国际货运 | 华正邦泰,,,No H1/body in static HTML; inspect rendered route
/ru/shipping-from-china-to-kazakhstan/,ru,freight,review,Доставка из Китая в Казахстан | DDNZ Global,,,No H1/body in static HTML; inspect rendered route
/fr/shipping-from-china-to-kazakhstan/,fr,freight,review,Expédition de Chine vers le Kazakhstan | DDNZ Global,,,No H1/body in static HTML; inspect rendered route
/es/shipping-from-china-to-kazakhstan/,es,freight,review,Envíos de China a Kazajistán | DDNZ Global,,,No H1/body in static HTML; inspect rendered route
/ar/shipping-from-china-to-kazakhstan/,ar,freight,review,الشحن من الصين إلى كازاخستان | DDNZ Global,,,No H1/body in static HTML; inspect rendered route
/shipping-from-china-to-uzbekistan/,en,freight,review,Shipping from China to Uzbekistan | DDNZ Global,,,No H1/body in static HTML; inspect rendered route
/zh-cn/shipping-from-china-to-uzbekistan/,zh-cn,freight,review,中国至乌兹别克斯坦国际货运 | 华正邦泰,,,No H1/body in static HTML; inspect rendered route
/ru/shipping-from-china-to-uzbekistan/,ru,freight,review,Доставка из Китая в Узбекистан | DDNZ Global,,,No H1/body in static HTML; inspect rendered route
/fr/shipping-from-china-to-uzbekistan/,fr,freight,review,Expédition de Chine vers l’Ouzbékistan | DDNZ Global,,,No H1/body in static HTML; inspect rendered route
/es/shipping-from-china-to-uzbekistan/,es,freight,review,Envíos de China a Uzbekistán | DDNZ Global,,,No H1/body in static HTML; inspect rendered route
/ar/shipping-from-china-to-uzbekistan/,ar,freight,review,الشحن من الصين إلى أوزبكستان | DDNZ Global,,,No H1/body in static HTML; inspect rendered route
/shipping-from-china-to-kyrgyzstan/,en,freight,review,Shipping from China to Kyrgyzstan | DDNZ Global,,,No H1/body in static HTML; inspect rendered route
/zh-cn/shipping-from-china-to-kyrgyzstan/,zh-cn,freight,review,中国至吉尔吉斯斯坦国际货运 | 华正邦泰,,,No H1/body in static HTML; inspect rendered route
/ru/shipping-from-china-to-kyrgyzstan/,ru,freight,review,Доставка из Китая в Кыргызстан | DDNZ Global,,,No H1/body in static HTML; inspect rendered route
/fr/shipping-from-china-to-kyrgyzstan/,fr,freight,review,Expédition de Chine vers le Kirghizistan | DDNZ Global,,,No H1/body in static HTML; inspect rendered route
/es/shipping-from-china-to-kyrgyzstan/,es,freight,review,Envíos de China a Kirguistán | DDNZ Global,,,No H1/body in static HTML; inspect rendered route
/ar/shipping-from-china-to-kyrgyzstan/,ar,freight,review,الشحن من الصين إلى قيرغيزستان | DDNZ Global,,,No H1/body in static HTML; inspect rendered route
/shipping-from-china-to-tajikistan/,en,freight,review,Shipping from China to Tajikistan | DDNZ Global,,,No H1/body in static HTML; inspect rendered route
/zh-cn/shipping-from-china-to-tajikistan/,zh-cn,freight,review,中国至塔吉克斯坦国际货运 | 华正邦泰,,,No H1/body in static HTML; inspect rendered route
/ru/shipping-from-china-to-tajikistan/,ru,freight,review,Доставка из Китая в Таджикистан | DDNZ Global,,,No H1/body in static HTML; inspect rendered route
/fr/shipping-from-china-to-tajikistan/,fr,freight,review,Expédition de Chine vers le Tadjikistan | DDNZ Global,,,No H1/body in static HTML; inspect rendered route
/es/shipping-from-china-to-tajikistan/,es,freight,review,Envíos de China a Tayikistán | DDNZ Global,,,No H1/body in static HTML; inspect rendered route
/ar/shipping-from-china-to-tajikistan/,ar,freight,review,الشحن من الصين إلى طاجيكستان | DDNZ Global,,,No H1/body in static HTML; inspect rendered route
/shipping-from-china-to-turkmenistan/,en,freight,review,Shipping from China to Turkmenistan | DDNZ Global,,,No H1/body in static HTML; inspect rendered route
/zh-cn/shipping-from-china-to-turkmenistan/,zh-cn,freight,review,中国至土库曼斯坦国际货运 | 华正邦泰,,,No H1/body in static HTML; inspect rendered route
/ru/shipping-from-china-to-turkmenistan/,ru,freight,review,Доставка из Китая в Туркменистан | DDNZ Global,,,No H1/body in static HTML; inspect rendered route
/fr/shipping-from-china-to-turkmenistan/,fr,freight,review,Expédition de Chine vers le Turkménistan | DDNZ Global,,,No H1/body in static HTML; inspect rendered route
/es/shipping-from-china-to-turkmenistan/,es,freight,review,Envíos de China a Turkmenistán | DDNZ Global,,,No H1/body in static HTML; inspect rendered route
/ar/shipping-from-china-to-turkmenistan/,ar,freight,review,الشحن من الصين إلى تركمانستان | DDNZ Global,,,No H1/body in static HTML; inspect rendered route
/shipping-from-china-to-russia/,en,freight,review,Shipping from China to Russia | DDNZ Global,,,No H1/body in static HTML; inspect rendered route
/zh-cn/shipping-from-china-to-russia/,zh-cn,freight,review,中国至俄罗斯国际货运 | 华正邦泰,,,No H1/body in static HTML; inspect rendered route
/ru/shipping-from-china-to-russia/,ru,freight,review,Доставка из Китая в Россию | DDNZ Global,,,No H1/body in static HTML; inspect rendered route
/fr/shipping-from-china-to-russia/,fr,freight,review,Expédition de Chine vers la Russie | DDNZ Global,,,No H1/body in static HTML; inspect rendered route
/es/shipping-from-china-to-russia/,es,freight,review,Envíos de China a Rusia | DDNZ Global,,,No H1/body in static HTML; inspect rendered route
/ar/shipping-from-china-to-russia/,ar,freight,review,الشحن من الصين إلى روسيا | DDNZ Global,,,No H1/body in static HTML; inspect rendered route
/shipping-from-china-to-nigeria/,en,freight,pass,Shipping from China to Nigeria | Lagos Wholesale Markets & Freight | DDNZ Global,China to Nigeria. Several suppliers. One shipment plan.,"China to Nigeria. Several suppliers. One shipment plan. CHINA → NIGERIA Buying from several factories? Receiving beyond the port? Connect supplier pickup, consolidation and loading with receiving in Lagos or an inland city. ORIGIN / DESTINATION / STOCK",
/zh-cn/shipping-from-china-to-nigeria/,zh-cn,freight,pass,中国到尼日利亚货运｜拉各斯批发市场与集货海运 | DDNZ Global,中国到尼日利亚。 几家工厂的货， 一起安排。,中国到尼日利亚。 几家工厂的货， 一起安排。 CHINA → NIGERIA 采购不只一家，收货也不一定在港口。从供应商交货、集货装柜，到拉各斯或内陆城市收货，先把每一段接起来。 ORIGIN / DESTINATION / STOCK,
/ru/shipping-from-china-to-nigeria/,ru,freight,review,Доставка из Китая в Нигерию | DDNZ Global,,,No H1/body in static HTML; inspect rendered route
/fr/shipping-from-china-to-nigeria/,fr,freight,review,Expédition de Chine vers le Nigeria | DDNZ Global,,,No H1/body in static HTML; inspect rendered route
/es/shipping-from-china-to-nigeria/,es,freight,pass,Envíos de China a Nigeria | Mercados mayoristas de Lagos | DDNZ Global,De China a Nigeria. Varios proveedores. Un plan de envío.,"De China a Nigeria. Varios proveedores. Un plan de envío. CHINA → NIGERIA ¿Varios proveedores y recepción lejos del puerto? Coordinar recogida, consolidación y carga con la recepción en Lagos o el interior. ORIGIN / DESTINATION / STOCK",
/ar/shipping-from-china-to-nigeria/,ar,freight,review,الشحن من الصين إلى نيجيريا | DDNZ Global,,,No H1/body in static HTML; inspect rendered route
/shipping-from-china-to-ghana/,en,freight,pass,Shipping from China to Ghana | Tema & Accra Delivery | DDNZ Global,"China to Ghana. To Tema port, or your receiving address?","China to Ghana. To Tema port, or your receiving address? CHINA → GHANA Separate the port, receiving city and delivery scope. Plan consolidation in China, ocean freight, destination collection and onward delivery around the shipment. TEMA / ACCRA / YOUR ADDRESS",
/zh-cn/shipping-from-china-to-ghana/,zh-cn,freight,pass,中国到加纳货运｜特马海运与阿克拉收货安排 | DDNZ Global,中国到加纳。 到特马港， 还是送到收货点？,中国到加纳。 到特马港， 还是送到收货点？ CHINA → GHANA 把目的港、收货城市和交付范围分开说清楚。中国端集货、海运、目的地提货与配送，按这一票货的实际需要安排。 TEMA / ACCRA / YOUR ADDRESS,
/ru/shipping-from-china-to-ghana/,ru,freight,review,Доставка из Китая в Гану | DDNZ Global,,,No H1/body in static HTML; inspect rendered route
/fr/shipping-from-china-to-ghana/,fr,freight,review,Expédition de Chine vers le Ghana | DDNZ Global,,,No H1/body in static HTML; inspect rendered route
/es/shipping-from-china-to-ghana/,es,freight,pass,Envíos de China a Ghana | Tema y entrega en Acra | DDNZ Global,De China a Ghana. ¿Hasta Tema o hasta tu dirección?,"De China a Ghana. ¿Hasta Tema o hasta tu dirección? CHINA → GHANA Definir puerto, ciudad y alcance por separado. Coordinar consolidación en China, transporte marítimo, recogida y entrega según el envío. TEMA / ACCRA / YOUR ADDRESS",
/ar/shipping-from-china-to-ghana/,ar,freight,review,الشحن من الصين إلى غانا | DDNZ Global,,,No H1/body in static HTML; inspect rendered route
/shipping-from-china-to-mexico/,en,freight,pass,Shipping from China to Mexico | Sea Freight & Delivery | DDNZ Global,"China to Mexico. Beyond the port, where next?","China to Mexico. Beyond the port, where next? CHINA → MÉXICO Mexico City, Guadalajara or Monterrey? Start with the final address, importer and unloading conditions, then plan the ocean and inland legs together. PORT / IMPORTER / FINAL ADDRESS",
/zh-cn/shipping-from-china-to-mexico/,zh-cn,freight,pass,中国到墨西哥货运｜海运、进口准备与内陆交付 | DDNZ Global,中国到墨西哥。 到港之后， 还要走多远？,中国到墨西哥。 到港之后， 还要走多远？ CHINA → MÉXICO 收货在墨西哥城、瓜达拉哈拉，还是蒙特雷？先明确最终地址、进口方和卸货条件，再把海运与内陆配送放进同一份方案。 PORT / IMPORTER / FINAL ADDRESS,
/ru/shipping-from-china-to-mexico/,ru,freight,review,Доставка из Китая в Мексику | DDNZ Global,,,No H1/body in static HTML; inspect rendered route
/fr/shipping-from-china-to-mexico/,fr,freight,review,Expédition de Chine vers le Mexique | DDNZ Global,,,No H1/body in static HTML; inspect rendered route
/es/shipping-from-china-to-mexico/,es,freight,pass,Envíos de China a México | Transporte marítimo y entrega | DDNZ Global,"De China a México. Después del puerto, ¿hasta dónde?","De China a México. Después del puerto, ¿hasta dónde? CHINA → MÉXICO ¿Ciudad de México, Guadalajara o Monterrey? Primero, dirección final, importador y condiciones de descarga; después, coordinar transporte marítimo e interior. PORT / IMPORTER / FINAL ADDRESS",
/ar/shipping-from-china-to-mexico/,ar,freight,review,الشحن من الصين إلى المكسيك | DDNZ Global,,,No H1/body in static HTML; inspect rendered route
/shipping-from-china-to-brazil/,en,freight,pass,Shipping from China to Brazil | DDNZ Global,Shipping from China to Brazil,"Shipping from China to Brazil  Separate supplier price, packing, transport and destination charges. Have the local importer check the tax and clearance budget before estimating the total outlay for this order; another buyer’s multiplier is not a quotation. List use, quantity, value and packing for each product before combining supplier and shipping arrangements. Include payment dates for goods, freight and local charges in the replenishment plan.",
/zh-cn/shipping-from-china-to-brazil/,zh-cn,freight,pass,中国至巴西国际货运 | 华正邦泰,中国至巴西国际货运,中国至巴西国际货运  把供应商货价、包装、运输及目的地费用拆开。让当地进口方核对税费和清关预算，再核算本批货的总投入，不用别人的进口倍数估算自己的订单。 不同产品分别列出用途、数量、货值和包装资料，再汇总供应商与出运安排。采购款、运费及当地费用的支付时间也要纳入补货计划。,
/ru/shipping-from-china-to-brazil/,ru,freight,review,Доставка из Китая в Бразилию | DDNZ Global,,,No H1/body in static HTML; inspect rendered route
/fr/shipping-from-china-to-brazil/,fr,freight,review,Expédition de Chine vers le Brésil | DDNZ Global,,,No H1/body in static HTML; inspect rendered route
/es/shipping-from-china-to-brazil/,es,freight,pass,Envíos de China a Brasil | DDNZ Global,Envíos de China a Brasil,"Envíos de China a Brasil  Separa precio del proveedor, embalaje, transporte y gastos en destino. El importador local debe revisar impuestos y despacho antes de calcular la inversión total; el multiplicador de otro comprador no es una cotización. Detalla uso, cantidad, valor y embalaje de cada producto antes de consolidar proveedores y transporte. Incluye las fechas de pago de mercancía, flete y gastos locales en el plan de reposición.",
/ar/shipping-from-china-to-brazil/,ar,freight,review,الشحن من الصين إلى البرازيل | DDNZ Global,,,No H1/body in static HTML; inspect rendered route
/shipping-from-china-to-argentina/,en,freight,review,Shipping from China to Argentina | DDNZ Global,,,No H1/body in static HTML; inspect rendered route
/zh-cn/shipping-from-china-to-argentina/,zh-cn,freight,review,中国至阿根廷国际货运 | 华正邦泰,,,No H1/body in static HTML; inspect rendered route
/ru/shipping-from-china-to-argentina/,ru,freight,review,Доставка из Китая в Аргентину | DDNZ Global,,,No H1/body in static HTML; inspect rendered route
/fr/shipping-from-china-to-argentina/,fr,freight,review,Expédition de Chine vers l’Argentine | DDNZ Global,,,No H1/body in static HTML; inspect rendered route
/es/shipping-from-china-to-argentina/,es,freight,review,Envíos de China a Argentina | DDNZ Global,,,No H1/body in static HTML; inspect rendered route
/ar/shipping-from-china-to-argentina/,ar,freight,review,الشحن من الصين إلى الأرجنتين | DDNZ Global,,,No H1/body in static HTML; inspect rendered route
/shipping-from-china-to-peru/,en,freight,review,Shipping from China to Peru | DDNZ Global,,,No H1/body in static HTML; inspect rendered route
/zh-cn/shipping-from-china-to-peru/,zh-cn,freight,review,中国至秘鲁国际货运 | 华正邦泰,,,No H1/body in static HTML; inspect rendered route
/ru/shipping-from-china-to-peru/,ru,freight,review,Доставка из Китая в Перу | DDNZ Global,,,No H1/body in static HTML; inspect rendered route
/fr/shipping-from-china-to-peru/,fr,freight,review,Expédition de Chine vers le Pérou | DDNZ Global,,,No H1/body in static HTML; inspect rendered route
/es/shipping-from-china-to-peru/,es,freight,review,Envíos de China a Perú | DDNZ Global,,,No H1/body in static HTML; inspect rendered route
/ar/shipping-from-china-to-peru/,ar,freight,review,الشحن من الصين إلى بيرو | DDNZ Global,,,No H1/body in static HTML; inspect rendered route
/shipping-from-china-to-chile/,en,freight,review,Shipping from China to Chile | DDNZ Global,,,No H1/body in static HTML; inspect rendered route
/zh-cn/shipping-from-china-to-chile/,zh-cn,freight,review,中国至智利国际货运 | 华正邦泰,,,No H1/body in static HTML; inspect rendered route
/ru/shipping-from-china-to-chile/,ru,freight,review,Доставка из Китая в Чили | DDNZ Global,,,No H1/body in static HTML; inspect rendered route
/fr/shipping-from-china-to-chile/,fr,freight,review,Expédition de Chine vers le Chili | DDNZ Global,,,No H1/body in static HTML; inspect rendered route
/es/shipping-from-china-to-chile/,es,freight,review,Envíos de China a Chile | DDNZ Global,,,No H1/body in static HTML; inspect rendered route
/ar/shipping-from-china-to-chile/,ar,freight,review,الشحن من الصين إلى تشيلي | DDNZ Global,,,No H1/body in static HTML; inspect rendered route
/blog/mixed-sku-phone-cases-china-poland-moq-packing-reorders/,en,information,context-only,Found a Phone Case That Sells? Source It from… | DDNZ Global,Found a Phone Case That Sells? Source It from China with DDNZ,"Found a Phone Case That Sells? Source It from China with DDNZ DDNZ Global Insights Send DDNZ photos of phone cases selling in Poland. Source matching products, discuss lower MOQs and factory prices, and coordinate quality checks and transport. By Huang Matthew · DDNZ Global Trade Co., Ltd.",
/blog/magsafe-ring-stand-sourcing-four-sample-comparison/,en,information,context-only,We Tested Four Magnetic Ring Stands. Price Was… | DDNZ Global,We Tested Four Magnetic Ring Stands. Price Was Only Part of the Story.,"We Tested Four Magnetic Ring Stands. Price Was Only Part of the Story. DDNZ Global Insights We compared four magnetic ring stands priced from RMB 15 to RMB 349 for weight, magnetic hold, charging, grip and stand use. ",
/blog/china-saudi-freight-september-2026-gateway-cargo-acceptance-surcharges/,en,information,context-only,China–Saudi Freight Before September 2026 | DDNZ Global,"China–Saudi Freight Before September 2026: Check Gateway, Cargo Acceptance and Surcharges Before Booking","China–Saudi Freight Before September 2026: Check Gateway, Cargo Acceptance and Surcharges Before Booking DDNZ Global Insights Before booking China–Saudi cargo, compare current Saudi gateway acceptance, cargo-type restrictions, landbridge routing and carrier-specific surcharges—not one headline freight rate. China–Saudi cargo moving into September 2026 cannot be booked responsibly from one headline ocean-freight number. Maersk introduced a Peak Season Surcharge of USD 1,000 for all 20-foot containers and USD 2,000 for all 40/45-foot containers from Far East Asia to Saudi Arabia, effective 10 August. But the more important question is whether the carrier will accept your exact cargo through your intended Saudi gateway. Current carrier notices differ by cargo type, port and routing. Before paying a deposit, tie the quote to the cargo, gateway, confirmed route, surcharge validity and fallback plan.",
/blog/magsafe-phone-cases-china-turkiye-dealer-verification/,en,information,context-only,MagSafe Phone Cases from China | DDNZ Global,MagSafe Phone Cases from China: A Verification Checklist for Türkiye Dealers,"MagSafe Phone Cases from China: A Verification Checklist for Türkiye Dealers DDNZ Global Insights A practical checklist for Türkiye dealers to verify magnet hold, charging heat, model fit, packing and reorder terms before buying cases from China. Türkiye dealers do not need another MagSafe case catalogue. They need a way to tell whether a quoted SKU will hold accessories reliably, align with the intended charger, fit the correct iPhone model and arrive in retail-ready condition. The safest buying decision comes from tying every price to an exact model, construction and test record—not from accepting “strong magnet” or “fast charging” as complete specifications. This guide shows a practical pre-order check for import agents, distributors and mobile-accessories dealers sourcing MagSafe-compatible cases from China.",
/blog/commercial-kitchen-equipment-china-nigeria-dealer-first-container/,en,information,context-only,Commercial Kitchen Equipment from China for Nigeria | DDNZ Global,Commercial Kitchen Equipment from China for Nigeria: A First-Container Range for Dealers,"Commercial Kitchen Equipment from China for Nigeria: A First-Container Range for Dealers DDNZ Global Insights A practical first-container shortlist for Nigerian kitchen-equipment dealers, covering six equipment roles, utility checks, service parts and supplier documents. Nigerian kitchen-equipment dealers do not need a factory’s full catalogue for a first order. They need a compact range that covers the most common cooking, cold-storage and food-preparation jobs, works with local utilities, and can be serviced with parts that are available after delivery. The safest first-container strategy is therefore to select by equipment role , not by the number of models: lock the voltage, phase, gas configuration, refrigeration duty and spare-parts pack first, then compare model-specific quotations. This guide gives dealers a practical shortlist and the questions to settle before paying a deposit.",
/blog/portable-power-stations-china-dealer-range-camping-outage-backup/,en,information,context-only,Portable Power Stations from China | DDNZ Global,Portable Power Stations from China: A Two-Tier Range for Camping and Outage Backup,"Portable Power Stations from China: A Two-Tier Range for Camping and Outage Backup DDNZ Global Insights A dealer-focused method for separating lightweight camping power from fridge-and-freezer outage backup, with load, solar-input and supplier-file checks. Recent discussions show the same request appearing again and again: “I want something for camping, but I also want it to keep the fridge or freezer running when the grid goes down.”",
/blog/coffee-equipment-china-saudi-dealers-sellable-range-2026/,en,information,context-only,What Saudi Coffee-Equipment Dealers Should Source… | DDNZ Global,What Saudi Coffee-Equipment Dealers Should Source from China Before September 2026,"What Saudi Coffee-Equipment Dealers Should Source from China Before September 2026 DDNZ Global Insights A practical guide for Saudi dealers choosing compact, café and automatic coffee equipment from China—without overloading the range or overlooking service. When Saudi dealers compare coffee equipment from China, the biggest catalogue is rarely the best starting point. A dealer needs a range the sales team can explain, the technician can install and the buyer can reorder. For most distributors, that means three clear choices: a compact machine for small counters, a two-group machine for busy cafés and an automatic option for hotels or self-service locations. The goal is not to collect more models. It is to choose a few that suit local customers, arrive with the right documents and can be supported after the sale.",
/blog/turkey-kitchen-equipment-dealers-china-sourcing-margin-checklist/,en,information,context-only,Kitchen Equipment Dealer Margins: China Sourcing | DDNZ,New China Equipment or Used Local Stock? A Margin and Sourcing Checklist for Turkish Kitchen Equipment Dealers,"New China Equipment or Used Local Stock? A Margin and Sourcing Checklist for Turkish Kitchen Equipment Dealers DDNZ Global Insights A sourcing checklist for Turkish kitchen equipment dealers comparing China supply and used local stock across landed margin, claims, parts and repeatability. Verified 17 August 2026 · For commercial kitchen importers, dealers, distributors and project contractors in Türkiye",
/blog/insulated-cooler-boxes-africa-china-ice-retention-test/,en,information,context-only,Insulated Cooler Boxes for African Distributors | DDNZ Global,"Insulated Cooler Boxes for African Distributors: Compare Ice Retention, Payload and Container Cost","Insulated Cooler Boxes for African Distributors: Compare Ice Retention, Payload and Container Cost DDNZ Global Insights A low cooler-box quote is not comparable until the supplier discloses the ice-retention method, usable payload, packed CBM and hardware specification. Use this buyer matrix before ordering from China. An African distributor buying insulated cooler boxes from China should not compare quotations by unit price or “days of ice” alone. First make every supplier test the exact offered model under the same ambient profile, starting temperatures, ice-to-payload ratio, opening cycle and temperature endpoint. Then compare verified usable payload, empty and loaded weight, export-carton CBM, container quantity and replaceable hardware. Without those controls, a cheaper box may carry less saleable product, lose cooling performance sooner in real heat, occupy more container space or generate costly latch, hinge and gasket returns.",
/blog/combi-ovens-gulf-restaurants-china-sourcing-checklist/,en,information,context-only,Combi Ovens for Gulf Restaurants | DDNZ Global,Combi Ovens for Gulf Restaurants: A China Sourcing Checklist,"Combi Ovens for Gulf Restaurants: A China Sourcing Checklist DDNZ Global Insights Buying a combi oven from China for a Gulf restaurant? Compare real output, power, water, drainage, ventilation, cleaning and service before release. If you are sourcing a commercial combi oven from China for a restaurant, hotel or cloud kitchen in the Gulf, do not release the order on tray count, touch-screen features or a low quotation alone. Release it only after the exact model code matches the quotation, data plate and technical documents; the project team has approved power, water, drain, ventilation and clearances; and the supplier has demonstrated the buyer's real menu at a defined load. Current Gulf foodservice signals favour flexible, efficient and high-output equipment, but those benefits exist only when the selected model fits the site and the service operation.",
/blog/cheap-speakers-china-african-trader-verification/,en,information,context-only,Cheap China Speakers: African Trader Verification | DDNZ Global,Cheap Speakers from China: A Verification Guide for African Traders,"Cheap Speakers from China: A Verification Guide for African Traders DDNZ Global Insights Low prices matter to African container traders. Use this checklist to verify whether a China speaker offer is real, equivalent and deliverable before paying. Estimated reading time: 6 minutes",
/blog/12v-portable-fridge-power-chain-test-hot-markets/,en,information,context-only,12V Portable Fridges for Hot Off-Grid Markets | DDNZ Global,12V Portable Fridges for Hot Off-Grid Markets: Require a Power-Chain Test,"12V Portable Fridges for Hot Off-Grid Markets: Require a Power-Chain Test DDNZ Global Insights Stop guessing portable-fridge runtime from peak watts. Require a 24-hour Wh test covering heat, battery, cable, connector and recharge before sourcing from China. Dometic’s current CFX5 support pages list 12–24 V DC or 100–240 V AC input and distinguish rated input current from average energy consumption. They tell users to estimate runtime from usable battery capacity divided by average consumption. This is named-product-family guidance, not a hot-climate runtime guarantee.",
/blog/commercial-ice-machine-hot-kitchen-output-china-sourcing/,en,information,context-only,Commercial Ice Machine Output in Hot Kitchens | DDNZ,Commercial Ice Machines for Hot Middle East Kitchens: Compare Real Daily Output,"Commercial Ice Machines for Hot Middle East Kitchens: Compare Real Daily Output DDNZ Global Insights Compare commercial ice machines by output at stated air and water temperatures—not one catalogue kg/day number. Use this RFQ and factory-test matrix for hot Middle East kitchens. ANSI/AHRI 810-2025 covers definitions, testing, ratings, minimum published data and nameplate information for automatic commercial ice makers. It gives buyers a useful principle even when a Chinese supplier is not AHRI-certified: a performance number is comparable only when the test method and rating conditions are disclosed.",
/blog/commercial-refrigerators-gulf-kitchens-climate-class-high-ambient/,en,information,context-only,Commercial Refrigeration for Gulf Kitchens | DDNZ,Commercial refrigerators for Gulf kitchens: how to verify climate class and high-ambient performance claims,"Commercial refrigerators for Gulf kitchens: how to verify climate class and high-ambient performance claims DDNZ Global Insights Climate Class 5 is only one purchasing filter. Use this model-level evidence matrix to verify ambient ratings, installation limits and Gulf conformity scope. The short answer: Climate Class 5 is a useful filter for a commercial refrigerator intended for a hot Gulf kitchen, but it is not enough to approve a purchase order. A Class 5 declaration normally identifies a defined test condition; it does not by itself prove performance in a hotter condenser inlet, a more humid site, poor ventilation or the exact operating pattern of your kitchen. Before comparing prices, bind every performance claim to the exact model number, matching technical documents, stated installation limits and the destination market's current conformity route.",
/blog/commercial-kitchen-equipment-china-saudi-rfq-checklist/,en,information,context-only,Saudi Kitchen Equipment Sourcing: RFQ Checklist | DDNZ,Buying Commercial Kitchen Equipment from China for Saudi Arabia: A 7-Point RFQ and Compliance Checklist,"Buying Commercial Kitchen Equipment from China for Saudi Arabia: A 7-Point RFQ and Compliance Checklist DDNZ Global Insights A seven-point, model-level RFQ for Saudi buyers sourcing commercial cooking and refrigeration equipment from China—covering utilities, Saber evidence, inspection and release gates. Saudi buyers sourcing restaurant, hotel or catering equipment from China should begin with a model-level control sheet, not a price list. Before comparing quotations, fix voltage, phase, utilities, operating conditions and the evidence route for the destination. This guide provides a seven-point RFQ for commercial cooking and refrigeration equipment. It helps importers compare suppliers, inspect the selected model and prepare evidence, while leaving the final Saudi classification and conformity decision to the importer and the relevant accepted body.",
/blog/minimize-alibaba-sourcing-risks/,en,information,context-only,Alibaba Sourcing Without Customs Surprises | DDNZ Global,Alibaba Sourcing Without Customs Surprises: A Pre-Shipment Control Checklist,"Alibaba Sourcing Without Customs Surprises: A Pre-Shipment Control Checklist DDNZ Global Insights A four-gate checklist for supplier identity, model-level compliance, cargo inspection and customs-document consistency before Alibaba orders leave China. The short answer: buying through Alibaba does not transfer customs responsibility to the platform or supplier. The safest workflow is to stop the shipment at four gates—supplier identity, product compliance, cargo verification and customs-data approval—before the balance payment or carrier handover.",
/blog/high-compliance-new-energy-logistics/,en,information,context-only,New Energy & DG Logistics from China | DDNZ Global Insights,Shipping ESS and BESS from China: A 2026 Dangerous-Goods Readiness Checklist,"Shipping ESS and BESS from China: A 2026 Dangerous-Goods Readiness Checklist DDNZ Global Insights A model-level booking checklist for UN classification, UN 38.3 evidence, packaging, securing and carrier acceptance under mandatory IMDG Amendment 42-24. The short answer: an ESS or BESS shipment is ready for booking only when the exact battery model, UN classification, test summary, safety data, packaging method and emergency information all describe the same cargo. Do not book against a generic “lithium battery” file.",
/blog/provide-actionable-strategies/,en,information,context-only,EU Low-Value Parcel Duty 2026 | DDNZ Global,EU Low-Value Parcel Duty 2026: What China-Based Sellers Must Change,"EU Low-Value Parcel Duty 2026: What China-Based Sellers Must Change DDNZ Global Insights The adopted €3 temporary duty explained by tariff category, with a SKU-level checklist and a direct-parcel versus bulk-import decision matrix. The short answer: from 1 July 2026 , qualifying low-value consignments up to €150 entering the EU are subject to a temporary €3 customs duty for each distinct item category identified by tariff subheading . Sellers should model the charge at SKU/classification level, not assume €3 once per parcel.",
/es/blog/puerto-chancay-aranceles-y-rutas-directas-guia-de-compra-para-importadores-latin/,es,information,context-only,Puerto de Chancay para importaciones desde China | DDNZ Global,Puerto de Chancay para importaciones desde China: cuándo elegirlo y qué verificar,"Puerto de Chancay para importaciones desde China: cuándo elegirlo y qué verificar DDNZ Global Insights Guía práctica para comparar Chancay y Callao por servicio marítimo, despacho, costos de destino, entrega interior y aceptación real de la carga. Respuesta corta: elija Chancay cuando la combinación de servicio marítimo, despacho en el terminal y transporte terrestre resulte mejor para su carga y destino final. Compare la operación completa con Callao; no decida solo por una promesa de días de tránsito.",
/blog/protect-orders-against-delays/,en,information,context-only,China to Eastern Europe Import Risk Playbook | DDNZ Global,"China to Eastern Europe Import Risk Playbook: Booking, ICS2 and Contingency Controls","China to Eastern Europe Import Risk Playbook: Booking, ICS2 and Contingency Controls DDNZ Global Insights An evergreen operating guide for EU ENS data, ocean-versus-rail comparison, two-speed inventory planning and quote controls—without unsupported rate forecasts. The short answer: protect China-to-Eastern-Europe orders by locking the customs data before cargo handover, comparing ocean and rail on total door-to-door risk, and keeping a funded contingency for the part of the order that cannot be late.",
/blog/provides-actionable-steps-for-Eastern-European/,en,information,context-only,How Importers Should Manage Ocean Freight… | DDNZ Global,How Importers Should Manage Ocean Freight Volatility: A Practical Control Framework,"How Importers Should Manage Ocean Freight Volatility: A Practical Control Framework DDNZ Global Insights A reusable framework for quote comparison, cargo-ready discipline, packing evidence, mode-switch rules and shipment records—without unsupported weekly rate claims. The short answer: freight volatility cannot be removed, but its business impact can be limited. Control it with comparable quotes, cargo-ready discipline, booking evidence, packaging records and a rule for when to use a second mode or carrier.",
/es/blog/para-evitar-costosas-retenciones-en-puerto./,es,information,context-only,Baterías y vehículos por mar | DDNZ Global,Baterías y vehículos por mar: lista de verificación P903/P912 bajo IMDG 42-24,"Baterías y vehículos por mar: lista de verificación P903/P912 bajo IMDG 42-24 DDNZ Global Insights Guía en español para identificar la configuración real, verificar UN 38.3, confirmar la entrada IMDG y obtener aceptación escrita del transportista. Respuesta corta: no seleccione P903 o P912 solo por la palabra “batería”. Primero identifique cómo se presenta la mercancía: celdas o baterías solas, baterías embaladas con/instaladas en equipos, o un vehículo propulsado por batería. Después, un especialista competente debe confirmar el número UN, la denominación oficial, las disposiciones especiales y la instrucción de embalaje aplicables al modelo real.",
/blog/transpacific-shock-rates-surge-over-1000-in-a-single-week-as-msc-relaunches-pear/,en,information,context-only,Transpacific Freight from China | DDNZ Global,Transpacific Freight from China: A U.S. Import Risk Checklist,"Transpacific Freight from China: A U.S. Import Risk Checklist DDNZ Global Insights A practical checklist for HTS and Section 301 review, coast comparison, quote scope, cargo-ready cut-offs and demurrage/detention control. The short answer: for China–United States ocean freight, the largest avoidable risks are often not the headline rate. They are wrong tariff classification, incomplete quote scope, cargo not ready for cut-off, and unmanaged destination free time.",
/blog/2026-china-railway-express-panorama-guide-comprehensive-analysis-of-193-core-rai/,en,information,context-only,China-Europe Railway Express | DDNZ Global,China-Europe Railway Express: A Route-Selection Guide for Importers,"China-Europe Railway Express: A Route-Selection Guide for Importers DDNZ Global Insights Choose a rail service by cargo origin, planned departure, border corridor, destination terminal, commodity acceptance and ICS2 readiness—not an unaudited route list. The short answer: choose a China-Europe rail service by cargo-ready location, scheduled departure, border corridor, destination terminal, EU customs-data readiness and last-mile delivery—not by the nearest Chinese station or an online transit-time table.",
/blog/regulatory-compliance-alert-complete-sop-and-new-2026-mandates-for-china-nev-exp/,en,information,context-only,Exporting Pure Electric Passenger Vehicles from… | DDNZ Global,"Exporting Pure Electric Passenger Vehicles from China in 2026: Licence, DG and Destination Gates","Exporting Pure Electric Passenger Vehicles from China in 2026: Licence, DG and Destination Gates DDNZ Global Insights A verified gate-by-gate guide separating China's new pure-EV passenger export licence from carrier dangerous-goods acceptance and destination vehicle approval. The short answer: from 1 January 2026 , China applies export-licence administration to the specified pure-electric passenger vehicles described in MOFCOM Announcement No. 54 of 2025, with reference customs code 8703801090. This is not the same as IMDG acceptance or permission to register the vehicle in the destination country.",
/ar/blog/saber-2026/,ar,information,context-only,دليل سابر 2026 للاستيراد من الصين | DDNZ Global,دليل سابر 2026 للاستيراد من الصين: الرمز الجمركي وشهادة المنتج والإرسالية,دليل سابر 2026 للاستيراد من الصين: الرمز الجمركي وشهادة المنتج والإرسالية DDNZ Global Insights مسار عملي موثق لتحديد رمز التعرفة السعودي من 12 رقماً، نطاق اللائحة، شهادة المنتج وشهادة الإرسالية قبل شحن البضاعة من الصين. الخلاصة: لا تبدأ الشحن من الصين قبل ربط كل موديل برمز جمركي سعودي مكوّن من 12 رقماً، وتحديد ما إذا كان المنتج خاضعاً للائحة فنية، وإكمال مسار شهادة مطابقة المنتج أو الإقرار المطلوب، ثم إصدار شهادة الإرسالية ببيانات الفاتورة والشحنة نفسها.,
/fr/blog/guide-dapprovisionnement-chine-reduisez-vos-couts-logistiques-en-afrique-francop/,fr,information,context-only,Importer de Chine vers l’Afrique francophone | DDNZ Global,Importer de Chine vers l’Afrique francophone : contrôle documentaire et consolidation,"Importer de Chine vers l’Afrique francophone : contrôle documentaire et consolidation DDNZ Global Insights Guide pratique fondé sur les procédures officielles du Maroc et du Sénégal pour préparer les documents, consolider les fournisseurs et comparer le coût porte-à-porte. Réponse courte : pour importer depuis la Chine vers l’Afrique francophone, verrouillez d’abord le pays d’importation, le code SH, le titre ou l’autorisation d’importation, les documents produit et le déclarant en douane. Ensuite seulement, consolidez les fournisseurs et comparez le fret sur une base porte-à-porte.",
/screen-protectors/,en,product,pass,Wholesale Screen Protectors from China | DDNZ Global,Wholesale screen protectors from China.,"Wholesale screen protectors from China. Compare four screen protector options for wholesale sourcing. Review model minimums, retail packaging and factory footage, then plan your shipment and quote request. Prices include the stated retail packaging. Transport is quoted separately for your destination. Filmed by the DDNZ team · original English narration",
/screen-protectors/compare/,en,product,pass,Compare Wholesale Screen Protectors & Prices | DDNZ Global,Compare wholesale screen protectors.,"Compare wholesale screen protectors. Buying wholesale screen protectors from China? Compare reference prices, clear or privacy options, installers and packing for bulk orders. Model availability, samples and lead times are confirmed with your enquiry. Prices include the stated retail packaging. Transport is quoted separately for your destination. CNY 2.50 / piece. At least 1,000 pieces of OG28 per order, with at least 100 pieces per phone model. 10 pieces per large box; 96 large boxes per carton.",
/screen-protectors/guides/,en,information,context-only,Screen Protector Specifications & Buying Guides | DDNZ,Screen protector specifications and buying guides.,"Screen protector specifications and buying guides. Check glass, adhesive, packaging and model fit before a bulk order. Use the price and curved-glass guides to build your specification checklist. Compare six specification groups, the actual packaging and the installation steps. Separate shape, manufacturing process and fit — with footage filmed by the DDNZ team.",
/screen-protectors/guides/price-differences/,en,information,context-only,Screen Protector Wholesale Price Differences | DDNZ Global,Why wholesale screen protector prices differ.,"Why wholesale screen protector prices differ. Compare wholesale screen protector quotes on the same specification, model quantities and delivery scope. Review these six cost factors before choosing a product or requesting samples. Confirm the material grade, finished thickness and strengthening information. Ask whether the thickness includes the adhesive layer. Ask where the curve is: in the glass body, the polished edge or an added material. Request a drawing and the actual process description.",
/screen-protectors/guides/curved-glass/,en,information,context-only,2.5D vs 3D Screen Protectors: Shape & Fit | DDNZ Global,"2.5D vs 3D screen protectors: shape, process and fit.","2.5D vs 3D screen protectors: shape, process and fit. A product name alone cannot tell you how the glass was made, how strong it is or how well it fits. Start with the cross-section, then verify on the target phone. Often described as 2.5D. A rounded upper edge does not mean the screen-facing surface is curved. An illustration of a curved 3D form. The shape still does not prove a manufacturing method or model fit.",
/screen-protectors/videos/,en,information,context-only,Screen Protector Factory Process Videos | DDNZ Global,Screen protector factory process videos.,"Screen protector factory process videos. 001 / IMPACT TEST Watch the steel-ball setup, release and final sample inspection in one continuous recording. 1 min 46 sec · Full recording",
/screen-protectors/calculator/,en,information,context-only,Screen Protector Landed Cost Calculator: Istanbul | DDNZ,Screen protector landed cost calculator: Istanbul.,"Screen protector landed cost calculator: Istanbul. Use the Istanbul reference to estimate product value and all-inclusive delivery from China to the buyer’s warehouse. Final pricing depends on the confirmed models, packing and address; other destinations need a separate quote. Reference inputs: 11 Sept 2026 · USD 1 = CNY 6.6 Enter your phone models and quantities, or start with a 10,000-piece example. The calculator compares sea and air delivery to Istanbul; other destinations need a separate quote.",
