"url","locale","role","audience","primary_topic","reference_owner","h1","title","scope","intro_status"
"/sourcing/food-processing-machinery-from-china/","en","product-family","food business buyers and equipment dealers","food processing machinery from China","/sourcing/food-processing-machinery-from-china/","Food processing machinery from China. Selected for your operation.","Food Processing Machinery Sourcing from China | DDNZ Global","Existing published-content candidate; no search-volume estimate","pass"
"/sourcing/food-processing-machinery-from-china/dough-and-bakery-machinery/","en","product-category","food business buyers and equipment dealers","dough & bakery machinery from China","/sourcing/food-processing-machinery-from-china/dough-and-bakery-machinery/","Dough & bakery machinery","Dough & bakery machinery from China | DDNZ Global","Existing published-content candidate; no search-volume estimate","pass"
"/sourcing/food-processing-machinery-from-china/meat-processing-machinery/","en","product-category","food business buyers and equipment dealers","meat processing machinery from China","/sourcing/food-processing-machinery-from-china/meat-processing-machinery/","Meat processing machinery","Meat processing machinery from China | DDNZ Global","Existing published-content candidate; no search-volume estimate","pass"
"/sourcing/food-processing-machinery-from-china/vegetable-processing-machinery/","en","product-category","food business buyers and equipment dealers","vegetable processing machinery from China","/sourcing/food-processing-machinery-from-china/vegetable-processing-machinery/","Vegetable processing machinery","Vegetable processing machinery from China | DDNZ Global","Existing published-content candidate; no search-volume estimate","pass"
"/sourcing/food-processing-machinery-from-china/bean-rice-and-juice-machinery/","en","product-category","food business buyers and equipment dealers","bean, rice & juice machinery from China","/sourcing/food-processing-machinery-from-china/bean-rice-and-juice-machinery/","Bean, rice & juice machinery","Bean, rice & juice machinery from China | DDNZ Global","Existing published-content candidate; no search-volume estimate","pass"
"/sourcing/food-processing-machinery-from-china/packages/noodles/","en","equipment-package","food business buyers and equipment dealers","noodle & dough preparation equipment package from China","/sourcing/food-processing-machinery-from-china/packages/noodles/","Noodle & dough preparation equipment package","Noodle & dough preparation equipment package from China | DDNZ Global","Existing published-content candidate; no search-volume estimate","pass"
"/sourcing/food-processing-machinery-from-china/packages/bakery/","en","equipment-package","food business buyers and equipment dealers","bakery preparation equipment package from China","/sourcing/food-processing-machinery-from-china/packages/bakery/","Bakery preparation equipment package","Bakery preparation equipment package from China | DDNZ Global","Existing published-content candidate; no search-volume estimate","pass"
"/sourcing/food-processing-machinery-from-china/packages/meat-prep/","en","equipment-package","food business buyers and equipment dealers","butcher & kitchen preparation equipment package from China","/sourcing/food-processing-machinery-from-china/packages/meat-prep/","Butcher & kitchen preparation equipment package","Butcher & kitchen preparation equipment package from China | DDNZ Global","Existing published-content candidate; no search-volume estimate","pass"
"/sourcing/food-processing-machinery-from-china/packages/meatballs/","en","equipment-package","food business buyers and equipment dealers","meatball preparation equipment package from China","/sourcing/food-processing-machinery-from-china/packages/meatballs/","Meatball preparation equipment package","Meatball preparation equipment package from China | DDNZ Global","Existing published-content candidate; no search-volume estimate","pass"
"/sourcing/food-processing-machinery-from-china/packages/vegetables/","en","equipment-package","food business buyers and equipment dealers","vegetable preparation equipment package from China","/sourcing/food-processing-machinery-from-china/packages/vegetables/","Vegetable preparation equipment package","Vegetable preparation equipment package from China | DDNZ Global","Existing published-content candidate; no search-volume estimate","pass"
"/sourcing/food-processing-machinery-from-china/packages/bean-rice/","en","equipment-package","food business buyers and equipment dealers","bean & rice preparation equipment package from China","/sourcing/food-processing-machinery-from-china/packages/bean-rice/","Bean & rice preparation equipment package","Bean & rice preparation equipment package from China | DDNZ Global","Existing published-content candidate; no search-volume estimate","pass"
"/sourcing/mobile-accessories-from-china/","en","product-family","mobile accessory importers","mobile accessories sourcing from China","/sourcing/mobile-accessories-from-china/","Wholesale Phone Cases & Screen Protectors from China","Mobile Accessories Sourcing from China | DDNZ Global","Existing published-content candidate; no search-volume estimate","pass"
"/es/sourcing/mobile-accessories-from-china/","es","product-family","mobile accessory importers","Accesorios móviles de China","/sourcing/mobile-accessories-from-china/","Fundas y protectores de pantalla de China al por mayor","Accesorios móviles de China | DDNZ Global","Existing published-content candidate; no search-volume estimate","pass"
"/ar/sourcing/mobile-accessories-from-china/","ar","product-family","mobile accessory importers","توريد ملحقات الهاتف من الصين","/sourcing/mobile-accessories-from-china/","أغطية هواتف وواقيات شاشة بالجملة من الصين","توريد ملحقات الهاتف من الصين | DDNZ Global","Existing published-content candidate; no search-volume estimate","pass"
"/phone-cases/","en","product-category","phone accessory sellers","wholesale phone cases from China","/phone-cases/","Choose the case. Check every detail.","Wholesale Phone Cases from China: Styles & MOQ | DDNZ","Existing published-content candidate; no search-volume estimate","pass"
"/es/phone-cases/","es","product-category","phone accessory sellers","Fundas de China al por mayor: modelos y mínimos","/phone-cases/","Elija la funda. Revise cada detalle.","Fundas de China al por mayor: modelos y mínimos | DDNZ","Existing published-content candidate; no search-volume estimate","pass"
"/ar/phone-cases/","ar","product-category","phone accessory sellers","أغطية هواتف بالجملة من الصين: التصاميم والحدود","/phone-cases/","اختر الغطاء. وافحص كل تفصيل.","أغطية هواتف بالجملة من الصين: التصاميم والحدود | DDNZ","Existing published-content candidate; no search-volume estimate","pass"
"/phone-cases/materials-and-pricing/","en","comparison-guide","buyers comparing quotations","phone case materials and prices","/phone-cases/materials-and-pricing/","Same phone. Different case. Different cost.","Phone Case Materials, Prices & Supplier Comparison | DDNZ","Existing published-content candidate; no search-volume estimate","context-only"
"/es/phone-cases/materials-and-pricing/","es","comparison-guide","buyers comparing quotations","Materiales y precios de fundas: compare proveedores","/phone-cases/materials-and-pricing/","Mismo móvil. Otra funda. Otro costo.","Materiales y precios de fundas: compare proveedores | DDNZ","Existing published-content candidate; no search-volume estimate","context-only"
"/ar/phone-cases/materials-and-pricing/","ar","comparison-guide","buyers comparing quotations","مواد وأسعار أغطية الهاتف ومقارنة الموردين","/phone-cases/materials-and-pricing/","الهاتف نفسه. غطاء مختلف. تكلفة مختلفة.","مواد وأسعار أغطية الهاتف ومقارنة الموردين | DDNZ","Existing published-content candidate; no search-volume estimate","context-only"
"/phone-straps-charms/","en","product-category","accessory and gift retailers","wholesale phone straps and charms from China","/phone-straps-charms/","More ways to carry. Clearer ways to buy.","Wholesale Phone Straps & Charms from China | DDNZ","Existing published-content candidate; no search-volume estimate","pass"
"/es/phone-straps-charms/","es","product-category","accessory and gift retailers","Correas, cadenas y adornos de móvil al por mayor","/phone-straps-charms/","Más formas de llevarlo. Más claridad al comprar.","Correas, cadenas y adornos de móvil al por mayor | DDNZ","Existing published-content candidate; no search-volume estimate","pass"
"/ar/phone-straps-charms/","ar","product-category","accessory and gift retailers","أحزمة وسلاسل وزينة الهاتف بالجملة","/phone-straps-charms/","طرق أكثر للحمل. ووضوح أكبر للشراء.","أحزمة وسلاسل وزينة الهاتف بالجملة | DDNZ Global","Existing published-content candidate; no search-volume estimate","pass"
"/es/screen-protectors/","es","product-category","accessory wholesalers","Protectores de pantalla al por mayor","/screen-protectors/","Protectores de pantalla al por mayor desde China","Protectores de pantalla al por mayor | DDNZ Global","Existing published-content candidate; no search-volume estimate","pass"
"/ar/screen-protectors/","ar","product-category","accessory wholesalers","واقيات شاشة بالجملة من الصين","/screen-protectors/","واقيات شاشة بالجملة من الصين","واقيات شاشة بالجملة من الصين | DDNZ Global","Existing published-content candidate; no search-volume estimate","pass"
"/es/screen-protectors/compare/","es","product-comparison","buyers choosing a product variant","Compare protectores de pantalla y precios","/screen-protectors/compare/","Compare precios, embalaje y cantidades mínimas","Compare protectores de pantalla y precios | DDNZ Global","Existing published-content candidate; no search-volume estimate","pass"
"/ar/screen-protectors/compare/","ar","product-comparison","buyers choosing a product variant","مقارنة واقيات الشاشة وأسعار الجملة","/screen-protectors/compare/","قارن الأسعار والتغليف والحد الأدنى للطلب","مقارنة واقيات الشاشة وأسعار الجملة | DDNZ Global","Existing published-content candidate; no search-volume estimate","pass"
"/sourcing/kitchen-equipment-for-distributors/","en","buyer-type","equipment distributors","kitchen equipment sourcing for distributors","/sourcing/kitchen-equipment-for-distributors/","Build a range your customers can buy again.","Kitchen Equipment for Distributors | China Sourcing | DDNZ","Existing published-content candidate; no search-volume estimate","pass"
"/es/sourcing/kitchen-equipment-for-distributors/","es","buyer-type","equipment distributors","Equipos de cocina para distribuidores desde China","/sourcing/kitchen-equipment-for-distributors/","Una línea de equipos que sus clientes puedan volver a comprar.","Equipos de cocina para distribuidores desde China | DDNZ","Existing published-content candidate; no search-volume estimate","pass"
"/ar/sourcing/kitchen-equipment-for-distributors/","ar","buyer-type","equipment distributors","توريد معدات المطابخ للموزعين من الصين","/sourcing/kitchen-equipment-for-distributors/","كوّن تشكيلة يعود عملاؤك لشرائها.","توريد معدات المطابخ للموزعين من الصين | DDNZ Global","Existing published-content candidate; no search-volume estimate","pass"
"/sourcing/restaurant-project-equipment/","en","buyer-type","restaurant project contractors","restaurant project equipment from China","/sourcing/restaurant-project-equipment/","Turn an equipment list into a coordinated order.","Restaurant Project Equipment from China | DDNZ Global","Existing published-content candidate; no search-volume estimate","pass"
"/es/sourcing/restaurant-project-equipment/","es","buyer-type","restaurant project contractors","Equipos para proyectos de restaurantes desde China","/sourcing/restaurant-project-equipment/","De una lista de equipos a una compra coordinada.","Equipos para proyectos de restaurantes desde China | DDNZ","Existing published-content candidate; no search-volume estimate","pass"
"/ar/sourcing/restaurant-project-equipment/","ar","buyer-type","restaurant project contractors","توريد معدات مشاريع المطاعم من الصين","/sourcing/restaurant-project-equipment/","حوّل قائمة المعدات إلى طلب منسق.","توريد معدات مشاريع المطاعم من الصين | DDNZ Global","Existing published-content candidate; no search-volume estimate","pass"
"/screen-protectors/wholesale-for-stores/","en","buyer-type","phone stores and repair chains","wholesale screen protectors for stores","/screen-protectors/wholesale-for-stores/","Plan the phone mix before you place the order.","Wholesale Screen Protectors for Stores & Chains | DDNZ","Existing published-content candidate; no search-volume estimate","pass"
"/es/screen-protectors/wholesale-for-stores/","es","buyer-type","phone stores and repair chains","Micas por mayoreo para tiendas y cadenas","/screen-protectors/wholesale-for-stores/","Defina la mezcla de celulares antes de comprar.","Micas por mayoreo para tiendas y cadenas | DDNZ Global","Existing published-content candidate; no search-volume estimate","pass"
"/ar/screen-protectors/wholesale-for-stores/","ar","buyer-type","phone stores and repair chains","واقيات شاشة بالجملة للمتاجر وسلاسل الصيانة","/screen-protectors/wholesale-for-stores/","حدد تشكيلة الهواتف قبل تقديم الطلب.","واقيات شاشة بالجملة للمتاجر وسلاسل الصيانة | DDNZ","Existing published-content candidate; no search-volume estimate","pass"
"/screen-protectors/private-label/","en","buyer-type","own-brand sellers","private label screen protectors China","/screen-protectors/private-label/","Build the product behind your brand.","Private Label Screen Protector Sourcing | DDNZ Global","Existing published-content candidate; no search-volume estimate","pass"
"/es/screen-protectors/private-label/","es","buyer-type","own-brand sellers","Micas de marca propia desde China","/screen-protectors/private-label/","Defina el producto que llevará su marca.","Micas de marca propia desde China | DDNZ Global","Existing published-content candidate; no search-volume estimate","pass"
"/ar/screen-protectors/private-label/","ar","buyer-type","own-brand sellers","توريد واقيات شاشة بعلامتك التجارية من الصين","/screen-protectors/private-label/","حدد المنتج الذي سيحمل علامتك.","توريد واقيات شاشة بعلامتك التجارية من الصين | DDNZ","Existing published-content candidate; no search-volume estimate","pass"
"/sourcing/commercial-ice-machines-from-china/","en","product-category","hospitality equipment dealers","commercial ice machines from China","/sourcing/commercial-ice-machines-from-china/","Commercial ice machines. Find your output range.","Commercial Ice Machines from China: Compare Models | DDNZ","Existing published-content candidate; no search-volume estimate","pass"
"/sourcing/commercial-electric-fryers-from-china/","en","product-category","catering equipment dealers","commercial electric fryers from China","/sourcing/commercial-electric-fryers-from-china/","Commercial electric fryers. Choose the tank layout.","Commercial Electric Fryers from China: 10L & Twin Tank | DDNZ","Existing published-content candidate; no search-volume estimate","pass"
"/sourcing/commercial-electric-griddles-from-china/","en","product-category","catering equipment dealers","commercial electric griddles from China","/sourcing/commercial-electric-griddles-from-china/","Commercial electric griddles. Make the surface count.","Commercial Electric Griddles from China: Compare Sizes | DDNZ","Existing published-content candidate; no search-volume estimate","pass"
"/","en","brand-and-combined-service","importers needing buying and shipping","China sourcing and international freight forwarding","/","Source in China. Connect every step to international freight.","China Sourcing & International Freight Forwarding | DDNZ Global","Existing published-content candidate; no search-volume estimate","pass"
"/zh-cn/","zh-cn","brand-and-combined-service","importers needing buying and shipping","中国采购与国际货运代理","/","中国采购与国际货运，从需求到出运衔接。","中国采购与国际货运代理 | DDNZ Global","Existing published-content candidate; no search-volume estimate","pass"
"/ru/","ru","brand-and-combined-service","importers needing buying and shipping","Закупки в Китае и международные перевозки","/","Закупки в Китае. Связь каждого этапа с международной перевозкой.","Закупки в Китае и международные перевозки | DDNZ Global","Existing published-content candidate; no search-volume estimate","pass"
"/fr/","fr","brand-and-combined-service","importers needing buying and shipping","Sourcing en Chine et fret international","/","Sourcer en Chine. Relier chaque étape au fret international.","Sourcing en Chine et fret international | DDNZ Global","Existing published-content candidate; no search-volume estimate","pass"
"/es/","es","brand-and-combined-service","importers needing buying and shipping","Compras en China y transporte internacional","/","Compre en China. Conecte cada paso con el transporte internacional.","Compras en China y transporte internacional | DDNZ Global","Existing published-content candidate; no search-volume estimate","pass"
"/ar/","ar","brand-and-combined-service","importers needing buying and shipping","التوريد من الصين والشحن الدولي","/","توريد من الصين. اربط كل خطوة بالشحن الدولي.","التوريد من الصين والشحن الدولي | DDNZ Global","Existing published-content candidate; no search-volume estimate","pass"
"/pt/","pt","brand-and-combined-service","importers needing buying and shipping","Sourcing na China e transporte internacional","/","Compre na China. Conecte cada etapa ao transporte internacional.","Sourcing na China e transporte internacional | DDNZ Global","Existing published-content candidate; no search-volume estimate","pass"
"/tr/","tr","brand-and-combined-service","importers needing buying and shipping","Çin’den tedarik ve uluslararası taşımacılık","/","Çin’den tedarik edin. Her adımı uluslararası taşımaya bağlayın.","Çin’den tedarik ve uluslararası taşımacılık | DDNZ Global","Existing published-content candidate; no search-volume estimate","pass"
"/how-we-work/","en","process","first-time importers and repeat buyers","China sourcing process","/how-we-work/","One brief. Six accountable checkpoints from supplier search to export handoff.","How China Sourcing Works | DDNZ Global","Existing published-content candidate; no search-volume estimate","context-only"
"/zh-cn/how-we-work/","zh-cn","process","first-time importers and repeat buyers","中国采购服务流程","/how-we-work/","一份采购需求，六个责任节点，从供应商搜索到出口交接。","中国采购服务流程 | DDNZ Global 大递诺展","Existing published-content candidate; no search-volume estimate","context-only"
"/ru/how-we-work/","ru","process","first-time importers and repeat buyers","Как работает закупка в Китае","/how-we-work/","Один бриф. Шесть ответственных этапов — от поставщика до экспортной передачи.","Как работает закупка в Китае | DDNZ Global","Existing published-content candidate; no search-volume estimate","context-only"
"/fr/how-we-work/","fr","process","first-time importers and repeat buyers","Processus de sourcing en Chine","/how-we-work/","Un brief. Six points de contrôle, de la recherche fournisseur à la transmission export.","Processus de sourcing en Chine | DDNZ Global","Existing published-content candidate; no search-volume estimate","context-only"
"/es/how-we-work/","es","process","first-time importers and repeat buyers","Cómo funciona la compra en China","/how-we-work/","Un brief. Seis puntos responsables desde la búsqueda del proveedor hasta la entrega de exportación.","Cómo funciona la compra en China | DDNZ Global","Existing published-content candidate; no search-volume estimate","context-only"
"/ar/how-we-work/","ar","process","first-time importers and repeat buyers","كيف تعمل عملية التوريد من الصين","/how-we-work/","موجز واحد وست نقاط مسؤولية من البحث عن المورد إلى تسليم التصدير.","كيف تعمل عملية التوريد من الصين | DDNZ Global","Existing published-content candidate; no search-volume estimate","context-only"
"/pt/how-we-work/","pt","process","first-time importers and repeat buyers","Como funciona o sourcing na China","/how-we-work/","Um brief. Seis pontos de responsabilidade, da busca à entrega para exportação.","Como funciona o sourcing na China | DDNZ Global","Existing published-content candidate; no search-volume estimate","context-only"
"/tr/how-we-work/","tr","process","first-time importers and repeat buyers","Çin tedarik süreci nasıl işler","/how-we-work/","Tek talep. Tedarikçi aramadan ihracat teslimine altı sorumlu kontrol noktası.","Çin tedarik süreci nasıl işler | DDNZ Global","Existing published-content candidate; no search-volume estimate","context-only"
"/insights/","en","research-directory","buyers researching before an order","China sourcing and shipping guides","/insights/","China sourcing and shipping guides for importers.","China Sourcing & Shipping Guides | DDNZ Global","Existing published-content candidate; no search-volume estimate","context-only"
"/zh-cn/insights/","zh-cn","research-directory","buyers researching before an order","中国采购与国际运输指南","/insights/","面向进口商的中国采购与运输指南。","中国采购与国际运输指南 | DDNZ Global","Existing published-content candidate; no search-volume estimate","context-only"
"/ru/insights/","ru","research-directory","buyers researching before an order","Руководства по закупкам и доставке из Китая","/insights/","Закупки и доставка из Китая: руководства для импортеров.","Руководства по закупкам и доставке из Китая | DDNZ Global","Existing published-content candidate; no search-volume estimate","context-only"
"/fr/insights/","fr","research-directory","buyers researching before an order","Guides sourcing et transport depuis la Chine","/insights/","Guides sourcing et transport de Chine pour importateurs.","Guides sourcing et transport depuis la Chine | DDNZ Global","Existing published-content candidate; no search-volume estimate","context-only"
"/es/insights/","es","research-directory","buyers researching before an order","Guías de compras y envíos desde China","/insights/","Guías de compras y envíos desde China para importadores.","Guías de compras y envíos desde China | DDNZ Global","Existing published-content candidate; no search-volume estimate","context-only"
"/ar/insights/","ar","research-directory","buyers researching before an order","أدلة التوريد والشحن من الصين","/insights/","أدلة التوريد والشحن من الصين للمستوردين.","أدلة التوريد والشحن من الصين | DDNZ Global","Existing published-content candidate; no search-volume estimate","context-only"
"/pt/insights/","pt","research-directory","buyers researching before an order","Guias de compras e transporte da China","/insights/","Guias de compras e transporte da China para importadores.","Guias de compras e transporte da China | DDNZ Global","Existing published-content candidate; no search-volume estimate","context-only"
"/tr/insights/","tr","research-directory","buyers researching before an order","Çin’den tedarik ve nakliye rehberleri","/insights/","İthalatçılar için Çin’den tedarik ve nakliye rehberleri.","Çin’den tedarik ve nakliye rehberleri | DDNZ Global","Existing published-content candidate; no search-volume estimate","context-only"
"/services/sea-freight/","en","freight-mode","importers shipping containers","sea freight from China","/services/sea-freight/","One container. Every detail counts.","Sea Freight from China | FCL, LCL & Loading Plans | DDNZ Global","Existing published-content candidate; no search-volume estimate","pass"
"/zh-cn/services/sea-freight/","zh-cn","freight-mode","importers shipping containers","中国海运｜整柜、拼箱与装载规划","/services/sea-freight/","一柜货。 每一步，都算数。","中国海运｜整柜、拼箱与装载规划 | DDNZ Global","Existing published-content candidate; no search-volume estimate","pass"
"/ru/services/sea-freight/","ru","freight-mode","importers shipping containers","Морские перевозки из Китая: важна каждая деталь","/services/sea-freight/","Морские перевозки из Китая: важна каждая деталь","Морские перевозки из Китая: важна каждая деталь | DDNZ Global","Existing published-content candidate; no search-volume estimate","pass"
"/fr/services/sea-freight/","fr","freight-mode","importers shipping containers","Fret maritime depuis la Chine : chaque détail compte","/services/sea-freight/","Fret maritime depuis la Chine : chaque détail compte","Fret maritime depuis la Chine : chaque détail compte | DDNZ Global","Existing published-content candidate; no search-volume estimate","pass"
"/es/services/sea-freight/","es","freight-mode","importers shipping containers","Transporte marítimo desde China | FCL, LCL y carga","/services/sea-freight/","Un contenedor. Cada detalle cuenta.","Transporte marítimo desde China | FCL, LCL y carga | DDNZ Global","Existing published-content candidate; no search-volume estimate","pass"
"/ar/services/sea-freight/","ar","freight-mode","importers shipping containers","الشحن البحري من الصين: كل تفصيل مهم","/services/sea-freight/","الشحن البحري من الصين: كل تفصيل مهم","الشحن البحري من الصين: كل تفصيل مهم | DDNZ Global","Existing published-content candidate; no search-volume estimate","pass"
"/pt/services/sea-freight/","pt","freight-mode","importers shipping containers","Frete marítimo da China: cada detalhe conta","/services/sea-freight/","Frete marítimo da China: cada detalhe conta","Frete marítimo da China: cada detalhe conta | DDNZ Global","Existing published-content candidate; no search-volume estimate","pass"
"/tr/services/sea-freight/","tr","freight-mode","importers shipping containers","Çin’den denizyolu taşımacılığı: her ayrıntı önemli","/services/sea-freight/","Çin’den denizyolu taşımacılığı: her ayrıntı önemli","Çin’den denizyolu taşımacılığı: her ayrıntı önemli | DDNZ Global","Existing published-content candidate; no search-volume estimate","pass"
"/services/lcl-shipping-from-china/","en","freight-mode","small commercial shipment buyers","LCL shipping from China","/services/lcl-shipping-from-china/","Less than a container. Plan the whole journey.","LCL Shipping from China | Costs, Packing & Delivery | DDNZ Global","Existing published-content candidate; no search-volume estimate","pass"
"/zh-cn/services/lcl-shipping-from-china/","zh-cn","freight-mode","small commercial shipment buyers","中国 LCL 拼箱与集运｜费用、包装与交付","/services/lcl-shipping-from-china/","不满一柜， 也要把每一步算清。","中国 LCL 拼箱与集运｜费用、包装与交付 | DDNZ Global","Existing published-content candidate; no search-volume estimate","pass"
"/ru/services/lcl-shipping-from-china/","ru","freight-mode","small commercial shipment buyers","Сборные морские грузы из Китая: планируйте весь путь","/services/lcl-shipping-from-china/","Сборные морские грузы из Китая: планируйте весь путь","Сборные морские грузы из Китая: планируйте весь путь | DDNZ Global","Existing published-content candidate; no search-volume estimate","pass"
"/fr/services/lcl-shipping-from-china/","fr","freight-mode","small commercial shipment buyers","Groupage maritime depuis la Chine : prévoir tout le trajet","/services/lcl-shipping-from-china/","Groupage maritime depuis la Chine : prévoir tout le trajet","Groupage maritime depuis la Chine : prévoir tout le trajet | DDNZ Global","Existing published-content candidate; no search-volume estimate","pass"
"/es/services/lcl-shipping-from-china/","es","freight-mode","small commercial shipment buyers","Envíos LCL desde China | Costos, embalaje y entrega","/services/lcl-shipping-from-china/","Menos de un contenedor. Planifica todo el recorrido.","Envíos LCL desde China | Costos, embalaje y entrega | DDNZ Global","Existing published-content candidate; no search-volume estimate","pass"
"/ar/services/lcl-shipping-from-china/","ar","freight-mode","small commercial shipment buyers","الشحن البحري الجزئي من الصين: خطط للرحلة كاملة","/services/lcl-shipping-from-china/","الشحن البحري الجزئي من الصين: خطط للرحلة كاملة","الشحن البحري الجزئي من الصين: خطط للرحلة كاملة | DDNZ Global","Existing published-content candidate; no search-volume estimate","pass"
"/pt/services/lcl-shipping-from-china/","pt","freight-mode","small commercial shipment buyers","Carga marítima LCL da China: planeje todo o percurso","/services/lcl-shipping-from-china/","Carga marítima LCL da China: planeje todo o percurso","Carga marítima LCL da China: planeje todo o percurso | DDNZ Global","Existing published-content candidate; no search-volume estimate","pass"
"/tr/services/lcl-shipping-from-china/","tr","freight-mode","small commercial shipment buyers","Çin’den parsiyel denizyolu taşımacılığı: tüm süreci planlayın","/services/lcl-shipping-from-china/","Çin’den parsiyel denizyolu taşımacılığı: tüm süreci planlayın","Çin’den parsiyel denizyolu taşımacılığı: tüm süreci planlayın | DDNZ Global","Existing published-content candidate; no search-volume estimate","pass"
"/services/dangerous-goods-shipping-from-china/","en","specialist-freight","buyers with declared special cargo","dangerous goods shipping from China","/services/dangerous-goods-shipping-from-china/","Dangerous goods shipping from China & container securing","Dangerous goods shipping & container securing | DDNZ Global","Existing published-content candidate; no search-volume estimate","pass"
"/zh-cn/services/dangerous-goods-shipping-from-china/","zh-cn","specialist-freight","buyers with declared special cargo","危险品运输与装柜加固","/services/dangerous-goods-shipping-from-china/","中国危险品出口运输与装柜加固","危险品运输与装柜加固 | DDNZ Global","Existing published-content candidate; no search-volume estimate","pass"
"/ru/services/dangerous-goods-shipping-from-china/","ru","specialist-freight","buyers with declared special cargo","Перевозка опасных грузов из Китая и крепление в контейнере","/services/dangerous-goods-shipping-from-china/","Перевозка опасных грузов из Китая и крепление в контейнере","Перевозка опасных грузов из Китая и крепление в контейнере | DDNZ Global","Existing published-content candidate; no search-volume estimate","pass"
"/fr/services/dangerous-goods-shipping-from-china/","fr","specialist-freight","buyers with declared special cargo","Transport de marchandises dangereuses depuis la Chine et arrimage","/services/dangerous-goods-shipping-from-china/","Transport de marchandises dangereuses depuis la Chine et arrimage","Transport de marchandises dangereuses depuis la Chine et arrimage | DDNZ Global","Existing published-content candidate; no search-volume estimate","pass"
"/es/services/dangerous-goods-shipping-from-china/","es","specialist-freight","buyers with declared special cargo","Mercancías peligrosas y sujeción de carga","/services/dangerous-goods-shipping-from-china/","Transporte de mercancías peligrosas desde China y sujeción de carga","Mercancías peligrosas y sujeción de carga | DDNZ Global","Existing published-content candidate; no search-volume estimate","pass"
"/ar/services/dangerous-goods-shipping-from-china/","ar","specialist-freight","buyers with declared special cargo","شحن البضائع الخطرة من الصين وتثبيتها داخل الحاوية","/services/dangerous-goods-shipping-from-china/","شحن البضائع الخطرة من الصين وتثبيتها داخل الحاوية","شحن البضائع الخطرة من الصين وتثبيتها داخل الحاوية | DDNZ Global","Existing published-content candidate; no search-volume estimate","pass"
"/pt/services/dangerous-goods-shipping-from-china/","pt","specialist-freight","buyers with declared special cargo","Transporte de cargas perigosas da China e fixação em contêiner","/services/dangerous-goods-shipping-from-china/","Transporte de cargas perigosas da China e fixação em contêiner","Transporte de cargas perigosas da China e fixação em contêiner | DDNZ Global","Existing published-content candidate; no search-volume estimate","pass"
"/tr/services/dangerous-goods-shipping-from-china/","tr","specialist-freight","buyers with declared special cargo","Çin’den tehlikeli madde taşımacılığı ve konteyner içi sabitleme","/services/dangerous-goods-shipping-from-china/","Çin’den tehlikeli madde taşımacılığı ve konteyner içi sabitleme","Çin’den tehlikeli madde taşımacılığı ve konteyner içi sabitleme | DDNZ Global","Existing published-content candidate; no search-volume estimate","pass"
"/services/air-freight/","en","freight-mode","urgent commercial cargo buyers","air freight from China","/services/air-freight/","Air freight from China. Urgent cargo, with the acceptance checked first.","Air Freight China | Express Air Shipping Agent Shenzhen","Existing published-content candidate; no search-volume estimate","pass"
"/zh-cn/services/air-freight/","zh-cn","freight-mode","urgent commercial cargo buyers","深圳精密空运货代 | 跨境高时效航空货运报价","/services/air-freight/","中国空运服务。 紧急货，也要先把承运条件核对清楚。","深圳精密空运货代 | 跨境高时效航空货运报价","Existing published-content candidate; no search-volume estimate","pass"
"/ru/services/air-freight/","ru","freight-mode","urgent commercial cargo buyers","Авиаперевозки из Китая | Экспресс отправка Шэньчжэнь","/services/air-freight/","Авиаперевозки из Китая. Срочный груз — только после проверки допуска.","Авиаперевозки из Китая | Экспресс отправка Шэньчжэнь","Existing published-content candidate; no search-volume estimate","pass"
"/fr/services/air-freight/","fr","freight-mode","urgent commercial cargo buyers","Fret Aérien Chine | Agence de Transit Express Shenzhen","/services/air-freight/","Fret aérien depuis la Chine. L’urgence commence par l’acceptation du fret.","Fret Aérien Chine | Agence de Transit Express Shenzhen","Existing published-content candidate; no search-volume estimate","pass"
"/es/services/air-freight/","es","freight-mode","urgent commercial cargo buyers","Carga aérea desde China","/services/air-freight/","Carga aérea desde China. La urgencia empieza por confirmar la aceptación.","Carga aérea desde China | DDNZ Global","Existing published-content candidate; no search-volume estimate","pass"
"/ar/services/air-freight/","ar","freight-mode","urgent commercial cargo buyers","الشحن الجوي من الصين","/services/air-freight/","الشحن الجوي من الصين. الشحنة العاجلة تبدأ أولاً بتأكيد القبول.","الشحن الجوي من الصين | DDNZ Global","Existing published-content candidate; no search-volume estimate","pass"
"/services/amazon-fba/","en","freight-service","Amazon sellers with confirmed shipment plans","Amazon FBA logistics from China","/services/amazon-fba/","Amazon FBA logistics from China. Prep, transport and appointment—one controlled handover.","Amazon FBA Prep China | Professional FNSKU Labeling","Existing published-content candidate; no search-volume estimate","pass"
"/zh-cn/services/amazon-fba/","zh-cn","freight-service","Amazon sellers with confirmed shipment plans","出口亚马逊FBA仓配 | 双清包税贴标拼箱DDP","/services/amazon-fba/","中国至 Amazon FBA 物流。 贴标、运输、预约入仓，一次交接管清楚。","出口亚马逊FBA仓配 | 双清包税贴标拼箱DDP","Existing published-content candidate; no search-volume estimate","pass"
"/ru/services/amazon-fba/","ru","freight-service","Amazon sellers with confirmed shipment plans","Доставка на склады Amazon FBA из КНР | Prep услуги","/services/amazon-fba/","Логистика Amazon FBA из Китая. Prep, перевозка и запись — одна контролируемая передача.","Доставка на склады Amazon FBA из КНР | Prep услуги","Existing published-content candidate; no search-volume estimate","pass"
"/fr/services/amazon-fba/","fr","freight-service","Amazon sellers with confirmed shipment plans","Logistique Amazon FBA Chine | Service d'Étiquetage","/services/amazon-fba/","Logistique Amazon FBA depuis la Chine. Prep, transport et rendez-vous sous un même contrôle.","Logistique Amazon FBA Chine | Service d'Étiquetage","Existing published-content candidate; no search-volume estimate","pass"
"/es/services/amazon-fba/","es","freight-service","Amazon sellers with confirmed shipment plans","Logística Amazon FBA desde China","/services/amazon-fba/","Logística Amazon FBA desde China. Preparación, transporte y cita en una entrega controlada.","Logística Amazon FBA desde China | DDNZ Global","Existing published-content candidate; no search-volume estimate","pass"
"/ar/services/amazon-fba/","ar","freight-service","Amazon sellers with confirmed shipment plans","لوجستيات Amazon FBA من الصين","/services/amazon-fba/","لوجستيات Amazon FBA من الصين. التجهيز والنقل والموعد ضمن تسليم واحد مضبوط.","لوجستيات Amazon FBA من الصين | DDNZ Global","Existing published-content candidate; no search-volume estimate","pass"
"/services/warehouse-services/","en","origin-service","buyers receiving multiple supplier batches","warehouse consolidation in China","/services/warehouse-services/","Warehouse and consolidation in China. One origin-control point for several suppliers.","Secure Warehouse Storage China | Cheap Cross Docking","Existing published-content candidate; no search-volume estimate","pass"
"/zh-cn/services/warehouse-services/","zh-cn","origin-service","buyers receiving multiple supplier batches","广州自营出口储运集运仓 | 廉价跨境仓储一件代发","/services/warehouse-services/","中国仓储与集货服务。 多家供应商，一个始发端控制点。","广州自营出口储运集运仓 | 廉价跨境仓储一件代发","Existing published-content candidate; no search-volume estimate","pass"
"/ru/services/warehouse-services/","ru","origin-service","buyers receiving multiple supplier batches","Услуги склада и консолидации в Гуанчжоу | Кросс-докинг","/services/warehouse-services/","Склад и консолидация в Китае. Одна точка контроля для нескольких поставщиков.","Услуги склада и консолидации в Гуанчжоу | Кросс-докинг","Existing published-content candidate; no search-volume estimate","pass"
"/fr/services/warehouse-services/","fr","origin-service","buyers receiving multiple supplier batches","Stockage de marchandises en Chine | Transit Express","/services/warehouse-services/","Entrepôt et consolidation en Chine. Un point de contrôle pour plusieurs fournisseurs.","Stockage de marchandises en Chine | Transit Express","Existing published-content candidate; no search-volume estimate","pass"
"/es/services/warehouse-services/","es","origin-service","buyers receiving multiple supplier batches","Almacén y consolidación en China","/services/warehouse-services/","Almacén y consolidación en China. Un punto de control para varios proveedores.","Almacén y consolidación en China | DDNZ Global","Existing published-content candidate; no search-volume estimate","pass"
"/ar/services/warehouse-services/","ar","origin-service","buyers receiving multiple supplier batches","التخزين والتجميع في الصين","/services/warehouse-services/","التخزين والتجميع في الصين. نقطة تحكم واحدة لعدة موردين.","التخزين والتجميع في الصين | DDNZ Global","Existing published-content candidate; no search-volume estimate","pass"
"/shipping-from-china-to-middle-east/","en","freight-destination","importers with a defined destination","shipping from China to middle east","/shipping-from-china-to-middle-east/","Shipping from China to the Middle East.","Shipping from China to the Middle East | DDNZ Global Port and gateway network","Existing published-content candidate; no search-volume estimate","pass"
"/zh-cn/shipping-from-china-to-middle-east/","zh-cn","freight-destination","importers with a defined destination","中国至 中东","/shipping-from-china-to-middle-east/","从中国发往 中东.","中国至 中东 | DDNZ Global 港口与门户网络","Existing published-content candidate; no search-volume estimate","pass"
"/ru/shipping-from-china-to-middle-east/","ru","freight-destination","importers with a defined destination","Доставка из Китая на Ближний Восток","/shipping-from-china-to-middle-east/","Доставка из Китая на Ближний Восток.","Доставка из Китая на Ближний Восток | DDNZ Global Сеть портов и переходов","Existing published-content candidate; no search-volume estimate","pass"
"/fr/shipping-from-china-to-middle-east/","fr","freight-destination","importers with a defined destination","Expédier de Chine vers le Moyen-Orient","/shipping-from-china-to-middle-east/","Expédier de Chine vers le Moyen-Orient.","Expédier de Chine vers le Moyen-Orient | DDNZ Global Réseau de ports et passages","Existing published-content candidate; no search-volume estimate","pass"
"/es/shipping-from-china-to-middle-east/","es","freight-destination","importers with a defined destination","Envíos de China a Oriente Medio","/shipping-from-china-to-middle-east/","Envíos de China a Oriente Medio.","Envíos de China a Oriente Medio | DDNZ Global Red de puertos y accesos","Existing published-content candidate; no search-volume estimate","pass"
"/ar/shipping-from-china-to-middle-east/","ar","freight-destination","importers with a defined destination","الشحن من الصين إلى الشرق الأوسط","/shipping-from-china-to-middle-east/","الشحن من الصين إلى الشرق الأوسط.","الشحن من الصين إلى الشرق الأوسط | DDNZ Global شبكة الموانئ والبوابات","Existing published-content candidate; no search-volume estimate","pass"
"/shipping-from-china-to-central-asia/","en","freight-destination","importers with a defined destination","shipping from China to central asia","/shipping-from-china-to-central-asia/","Shipping from China to Central Asia and Russia.","Shipping from China to Central Asia and Russia. | DDNZ Global China to Central Asia border gateways and destinations","Existing published-content candidate; no search-volume estimate","pass"
"/zh-cn/shipping-from-china-to-central-asia/","zh-cn","freight-destination","importers with a defined destination","中国到中亚五国及俄罗斯，按货物设计路线。","/shipping-from-china-to-central-asia/","中国到中亚五国及俄罗斯，按货物设计路线。","中国到中亚五国及俄罗斯，按货物设计路线。 | DDNZ Global 中国至中亚主要跨境运输口岸与城市","Existing published-content candidate; no search-volume estimate","pass"
"/ru/shipping-from-china-to-central-asia/","ru","freight-destination","importers with a defined destination","Доставка из Китая в Центральную Азию и Россию.","/shipping-from-china-to-central-asia/","Доставка из Китая в Центральную Азию и Россию.","Доставка из Китая в Центральную Азию и Россию. | DDNZ Global Пограничные переходы и пункты назначения Центральной Азии","Existing published-content candidate; no search-volume estimate","pass"
"/fr/shipping-from-china-to-central-asia/","fr","freight-destination","importers with a defined destination","Expédier de Chine vers l’Asie centrale et la Russie.","/shipping-from-china-to-central-asia/","Expédier de Chine vers l’Asie centrale et la Russie.","Expédier de Chine vers l’Asie centrale et la Russie. | DDNZ Global Passages et destinations entre Chine et Asie centrale","Existing published-content candidate; no search-volume estimate","pass"
"/es/shipping-from-china-to-central-asia/","es","freight-destination","importers with a defined destination","Envíos de China a Asia Central y Rusia.","/shipping-from-china-to-central-asia/","Envíos de China a Asia Central y Rusia.","Envíos de China a Asia Central y Rusia. | DDNZ Global Pasos fronterizos y destinos de Asia Central","Existing published-content candidate; no search-volume estimate","pass"
"/ar/shipping-from-china-to-central-asia/","ar","freight-destination","importers with a defined destination","الشحن من الصين إلى آسيا الوسطى وروسيا.","/shipping-from-china-to-central-asia/","الشحن من الصين إلى آسيا الوسطى وروسيا.","الشحن من الصين إلى آسيا الوسطى وروسيا. | DDNZ Global معابر ووجهات الصين وآسيا الوسطى","Existing published-content candidate; no search-volume estimate","pass"
"/shipping-from-china-to-west-africa/","en","freight-destination","importers with a defined destination","shipping from China to west africa","/shipping-from-china-to-west-africa/","Shipping from China to West Africa.","Shipping from China to West Africa | DDNZ Global Port and gateway network","Existing published-content candidate; no search-volume estimate","pass"
"/zh-cn/shipping-from-china-to-west-africa/","zh-cn","freight-destination","importers with a defined destination","中国至 西非","/shipping-from-china-to-west-africa/","从中国发往 西非.","中国至 西非 | DDNZ Global 港口与门户网络","Existing published-content candidate; no search-volume estimate","pass"
"/ru/shipping-from-china-to-west-africa/","ru","freight-destination","importers with a defined destination","Доставка из Китая в Западную Африку","/shipping-from-china-to-west-africa/","Доставка из Китая в Западную Африку.","Доставка из Китая в Западную Африку | DDNZ Global Сеть портов и переходов","Existing published-content candidate; no search-volume estimate","pass"
"/fr/shipping-from-china-to-west-africa/","fr","freight-destination","importers with a defined destination","Expédier de Chine vers l’Afrique de l’Ouest","/shipping-from-china-to-west-africa/","Expédier de Chine vers l’Afrique de l’Ouest.","Expédier de Chine vers l’Afrique de l’Ouest | DDNZ Global Réseau de ports et passages","Existing published-content candidate; no search-volume estimate","pass"
"/es/shipping-from-china-to-west-africa/","es","freight-destination","importers with a defined destination","Envíos de China a África Occidental","/shipping-from-china-to-west-africa/","Envíos de China a África Occidental.","Envíos de China a África Occidental | DDNZ Global Red de puertos y accesos","Existing published-content candidate; no search-volume estimate","pass"
"/ar/shipping-from-china-to-west-africa/","ar","freight-destination","importers with a defined destination","الشحن من الصين إلى غرب أفريقيا","/shipping-from-china-to-west-africa/","الشحن من الصين إلى غرب أفريقيا.","الشحن من الصين إلى غرب أفريقيا | DDNZ Global شبكة الموانئ والبوابات","Existing published-content candidate; no search-volume estimate","pass"
"/shipping-from-china-to-latin-america/","en","freight-destination","importers with a defined destination","shipping from China to latin america","/shipping-from-china-to-latin-america/","Shipping from China to Latin America.","Shipping from China to Latin America | DDNZ Global Port and gateway network","Existing published-content candidate; no search-volume estimate","pass"
"/zh-cn/shipping-from-china-to-latin-america/","zh-cn","freight-destination","importers with a defined destination","中国至 拉美","/shipping-from-china-to-latin-america/","从中国发往 拉美.","中国至 拉美 | DDNZ Global 港口与门户网络","Existing published-content candidate; no search-volume estimate","pass"
"/ru/shipping-from-china-to-latin-america/","ru","freight-destination","importers with a defined destination","Доставка из Китая в Латинскую Америку","/shipping-from-china-to-latin-america/","Доставка из Китая в Латинскую Америку.","Доставка из Китая в Латинскую Америку | DDNZ Global Сеть портов и переходов","Existing published-content candidate; no search-volume estimate","pass"
"/fr/shipping-from-china-to-latin-america/","fr","freight-destination","importers with a defined destination","Expédier de Chine vers l’Amérique latine","/shipping-from-china-to-latin-america/","Expédier de Chine vers l’Amérique latine.","Expédier de Chine vers l’Amérique latine | DDNZ Global Réseau de ports et passages","Existing published-content candidate; no search-volume estimate","pass"
"/es/shipping-from-china-to-latin-america/","es","freight-destination","importers with a defined destination","Envíos de China a Latinoamérica","/shipping-from-china-to-latin-america/","Envíos de China a Latinoamérica.","Envíos de China a Latinoamérica | DDNZ Global Red de puertos y accesos","Existing published-content candidate; no search-volume estimate","pass"
"/ar/shipping-from-china-to-latin-america/","ar","freight-destination","importers with a defined destination","الشحن من الصين إلى أمريكا اللاتينية","/shipping-from-china-to-latin-america/","الشحن من الصين إلى أمريكا اللاتينية.","الشحن من الصين إلى أمريكا اللاتينية | DDNZ Global شبكة الموانئ والبوابات","Existing published-content candidate; no search-volume estimate","pass"
"/get-a-quote/","en","utility","buyers with a defined product or service need","Request China Sourcing, Inspection or Freight Support","/get-a-quote/","","Request China Sourcing, Inspection or Freight Support | DDNZ","Existing published-content candidate; no search-volume estimate","context-only"
"/zh-cn/get-a-quote/","zh-cn","utility","buyers with a defined product or service need","提交中国采购、验货、集货或货运需求","/get-a-quote/","","提交中国采购、验货、集货或货运需求 | DDNZ Global","Existing published-content candidate; no search-volume estimate","context-only"
"/ru/get-a-quote/","ru","utility","buyers with a defined product or service need","Запрос на закупку, инспекцию или доставку из Китая","/get-a-quote/","","Запрос на закупку, инспекцию или доставку из Китая | DDNZ","Existing published-content candidate; no search-volume estimate","context-only"
"/fr/get-a-quote/","fr","utility","buyers with a defined product or service need","Demande sourcing, inspection ou fret depuis la Chine","/get-a-quote/","","Demande sourcing, inspection ou fret depuis la Chine | DDNZ","Existing published-content candidate; no search-volume estimate","context-only"
"/es/get-a-quote/","es","utility","buyers with a defined product or service need","Solicite una cotización de compras y transporte desde China","/get-a-quote/","","Solicite una cotización de compras y transporte desde China | DDNZ","Existing published-content candidate; no search-volume estimate","context-only"
"/ar/get-a-quote/","ar","utility","buyers with a defined product or service need","اطلب عرض توريد أو شحن من الصين","/get-a-quote/","","اطلب عرض توريد أو شحن من الصين | DDNZ Global","Existing published-content candidate; no search-volume estimate","context-only"
"/pt/get-a-quote/","pt","utility","buyers with a defined product or service need","Solicite suporte de sourcing, inspeção ou frete","/get-a-quote/","","Solicite suporte de sourcing, inspeção ou frete | DDNZ","Existing published-content candidate; no search-volume estimate","context-only"
"/tr/get-a-quote/","tr","utility","buyers with a defined product or service need","Çin tedarik, denetim veya navlun desteği talep edin","/get-a-quote/","","Çin tedarik, denetim veya navlun desteği talep edin | DDNZ","Existing published-content candidate; no search-volume estimate","context-only"
"/products/","en","product-directory","wholesalers and project buyers","products sourced from China","/products/","Source products from China. Build a range you can compare.","Product Sourcing from China | DDNZ Global","Existing published-content candidate; no search-volume estimate","pass"
"/sourcing-services/","en","sourcing-service-hub","importers and retailers","China sourcing services","/sourcing-services/","China sourcing services. From supplier search to export handoff.","China Sourcing Services for Retailers & Importers | DDNZ","Existing published-content candidate; no search-volume estimate","pass"
"/refrigeration-equipment/","en","product-family","cold equipment importers","commercial refrigeration equipment from China","/refrigeration-equipment/","Source commercial refrigeration equipment from China.","Commercial Refrigeration Equipment Sourcing | DDNZ","Existing published-content candidate; no search-volume estimate","pass"
"/sourcing/commercial-kitchen-equipment-from-china/","en","product-family","equipment importers","commercial kitchen equipment from China","/sourcing/commercial-kitchen-equipment-from-china/","Commercial kitchen equipment. Sourced in China.","Commercial Kitchen Equipment from China | DDNZ Global","Existing published-content candidate; no search-volume estimate","pass"
"/es/sourcing/commercial-kitchen-equipment-from-china/","es","product-family","equipment importers","Equipos de cocina comercial de China","/sourcing/commercial-kitchen-equipment-from-china/","Equipos de cocina comercial. Abastecimiento desde China.","Equipos de cocina comercial de China | DDNZ Global","Existing published-content candidate; no search-volume estimate","pass"
"/ar/sourcing/commercial-kitchen-equipment-from-china/","ar","product-family","equipment importers","معدات المطابخ التجارية من الصين","/sourcing/commercial-kitchen-equipment-from-china/","معدات المطابخ التجارية. توريد من الصين.","معدات المطابخ التجارية من الصين | DDNZ Global","Existing published-content candidate; no search-volume estimate","pass"
"/sourcing/restaurant-kitchen-packages-from-china/","en","project-package-hub","restaurant founders and contractors","restaurant kitchen equipment packages from China","/sourcing/restaurant-kitchen-packages-from-china/","Plan the kitchen. Buy from China.","Restaurant Kitchen Packages from China | Layout + Equipment | DDNZ","Existing published-content candidate; no search-volume estimate","pass"
"/sourcing/restaurant-kitchen-packages-from-china/takeaway-qsr/","en","product","buyers with a defined product or service need","Takeaway and QSR Kitchen Package from China","/sourcing/restaurant-kitchen-packages-from-china/takeaway-qsr/","Takeaway + QSR kitchen equipment package from China","Takeaway and QSR Kitchen Package from China | DDNZ","Existing published-content candidate; no search-volume estimate","pass"
"/sourcing/restaurant-kitchen-packages-from-china/cafe-light-meals/","en","product","buyers with a defined product or service need","Cafe and Light Meals Kitchen Package from China","/sourcing/restaurant-kitchen-packages-from-china/cafe-light-meals/","Cafe + light meals kitchen equipment package from China","Cafe and Light Meals Kitchen Package from China | DDNZ","Existing published-content candidate; no search-volume estimate","pass"
"/sourcing/restaurant-kitchen-packages-from-china/casual-dining/","en","product","buyers with a defined product or service need","Casual Dining Kitchen Package from China","/sourcing/restaurant-kitchen-packages-from-china/casual-dining/","Casual dining kitchen equipment package from China","Casual Dining Kitchen Package from China | DDNZ","Existing published-content candidate; no search-volume estimate","pass"
"/sourcing/restaurant-kitchen-packages-from-china/bakery-pastry/","en","product","buyers with a defined product or service need","Bakery and Pastry Kitchen Package from China","/sourcing/restaurant-kitchen-packages-from-china/bakery-pastry/","Bakery + pastry kitchen equipment package from China","Bakery and Pastry Kitchen Package from China | DDNZ","Existing published-content candidate; no search-volume estimate","pass"
"/sourcing/restaurant-kitchen-packages-from-china/pizza-shop/","en","product","buyers with a defined product or service need","Pizza Shop Kitchen Package from China","/sourcing/restaurant-kitchen-packages-from-china/pizza-shop/","Pizza shop kitchen equipment package from China","Pizza Shop Kitchen Package from China | DDNZ","Existing published-content candidate; no search-volume estimate","pass"
"/sourcing/restaurant-kitchen-packages-from-china/cloud-kitchen/","en","product","buyers with a defined product or service need","Cloud Kitchen Package from China","/sourcing/restaurant-kitchen-packages-from-china/cloud-kitchen/","Cloud kitchen kitchen equipment package from China","Cloud Kitchen Package from China | DDNZ","Existing published-content candidate; no search-volume estimate","pass"
"/sourcing/audio-speakers-from-china/","en","product-family","audio wholesalers and retailers","speaker sourcing from China","/sourcing/audio-speakers-from-china/","Source audio and speaker products from China with every sellable configuration defined.","Audio & Speaker Sourcing from China | DDNZ","Existing published-content candidate; no search-volume estimate","pass"
"/portable-power/selection-guide/","en","selection-tool","buyers defining appliance use","portable power station selection guide","/portable-power/selection-guide/","Picture your day. Find your power.","Portable Power Explained: Capacity, Loads & Charging | DDNZ","Existing published-content candidate; no search-volume estimate","context-only"
"/es/portable-power/selection-guide/","es","selection-tool","buyers defining appliance use","Guía visual de energía portátil: capacidad, cargas y carga","/portable-power/selection-guide/","Imagine su día. Encuentre su energía.","Guía visual de energía portátil: capacidad, cargas y carga | DDNZ","Existing published-content candidate; no search-volume estimate","context-only"
"/ar/portable-power/selection-guide/","ar","selection-tool","buyers defining appliance use","دليل مرئي للطاقة المتنقلة: السعة والأحمال والشحن","/portable-power/selection-guide/","تخيّل يومك. واختر طاقتك.","دليل مرئي للطاقة المتنقلة: السعة والأحمال والشحن | DDNZ","Existing published-content candidate; no search-volume estimate","context-only"
"/sourcing/outdoor-products-from-china/","en","product-family","outdoor equipment distributors","outdoor equipment sourcing from China","/sourcing/outdoor-products-from-china/","Build the kit. Know the limits.","Outdoor Equipment Sourcing from China | DDNZ Global","Existing published-content candidate; no search-volume estimate","pass"
"/es/sourcing/outdoor-products-from-china/","es","product-family","outdoor equipment distributors","Energía solar y refrigeración portátil","/sourcing/outdoor-products-from-china/","Forme el equipo. Conozca sus límites.","Energía solar y refrigeración portátil | DDNZ Global","Existing published-content candidate; no search-volume estimate","pass"
"/ar/sourcing/outdoor-products-from-china/","ar","product-family","outdoor equipment distributors","توريد الطاقة الشمسية والتبريد المتنقل","/sourcing/outdoor-products-from-china/","جهّز المنظومة. وافهم حدودها.","توريد الطاقة الشمسية والتبريد المتنقل | DDNZ Global","Existing published-content candidate; no search-volume estimate","pass"
"/sourcing-services/supplier-search/","en","supplier-service","buyers without an approved supplier","China supplier search and verification","/sourcing-services/supplier-search/","Shortlist China suppliers against one comparable buying brief.","China Supplier Search & Comparison | DDNZ Global","Existing published-content candidate; no search-volume estimate","pass"
"/zh-cn/sourcing-services/supplier-search/","zh-cn","supplier-service","buyers without an approved supplier","中国供应商搜索与比价","/sourcing-services/supplier-search/","用统一采购需求筛选并比较中国供应商。","中国供应商搜索与比价 | DDNZ Global","Existing published-content candidate; no search-volume estimate","pass"
"/ru/sourcing-services/supplier-search/","ru","supplier-service","buyers without an approved supplier","Поиск и сравнение поставщиков в Китае","/sourcing-services/supplier-search/","Сравните поставщиков из Китая по единому закупочному заданию.","Поиск и сравнение поставщиков в Китае | DDNZ","Existing published-content candidate; no search-volume estimate","pass"
"/fr/sourcing-services/supplier-search/","fr","supplier-service","buyers without an approved supplier","Recherche et comparaison fournisseurs en Chine","/sourcing-services/supplier-search/","Comparez les fournisseurs chinois sur un brief d’achat commun.","Recherche et comparaison fournisseurs en Chine | DDNZ","Existing published-content candidate; no search-volume estimate","pass"
"/es/sourcing-services/supplier-search/","es","supplier-service","buyers without an approved supplier","Búsqueda y comparación de proveedores en China","/sourcing-services/supplier-search/","Compare proveedores chinos con un único brief de compra.","Búsqueda y comparación de proveedores en China | DDNZ","Existing published-content candidate; no search-volume estimate","pass"
"/ar/sourcing-services/supplier-search/","ar","supplier-service","buyers without an approved supplier","البحث عن الموردين ومقارنتهم في الصين","/sourcing-services/supplier-search/","قارن موردي الصين وفق موجز شراء واحد قابل للمقارنة.","البحث عن الموردين ومقارنتهم في الصين | DDNZ","Existing published-content candidate; no search-volume estimate","pass"
"/pt/sourcing-services/supplier-search/","pt","supplier-service","buyers without an approved supplier","Busca e comparação de fornecedores na China","/sourcing-services/supplier-search/","Compare fornecedores chineses com um único brief de compra.","Busca e comparação de fornecedores na China | DDNZ","Existing published-content candidate; no search-volume estimate","pass"
"/tr/sourcing-services/supplier-search/","tr","supplier-service","buyers without an approved supplier","Çin’de tedarikçi arama ve karşılaştırma","/sourcing-services/supplier-search/","Çin tedarikçilerini tek bir karşılaştırılabilir talebe göre değerlendirin.","Çin’de tedarikçi arama ve karşılaştırma | DDNZ","Existing published-content candidate; no search-volume estimate","pass"
"/sourcing-services/inspection-quality-control/","en","inspection-service","buyers with orders awaiting release","pre-shipment inspection in China","/sourcing-services/inspection-quality-control/","Pre-shipment inspection and quality control in China.","China Inspection & Quality Control | DDNZ Global","Existing published-content candidate; no search-volume estimate","pass"
"/zh-cn/sourcing-services/inspection-quality-control/","zh-cn","inspection-service","buyers with orders awaiting release","中国验货与质量控制","/sourcing-services/inspection-quality-control/","中国出货前验货与质量控制。","中国验货与质量控制 | DDNZ Global","Existing published-content candidate; no search-volume estimate","pass"
"/ru/sourcing-services/inspection-quality-control/","ru","inspection-service","buyers with orders awaiting release","Инспекция и контроль качества в Китае","/sourcing-services/inspection-quality-control/","Предотгрузочная инспекция и контроль качества в Китае.","Инспекция и контроль качества в Китае | DDNZ","Existing published-content candidate; no search-volume estimate","pass"
"/fr/sourcing-services/inspection-quality-control/","fr","inspection-service","buyers with orders awaiting release","Inspection et contrôle qualité en Chine","/sourcing-services/inspection-quality-control/","Inspection avant expédition et contrôle qualité en Chine.","Inspection et contrôle qualité en Chine | DDNZ","Existing published-content candidate; no search-volume estimate","pass"
"/es/sourcing-services/inspection-quality-control/","es","inspection-service","buyers with orders awaiting release","Inspección y control de calidad en China","/sourcing-services/inspection-quality-control/","Inspección previa al envío y control de calidad en China.","Inspección y control de calidad en China | DDNZ","Existing published-content candidate; no search-volume estimate","pass"
"/ar/sourcing-services/inspection-quality-control/","ar","inspection-service","buyers with orders awaiting release","الفحص ومراقبة الجودة في الصين","/sourcing-services/inspection-quality-control/","فحص ما قبل الشحن ومراقبة الجودة في الصين.","الفحص ومراقبة الجودة في الصين | DDNZ","Existing published-content candidate; no search-volume estimate","pass"
"/pt/sourcing-services/inspection-quality-control/","pt","inspection-service","buyers with orders awaiting release","Inspeção e controle de qualidade na China","/sourcing-services/inspection-quality-control/","Inspeção pré-embarque e controle de qualidade na China.","Inspeção e controle de qualidade na China | DDNZ","Existing published-content candidate; no search-volume estimate","pass"
"/tr/sourcing-services/inspection-quality-control/","tr","inspection-service","buyers with orders awaiting release","Çin’de denetim ve kalite kontrol","/sourcing-services/inspection-quality-control/","Çin’de sevkiyat öncesi denetim ve kalite kontrolü.","Çin’de denetim ve kalite kontrol | DDNZ","Existing published-content candidate; no search-volume estimate","pass"
"/sourcing-services/consolidation-export/","en","consolidation-service","buyers using multiple factories","multi-supplier consolidation China","/sourcing-services/consolidation-export/","Consolidation and export support in China for multi-supplier orders.","China Order Consolidation & Export | DDNZ Global","Existing published-content candidate; no search-volume estimate","pass"
"/zh-cn/sourcing-services/consolidation-export/","zh-cn","consolidation-service","buyers using multiple factories","中国集货与出口交付","/sourcing-services/consolidation-export/","中国多供应商订单集货与出口协同。","中国集货与出口交付 | DDNZ Global","Existing published-content candidate; no search-volume estimate","pass"
"/ru/sourcing-services/consolidation-export/","ru","consolidation-service","buyers using multiple factories","Консолидация заказов и экспорт из Китая","/sourcing-services/consolidation-export/","Консолидация заказов и экспортная координация в Китае.","Консолидация заказов и экспорт из Китая | DDNZ","Existing published-content candidate; no search-volume estimate","pass"
"/fr/sourcing-services/consolidation-export/","fr","consolidation-service","buyers using multiple factories","Consolidation de commandes et export Chine","/sourcing-services/consolidation-export/","Consolidation des commandes et coordination export en Chine.","Consolidation de commandes et export Chine | DDNZ","Existing published-content candidate; no search-volume estimate","pass"
"/es/sourcing-services/consolidation-export/","es","consolidation-service","buyers using multiple factories","Consolidación de pedidos y exportación desde China","/sourcing-services/consolidation-export/","Consolidación de pedidos y coordinación de exportación en China.","Consolidación de pedidos y exportación desde China | DDNZ","Existing published-content candidate; no search-volume estimate","pass"
"/ar/sourcing-services/consolidation-export/","ar","consolidation-service","buyers using multiple factories","تجميع الطلبات والتصدير من الصين","/sourcing-services/consolidation-export/","تجميع الطلبات وتنسيق التصدير في الصين.","تجميع الطلبات والتصدير من الصين | DDNZ","Existing published-content candidate; no search-volume estimate","pass"
"/pt/sourcing-services/consolidation-export/","pt","consolidation-service","buyers using multiple factories","Consolidação de pedidos e exportação da China","/sourcing-services/consolidation-export/","Consolidação de pedidos e coordenação de exportação na China.","Consolidação de pedidos e exportação da China | DDNZ","Existing published-content candidate; no search-volume estimate","pass"
"/tr/sourcing-services/consolidation-export/","tr","consolidation-service","buyers using multiple factories","Çin sipariş konsolidasyonu ve ihracat","/sourcing-services/consolidation-export/","Çin’de sipariş konsolidasyonu ve ihracat koordinasyonu.","Çin sipariş konsolidasyonu ve ihracat | DDNZ","Existing published-content candidate; no search-volume estimate","pass"
"/shipping-from-china-to-saudi-arabia/","en","freight-destination","importers with a defined destination","shipping from China to saudi arabia","/shipping-from-china-to-saudi-arabia/","Reliable Shipping Networks from China to Saudi Arabia","Shipping from China to Saudi Arabia | DDNZ Global","Existing published-content candidate; no search-volume estimate","pass"
"/zh-cn/shipping-from-china-to-saudi-arabia/","zh-cn","freight-destination","importers with a defined destination","中国至沙特阿拉伯国际货运","/shipping-from-china-to-saudi-arabia/","安全、合规、稳健的中国到沙特阿拉伯海运/空运双清门到门专线","中国至沙特阿拉伯国际货运 | 华正邦泰","Existing published-content candidate; no search-volume estimate","pass"
"/ru/shipping-from-china-to-saudi-arabia/","ru","freight-destination","importers with a defined destination","Доставка из Китая в Саудовскую Аравию","/shipping-from-china-to-saudi-arabia/","Надежная доставка грузов из Китая в Саудовскую Аравию","Доставка из Китая в Саудовскую Аравию | DDNZ Global","Existing published-content candidate; no search-volume estimate","pass"
"/fr/shipping-from-china-to-saudi-arabia/","fr","freight-destination","importers with a defined destination","Expédition de Chine vers l’Arabie saoudite","/shipping-from-china-to-saudi-arabia/","Réseaux logistiques de Chine vers l'Arabie Saoudite","Expédition de Chine vers l’Arabie saoudite | DDNZ Global","Existing published-content candidate; no search-volume estimate","pass"
"/es/shipping-from-china-to-saudi-arabia/","es","freight-destination","importers with a defined destination","Envíos de China a Arabia Saudita","/shipping-from-china-to-saudi-arabia/","Envíos de China a Arabia Saudí con planificación DDP","Envíos de China a Arabia Saudita | DDNZ Global","Existing published-content candidate; no search-volume estimate","pass"
"/ar/shipping-from-china-to-saudi-arabia/","ar","freight-destination","importers with a defined destination","الشحن من الصين إلى السعودية","/shipping-from-china-to-saudi-arabia/","الشحن من الصين إلى السعودية مع تخطيط DDP","الشحن من الصين إلى السعودية | DDNZ Global","Existing published-content candidate; no search-volume estimate","pass"
"/shipping-from-china-to-uae/","en","freight-destination","importers with a defined destination","shipping from China to uae","/shipping-from-china-to-uae/","China to UAE. Plan beyond the port.","Shipping from China to UAE | Sea Freight & Delivery | DDNZ Global","Existing published-content candidate; no search-volume estimate","pass"
"/zh-cn/shipping-from-china-to-uae/","zh-cn","freight-destination","importers with a defined destination","中国到阿联酋货运｜海运、拆柜与交付安排","/shipping-from-china-to-uae/","中国到阿联酋。 把到港之后， 也安排清楚。","中国到阿联酋货运｜海运、拆柜与交付安排 | DDNZ Global","Existing published-content candidate; no search-volume estimate","pass"
"/ru/shipping-from-china-to-uae/","ru","freight-destination","importers with a defined destination","Доставка из Китая в ОАЭ","/shipping-from-china-to-uae/","Специализированная доставка из Китая в ОАЭ (Дубай/Джебель-Али)","Доставка из Китая в ОАЭ | DDNZ Global","Existing published-content candidate; no search-volume estimate","pass"
"/fr/shipping-from-china-to-uae/","fr","freight-destination","importers with a defined destination","Expédition de Chine vers les Émirats arabes unis","/shipping-from-china-to-uae/","Fret et logistique de Chine vers les EAU (Dubaï/Jebel Ali)","Expédition de Chine vers les Émirats arabes unis | DDNZ Global","Existing published-content candidate; no search-volume estimate","pass"
"/es/shipping-from-china-to-uae/","es","freight-destination","importers with a defined destination","Envíos de China a EAU | Transporte y entrega","/shipping-from-china-to-uae/","De China a EAU. Planificar más allá del puerto.","Envíos de China a EAU | Transporte y entrega | DDNZ Global","Existing published-content candidate; no search-volume estimate","pass"
"/ar/shipping-from-china-to-uae/","ar","freight-destination","importers with a defined destination","الشحن من الصين إلى الإمارات","/shipping-from-china-to-uae/","الشحن من الصين إلى دبي وجبل علي","الشحن من الصين إلى الإمارات | DDNZ Global","Existing published-content candidate; no search-volume estimate","pass"
"/shipping-from-china-to-kuwait/","en","freight-destination","importers with a defined destination","shipping from China to kuwait","/shipping-from-china-to-kuwait/","Freight Forwarding from China to Kuwait | KUCAS & Customs Documentation Support","Shipping from China to Kuwait | DDNZ Global","Existing published-content candidate; no search-volume estimate","pass"
"/zh-cn/shipping-from-china-to-kuwait/","zh-cn","freight-destination","importers with a defined destination","中国至科威特国际货运","/shipping-from-china-to-kuwait/","中国至科威特海运与空运：KUCAS 文件支持与目的地交付协调","中国至科威特国际货运 | 华正邦泰","Existing published-content candidate; no search-volume estimate","pass"
"/ru/shipping-from-china-to-kuwait/","ru","freight-destination","importers with a defined destination","Доставка из Китая в Кувейт","/shipping-from-china-to-kuwait/","Доставка из Китая в Кувейт | Поддержка по документам KUCAS","Доставка из Китая в Кувейт | DDNZ Global","Existing published-content candidate; no search-volume estimate","pass"
"/fr/shipping-from-china-to-kuwait/","fr","freight-destination","importers with a defined destination","Expédition de Chine vers le Koweït","/shipping-from-china-to-kuwait/","Transport de fret sécurisé de Chine vers le Koweït | Conformité KUCAS","Expédition de Chine vers le Koweït | DDNZ Global","Existing published-content candidate; no search-volume estimate","pass"
"/es/shipping-from-china-to-kuwait/","es","freight-destination","importers with a defined destination","Envíos de China a Kuwait","/shipping-from-china-to-kuwait/","Envíos de China a Kuwait con revisión KUCAS/TABEK","Envíos de China a Kuwait | DDNZ Global","Existing published-content candidate; no search-volume estimate","pass"
"/ar/shipping-from-china-to-kuwait/","ar","freight-destination","importers with a defined destination","الشحن من الصين إلى الكويت","/shipping-from-china-to-kuwait/","الشحن من الصين إلى الكويت مع مراجعة KUCAS/TABEK","الشحن من الصين إلى الكويت | DDNZ Global","Existing published-content candidate; no search-volume estimate","pass"
"/shipping-from-china-to-qatar/","en","freight-destination","importers with a defined destination","shipping from China to qatar","/shipping-from-china-to-qatar/","Shipping from China to Qatar | Freight and Document Planning","Shipping from China to Qatar | DDNZ Global","Existing published-content candidate; no search-volume estimate","pass"
"/zh-cn/shipping-from-china-to-qatar/","zh-cn","freight-destination","importers with a defined destination","中国至卡塔尔国际货运","/shipping-from-china-to-qatar/","中国到卡塔尔海运与空运：文件与目的地操作协调支持","中国至卡塔尔国际货运 | 华正邦泰","Existing published-content candidate; no search-volume estimate","pass"
"/ru/shipping-from-china-to-qatar/","ru","freight-destination","importers with a defined destination","Доставка из Китая в Катар","/shipping-from-china-to-qatar/","Доставка грузов из Китая в Катар","Доставка из Китая в Катар | DDNZ Global","Existing published-content candidate; no search-volume estimate","pass"
"/fr/shipping-from-china-to-qatar/","fr","freight-destination","importers with a defined destination","Expédition de Chine vers le Qatar","/shipping-from-china-to-qatar/","Fret maritime et aérien de Chine vers Qatar","Expédition de Chine vers le Qatar | DDNZ Global","Existing published-content candidate; no search-volume estimate","pass"
"/es/shipping-from-china-to-qatar/","es","freight-destination","importers with a defined destination","Envíos de China a Catar","/shipping-from-china-to-qatar/","Envíos desde China a Qatar | Planificación de carga y documentos","Envíos de China a Catar | DDNZ Global","Existing published-content candidate; no search-volume estimate","pass"
"/ar/shipping-from-china-to-qatar/","ar","freight-destination","importers with a defined destination","الشحن من الصين إلى قطر","/shipping-from-china-to-qatar/","الشحن من الصين إلى قطر | تخطيط الشحن والمستندات","الشحن من الصين إلى قطر | DDNZ Global","Existing published-content candidate; no search-volume estimate","pass"
"/shipping-from-china-to-oman/","en","freight-destination","importers with a defined destination","shipping from China to oman","/shipping-from-china-to-oman/","Shipping from China to Oman | Freight and Document Planning","Shipping from China to Oman | DDNZ Global","Existing published-content candidate; no search-volume estimate","pass"
"/zh-cn/shipping-from-china-to-oman/","zh-cn","freight-destination","importers with a defined destination","中国至阿曼国际货运","/shipping-from-china-to-oman/","中国到阿曼海运与空运：文件与目的地操作协调支持","中国至阿曼国际货运 | 华正邦泰","Existing published-content candidate; no search-volume estimate","pass"
"/ru/shipping-from-china-to-oman/","ru","freight-destination","importers with a defined destination","Доставка из Китая в Оман","/shipping-from-china-to-oman/","Доставка грузов из Китая в Оман","Доставка из Китая в Оман | DDNZ Global","Existing published-content candidate; no search-volume estimate","pass"
"/fr/shipping-from-china-to-oman/","fr","freight-destination","importers with a defined destination","Expédition de Chine vers Oman","/shipping-from-china-to-oman/","Fret maritime et aérien de Chine vers Oman","Expédition de Chine vers Oman | DDNZ Global","Existing published-content candidate; no search-volume estimate","pass"
"/es/shipping-from-china-to-oman/","es","freight-destination","importers with a defined destination","Envíos de China a Omán","/shipping-from-china-to-oman/","Envíos desde China a Omán | Planificación de carga y documentos","Envíos de China a Omán | DDNZ Global","Existing published-content candidate; no search-volume estimate","pass"
"/ar/shipping-from-china-to-oman/","ar","freight-destination","importers with a defined destination","الشحن من الصين إلى عُمان","/shipping-from-china-to-oman/","الشحن من الصين إلى عُمان | تخطيط الشحن والمستندات","الشحن من الصين إلى عُمان | DDNZ Global","Existing published-content candidate; no search-volume estimate","pass"
"/shipping-from-china-to-bahrain/","en","freight-destination","importers with a defined destination","shipping from China to bahrain","/shipping-from-china-to-bahrain/","Shipping from China to Bahrain | Freight and Document Planning","Shipping from China to Bahrain | DDNZ Global","Existing published-content candidate; no search-volume estimate","pass"
"/zh-cn/shipping-from-china-to-bahrain/","zh-cn","freight-destination","importers with a defined destination","中国至巴林国际货运","/shipping-from-china-to-bahrain/","中国到巴林海运与空运：文件与目的地操作协调支持","中国至巴林国际货运 | 华正邦泰","Existing published-content candidate; no search-volume estimate","pass"
"/ru/shipping-from-china-to-bahrain/","ru","freight-destination","importers with a defined destination","Доставка из Китая в Бахрейн","/shipping-from-china-to-bahrain/","Доставка грузов из Китая в Бахрейн","Доставка из Китая в Бахрейн | DDNZ Global","Existing published-content candidate; no search-volume estimate","pass"
"/fr/shipping-from-china-to-bahrain/","fr","freight-destination","importers with a defined destination","Expédition de Chine vers Bahreïn","/shipping-from-china-to-bahrain/","Fret maritime et aérien de Chine vers Bahreïn","Expédition de Chine vers Bahreïn | DDNZ Global","Existing published-content candidate; no search-volume estimate","pass"
"/es/shipping-from-china-to-bahrain/","es","freight-destination","importers with a defined destination","Envíos de China a Baréin","/shipping-from-china-to-bahrain/","Envíos desde China a Baréin | Planificación de carga y documentos","Envíos de China a Baréin | DDNZ Global","Existing published-content candidate; no search-volume estimate","pass"
"/ar/shipping-from-china-to-bahrain/","ar","freight-destination","importers with a defined destination","الشحن من الصين إلى البحرين","/shipping-from-china-to-bahrain/","الشحن من الصين إلى البحرين | تخطيط الشحن والمستندات","الشحن من الصين إلى البحرين | DDNZ Global","Existing published-content candidate; no search-volume estimate","pass"
"/shipping-from-china-to-kazakhstan/","en","freight-destination","importers with a defined destination","shipping from China to kazakhstan","/shipping-from-china-to-kazakhstan/","China to Kazakhstan Freight: Rail, Trucking & Customs Support","Shipping from China to Kazakhstan | DDNZ Global China to Central Asia border gateways and destinations","Existing published-content candidate; no search-volume estimate","pass"
"/zh-cn/shipping-from-china-to-kazakhstan/","zh-cn","freight-destination","importers with a defined destination","中国至哈萨克斯坦国际货运","/shipping-from-china-to-kazakhstan/","中国到哈萨克斯坦货运：铁路、卡航与 EAEU 清关服务","中国至哈萨克斯坦国际货运 | 华正邦泰 中国至中亚主要跨境运输口岸与城市","Existing published-content candidate; no search-volume estimate","pass"
"/ru/shipping-from-china-to-kazakhstan/","ru","freight-destination","importers with a defined destination","Доставка из Китая в Казахстан","/shipping-from-china-to-kazakhstan/","Доставка из Китая в Казахстан: железная дорога, авто и таможня","Доставка из Китая в Казахстан | DDNZ Global Пограничные переходы и пункты назначения Центральной Азии","Existing published-content candidate; no search-volume estimate","pass"
"/fr/shipping-from-china-to-kazakhstan/","fr","freight-destination","importers with a defined destination","Expédition de Chine vers le Kazakhstan","/shipping-from-china-to-kazakhstan/","Fret de Chine vers Kazakhstan","Expédition de Chine vers le Kazakhstan | DDNZ Global Passages et destinations entre Chine et Asie centrale","Existing published-content candidate; no search-volume estimate","pass"
"/es/shipping-from-china-to-kazakhstan/","es","freight-destination","importers with a defined destination","Envíos de China a Kazajistán","/shipping-from-china-to-kazakhstan/","Transporte de China a Kazajistán","Envíos de China a Kazajistán | DDNZ Global Pasos fronterizos y destinos de Asia Central","Existing published-content candidate; no search-volume estimate","pass"
"/ar/shipping-from-china-to-kazakhstan/","ar","freight-destination","importers with a defined destination","الشحن من الصين إلى كازاخستان","/shipping-from-china-to-kazakhstan/","الشحن من الصين إلى كازاخستان","الشحن من الصين إلى كازاخستان | DDNZ Global معابر ووجهات الصين وآسيا الوسطى","Existing published-content candidate; no search-volume estimate","pass"
"/shipping-from-china-to-uzbekistan/","en","freight-destination","importers with a defined destination","shipping from China to uzbekistan","/shipping-from-china-to-uzbekistan/","Rail, multimodal and trucking from China to Uzbekistan","Shipping from China to Uzbekistan | DDNZ Global Cross-border road route from Jiaozhou to Tashkent","Existing published-content candidate; no search-volume estimate","pass"
"/zh-cn/shipping-from-china-to-uzbekistan/","zh-cn","freight-destination","importers with a defined destination","中国至乌兹别克斯坦国际货运","/shipping-from-china-to-uzbekistan/","中国到乌兹别克斯坦的铁路、卡航与多式联运","中国至乌兹别克斯坦国际货运 | 华正邦泰 胶州至塔什干跨境汽运节点图","Existing published-content candidate; no search-volume estimate","pass"
"/ru/shipping-from-china-to-uzbekistan/","ru","freight-destination","importers with a defined destination","Доставка из Китая в Узбекистан","/shipping-from-china-to-uzbekistan/","Доставка из Китая в Узбекистан","Доставка из Китая в Узбекистан | DDNZ Global Автомаршрут Цзяочжоу — Ташкент","Existing published-content candidate; no search-volume estimate","pass"
"/fr/shipping-from-china-to-uzbekistan/","fr","freight-destination","importers with a defined destination","Expédition de Chine vers l’Ouzbékistan","/shipping-from-china-to-uzbekistan/","Fret de Chine vers Ouzbékistan","Expédition de Chine vers l’Ouzbékistan | DDNZ Global Route routière de Jiaozhou à Tachkent","Existing published-content candidate; no search-volume estimate","pass"
"/es/shipping-from-china-to-uzbekistan/","es","freight-destination","importers with a defined destination","Envíos de China a Uzbekistán","/shipping-from-china-to-uzbekistan/","Transporte de China a Uzbekistán","Envíos de China a Uzbekistán | DDNZ Global Ruta por carretera de Jiaozhou a Taskent","Existing published-content candidate; no search-volume estimate","pass"
"/ar/shipping-from-china-to-uzbekistan/","ar","freight-destination","importers with a defined destination","الشحن من الصين إلى أوزبكستان","/shipping-from-china-to-uzbekistan/","الشحن من الصين إلى أوزبكستان","الشحن من الصين إلى أوزبكستان | DDNZ Global المسار البري من جياوجو إلى طشقند","Existing published-content candidate; no search-volume estimate","pass"
"/shipping-from-china-to-kyrgyzstan/","en","freight-destination","importers with a defined destination","shipping from China to kyrgyzstan","/shipping-from-china-to-kyrgyzstan/","Freight from China to Kyrgyzstan","Shipping from China to Kyrgyzstan | DDNZ Global China to Central Asia border gateways and destinations","Existing published-content candidate; no search-volume estimate","pass"
"/zh-cn/shipping-from-china-to-kyrgyzstan/","zh-cn","freight-destination","importers with a defined destination","中国至吉尔吉斯斯坦国际货运","/shipping-from-china-to-kyrgyzstan/","中国到吉尔吉斯斯坦货运","中国至吉尔吉斯斯坦国际货运 | 华正邦泰 中国至中亚主要跨境运输口岸与城市","Existing published-content candidate; no search-volume estimate","pass"
"/ru/shipping-from-china-to-kyrgyzstan/","ru","freight-destination","importers with a defined destination","Доставка из Китая в Кыргызстан","/shipping-from-china-to-kyrgyzstan/","Китай - Кыргызстан: грузоперевозки","Доставка из Китая в Кыргызстан | DDNZ Global Пограничные переходы и пункты назначения Центральной Азии","Existing published-content candidate; no search-volume estimate","pass"
"/fr/shipping-from-china-to-kyrgyzstan/","fr","freight-destination","importers with a defined destination","Expédition de Chine vers le Kirghizistan","/shipping-from-china-to-kyrgyzstan/","Fret de Chine vers Kirghizistan","Expédition de Chine vers le Kirghizistan | DDNZ Global Passages et destinations entre Chine et Asie centrale","Existing published-content candidate; no search-volume estimate","pass"
"/es/shipping-from-china-to-kyrgyzstan/","es","freight-destination","importers with a defined destination","Envíos de China a Kirguistán","/shipping-from-china-to-kyrgyzstan/","Transporte de China a Kirguistán","Envíos de China a Kirguistán | DDNZ Global Pasos fronterizos y destinos de Asia Central","Existing published-content candidate; no search-volume estimate","pass"
"/ar/shipping-from-china-to-kyrgyzstan/","ar","freight-destination","importers with a defined destination","الشحن من الصين إلى قيرغيزستان","/shipping-from-china-to-kyrgyzstan/","الشحن من الصين إلى قيرغيزستان","الشحن من الصين إلى قيرغيزستان | DDNZ Global معابر ووجهات الصين وآسيا الوسطى","Existing published-content candidate; no search-volume estimate","pass"
"/shipping-from-china-to-tajikistan/","en","freight-destination","importers with a defined destination","shipping from China to tajikistan","/shipping-from-china-to-tajikistan/","Freight from China to Tajikistan","Shipping from China to Tajikistan | DDNZ Global China to Central Asia border gateways and destinations","Existing published-content candidate; no search-volume estimate","pass"
"/zh-cn/shipping-from-china-to-tajikistan/","zh-cn","freight-destination","importers with a defined destination","中国至塔吉克斯坦国际货运","/shipping-from-china-to-tajikistan/","中国到塔吉克斯坦货运","中国至塔吉克斯坦国际货运 | 华正邦泰 中国至中亚主要跨境运输口岸与城市","Existing published-content candidate; no search-volume estimate","pass"
"/ru/shipping-from-china-to-tajikistan/","ru","freight-destination","importers with a defined destination","Доставка из Китая в Таджикистан","/shipping-from-china-to-tajikistan/","Китай - Таджикистан: грузоперевозки","Доставка из Китая в Таджикистан | DDNZ Global Пограничные переходы и пункты назначения Центральной Азии","Existing published-content candidate; no search-volume estimate","pass"
"/fr/shipping-from-china-to-tajikistan/","fr","freight-destination","importers with a defined destination","Expédition de Chine vers le Tadjikistan","/shipping-from-china-to-tajikistan/","Fret de Chine vers Tadjikistan","Expédition de Chine vers le Tadjikistan | DDNZ Global Passages et destinations entre Chine et Asie centrale","Existing published-content candidate; no search-volume estimate","pass"
"/es/shipping-from-china-to-tajikistan/","es","freight-destination","importers with a defined destination","Envíos de China a Tayikistán","/shipping-from-china-to-tajikistan/","Transporte de China a Tayikistán","Envíos de China a Tayikistán | DDNZ Global Pasos fronterizos y destinos de Asia Central","Existing published-content candidate; no search-volume estimate","pass"
"/ar/shipping-from-china-to-tajikistan/","ar","freight-destination","importers with a defined destination","الشحن من الصين إلى طاجيكستان","/shipping-from-china-to-tajikistan/","الشحن من الصين إلى طاجيكستان","الشحن من الصين إلى طاجيكستان | DDNZ Global معابر ووجهات الصين وآسيا الوسطى","Existing published-content candidate; no search-volume estimate","pass"
"/shipping-from-china-to-turkmenistan/","en","freight-destination","importers with a defined destination","shipping from China to turkmenistan","/shipping-from-china-to-turkmenistan/","Freight from China to Turkmenistan","Shipping from China to Turkmenistan | DDNZ Global China to Central Asia border gateways and destinations","Existing published-content candidate; no search-volume estimate","pass"
"/zh-cn/shipping-from-china-to-turkmenistan/","zh-cn","freight-destination","importers with a defined destination","中国至土库曼斯坦国际货运","/shipping-from-china-to-turkmenistan/","中国到土库曼斯坦货运","中国至土库曼斯坦国际货运 | 华正邦泰 中国至中亚主要跨境运输口岸与城市","Existing published-content candidate; no search-volume estimate","pass"
"/ru/shipping-from-china-to-turkmenistan/","ru","freight-destination","importers with a defined destination","Доставка из Китая в Туркменистан","/shipping-from-china-to-turkmenistan/","Китай - Туркменистан: грузоперевозки","Доставка из Китая в Туркменистан | DDNZ Global Пограничные переходы и пункты назначения Центральной Азии","Existing published-content candidate; no search-volume estimate","pass"
"/fr/shipping-from-china-to-turkmenistan/","fr","freight-destination","importers with a defined destination","Expédition de Chine vers le Turkménistan","/shipping-from-china-to-turkmenistan/","Fret de Chine vers Turkménistan","Expédition de Chine vers le Turkménistan | DDNZ Global Passages et destinations entre Chine et Asie centrale","Existing published-content candidate; no search-volume estimate","pass"
"/es/shipping-from-china-to-turkmenistan/","es","freight-destination","importers with a defined destination","Envíos de China a Turkmenistán","/shipping-from-china-to-turkmenistan/","Transporte de China a Turkmenistán","Envíos de China a Turkmenistán | DDNZ Global Pasos fronterizos y destinos de Asia Central","Existing published-content candidate; no search-volume estimate","pass"
"/ar/shipping-from-china-to-turkmenistan/","ar","freight-destination","importers with a defined destination","الشحن من الصين إلى تركمانستان","/shipping-from-china-to-turkmenistan/","الشحن من الصين إلى تركمانستان","الشحن من الصين إلى تركمانستان | DDNZ Global معابر ووجهات الصين وآسيا الوسطى","Existing published-content candidate; no search-volume estimate","pass"
"/shipping-from-china-to-russia/","en","freight-destination","importers with a defined destination","shipping from China to russia","/shipping-from-china-to-russia/","Freight from China to Russia","Shipping from China to Russia | DDNZ Global China to Central Asia border gateways and destinations","Existing published-content candidate; no search-volume estimate","pass"
"/zh-cn/shipping-from-china-to-russia/","zh-cn","freight-destination","importers with a defined destination","中国至俄罗斯国际货运","/shipping-from-china-to-russia/","中国到俄罗斯货运","中国至俄罗斯国际货运 | 华正邦泰 中国至中亚主要跨境运输口岸与城市","Existing published-content candidate; no search-volume estimate","pass"
"/ru/shipping-from-china-to-russia/","ru","freight-destination","importers with a defined destination","Доставка из Китая в Россию","/shipping-from-china-to-russia/","Китай - Россия: грузоперевозки","Доставка из Китая в Россию | DDNZ Global Пограничные переходы и пункты назначения Центральной Азии","Existing published-content candidate; no search-volume estimate","pass"
"/fr/shipping-from-china-to-russia/","fr","freight-destination","importers with a defined destination","Expédition de Chine vers la Russie","/shipping-from-china-to-russia/","Fret de Chine vers Russie","Expédition de Chine vers la Russie | DDNZ Global Passages et destinations entre Chine et Asie centrale","Existing published-content candidate; no search-volume estimate","pass"
"/es/shipping-from-china-to-russia/","es","freight-destination","importers with a defined destination","Envíos de China a Rusia","/shipping-from-china-to-russia/","Transporte de China a Rusia","Envíos de China a Rusia | DDNZ Global Pasos fronterizos y destinos de Asia Central","Existing published-content candidate; no search-volume estimate","pass"
"/ar/shipping-from-china-to-russia/","ar","freight-destination","importers with a defined destination","الشحن من الصين إلى روسيا","/shipping-from-china-to-russia/","الشحن من الصين إلى روسيا","الشحن من الصين إلى روسيا | DDNZ Global معابر ووجهات الصين وآسيا الوسطى","Existing published-content candidate; no search-volume estimate","pass"
"/shipping-from-china-to-nigeria/","en","freight-destination","importers with a defined destination","shipping from China to nigeria","/shipping-from-china-to-nigeria/","China to Nigeria. Several suppliers. One shipment plan.","Shipping from China to Nigeria | Lagos Wholesale Markets & Freight | DDNZ Global","Existing published-content candidate; no search-volume estimate","pass"
"/zh-cn/shipping-from-china-to-nigeria/","zh-cn","freight-destination","importers with a defined destination","中国到尼日利亚货运｜拉各斯批发市场与集货海运","/shipping-from-china-to-nigeria/","中国到尼日利亚。 几家工厂的货， 一起安排。","中国到尼日利亚货运｜拉各斯批发市场与集货海运 | DDNZ Global","Existing published-content candidate; no search-volume estimate","pass"
"/ru/shipping-from-china-to-nigeria/","ru","freight-destination","importers with a defined destination","Доставка из Китая в Нигерию","/shipping-from-china-to-nigeria/","Доставка грузов из Китая — Нигерия","Доставка из Китая в Нигерию | DDNZ Global","Existing published-content candidate; no search-volume estimate","pass"
"/fr/shipping-from-china-to-nigeria/","fr","freight-destination","importers with a defined destination","Expédition de Chine vers le Nigeria","/shipping-from-china-to-nigeria/","Fret maritime et aérien de Chine vers le Nigeria","Expédition de Chine vers le Nigeria | DDNZ Global","Existing published-content candidate; no search-volume estimate","pass"
"/es/shipping-from-china-to-nigeria/","es","freight-destination","importers with a defined destination","Envíos de China a Nigeria | Mercados mayoristas de Lagos","/shipping-from-china-to-nigeria/","De China a Nigeria. Varios proveedores. Un plan de envío.","Envíos de China a Nigeria | Mercados mayoristas de Lagos | DDNZ Global","Existing published-content candidate; no search-volume estimate","pass"
"/ar/shipping-from-china-to-nigeria/","ar","freight-destination","importers with a defined destination","الشحن من الصين إلى نيجيريا","/shipping-from-china-to-nigeria/","شحن البضائع من الصين إلى نيجيريا","الشحن من الصين إلى نيجيريا | DDNZ Global","Existing published-content candidate; no search-volume estimate","pass"
"/shipping-from-china-to-ghana/","en","freight-destination","importers with a defined destination","shipping from China to ghana","/shipping-from-china-to-ghana/","China to Ghana. To Tema port, or your receiving address?","Shipping from China to Ghana | Tema & Accra Delivery | DDNZ Global","Existing published-content candidate; no search-volume estimate","pass"
"/zh-cn/shipping-from-china-to-ghana/","zh-cn","freight-destination","importers with a defined destination","中国到加纳货运｜特马海运与阿克拉收货安排","/shipping-from-china-to-ghana/","中国到加纳。 到特马港， 还是送到收货点？","中国到加纳货运｜特马海运与阿克拉收货安排 | DDNZ Global","Existing published-content candidate; no search-volume estimate","pass"
"/ru/shipping-from-china-to-ghana/","ru","freight-destination","importers with a defined destination","Доставка из Китая в Гану","/shipping-from-china-to-ghana/","Доставка грузов из Китая — Гана","Доставка из Китая в Гану | DDNZ Global","Existing published-content candidate; no search-volume estimate","pass"
"/fr/shipping-from-china-to-ghana/","fr","freight-destination","importers with a defined destination","Expédition de Chine vers le Ghana","/shipping-from-china-to-ghana/","Fret maritime et aérien de Chine vers le Ghana","Expédition de Chine vers le Ghana | DDNZ Global","Existing published-content candidate; no search-volume estimate","pass"
"/es/shipping-from-china-to-ghana/","es","freight-destination","importers with a defined destination","Envíos de China a Ghana | Tema y entrega en Acra","/shipping-from-china-to-ghana/","De China a Ghana. ¿Hasta Tema o hasta tu dirección?","Envíos de China a Ghana | Tema y entrega en Acra | DDNZ Global","Existing published-content candidate; no search-volume estimate","pass"
"/ar/shipping-from-china-to-ghana/","ar","freight-destination","importers with a defined destination","الشحن من الصين إلى غانا","/shipping-from-china-to-ghana/","شحن البضائع من الصين إلى غانا","الشحن من الصين إلى غانا | DDNZ Global","Existing published-content candidate; no search-volume estimate","pass"
"/shipping-from-china-to-mexico/","en","freight-destination","importers with a defined destination","shipping from China to mexico","/shipping-from-china-to-mexico/","China to Mexico. Beyond the port, where next?","Shipping from China to Mexico | Sea Freight & Delivery | DDNZ Global","Existing published-content candidate; no search-volume estimate","pass"
"/zh-cn/shipping-from-china-to-mexico/","zh-cn","freight-destination","importers with a defined destination","中国到墨西哥货运｜海运、进口准备与内陆交付","/shipping-from-china-to-mexico/","中国到墨西哥。 到港之后， 还要走多远？","中国到墨西哥货运｜海运、进口准备与内陆交付 | DDNZ Global","Existing published-content candidate; no search-volume estimate","pass"
"/ru/shipping-from-china-to-mexico/","ru","freight-destination","importers with a defined destination","Доставка из Китая в Мексику","/shipping-from-china-to-mexico/","Доставка грузов из Китая — Мексика","Доставка из Китая в Мексику | DDNZ Global","Existing published-content candidate; no search-volume estimate","pass"
"/fr/shipping-from-china-to-mexico/","fr","freight-destination","importers with a defined destination","Expédition de Chine vers le Mexique","/shipping-from-china-to-mexico/","Transport de marchandises de Chine vers le Mexique","Expédition de Chine vers le Mexique | DDNZ Global","Existing published-content candidate; no search-volume estimate","pass"
"/es/shipping-from-china-to-mexico/","es","freight-destination","importers with a defined destination","Envíos de China a México | Transporte marítimo y entrega","/shipping-from-china-to-mexico/","De China a México. Después del puerto, ¿hasta dónde?","Envíos de China a México | Transporte marítimo y entrega | DDNZ Global","Existing published-content candidate; no search-volume estimate","pass"
"/ar/shipping-from-china-to-mexico/","ar","freight-destination","importers with a defined destination","الشحن من الصين إلى المكسيك","/shipping-from-china-to-mexico/","شحن البضائع من الصين إلى المكسيك","الشحن من الصين إلى المكسيك | DDNZ Global","Existing published-content candidate; no search-volume estimate","pass"
"/shipping-from-china-to-brazil/","en","freight-destination","importers with a defined destination","shipping from China to brazil","/shipping-from-china-to-brazil/","Shipping from China to Brazil","Shipping from China to Brazil | DDNZ Global","Existing published-content candidate; no search-volume estimate","pass"
"/zh-cn/shipping-from-china-to-brazil/","zh-cn","freight-destination","importers with a defined destination","中国至巴西国际货运","/shipping-from-china-to-brazil/","中国至巴西国际货运","中国至巴西国际货运 | 华正邦泰","Existing published-content candidate; no search-volume estimate","pass"
"/ru/shipping-from-china-to-brazil/","ru","freight-destination","importers with a defined destination","Доставка из Китая в Бразилию","/shipping-from-china-to-brazil/","Доставка грузов из Китая — Бразилия","Доставка из Китая в Бразилию | DDNZ Global","Existing published-content candidate; no search-volume estimate","pass"
"/fr/shipping-from-china-to-brazil/","fr","freight-destination","importers with a defined destination","Expédition de Chine vers le Brésil","/shipping-from-china-to-brazil/","Transport de marchandises de Chine vers le Brésil","Expédition de Chine vers le Brésil | DDNZ Global","Existing published-content candidate; no search-volume estimate","pass"
"/es/shipping-from-china-to-brazil/","es","freight-destination","importers with a defined destination","Envíos de China a Brasil","/shipping-from-china-to-brazil/","Envíos de China a Brasil","Envíos de China a Brasil | DDNZ Global","Existing published-content candidate; no search-volume estimate","pass"
"/ar/shipping-from-china-to-brazil/","ar","freight-destination","importers with a defined destination","الشحن من الصين إلى البرازيل","/shipping-from-china-to-brazil/","شحن البضائع من الصين إلى البرازيل","الشحن من الصين إلى البرازيل | DDNZ Global","Existing published-content candidate; no search-volume estimate","pass"
"/shipping-from-china-to-argentina/","en","freight-destination","importers with a defined destination","shipping from China to argentina","/shipping-from-china-to-argentina/","Logistics to Argentina | CUIT & Import Documentation Support","Shipping from China to Argentina | DDNZ Global","Existing published-content candidate; no search-volume estimate","pass"
"/zh-cn/shipping-from-china-to-argentina/","zh-cn","freight-destination","importers with a defined destination","中国至阿根廷国际货运","/shipping-from-china-to-argentina/","中国到阿根廷（布宜诺斯艾利斯）项目货运：CUIT 与进口文件协调支持","中国至阿根廷国际货运 | 华正邦泰","Existing published-content candidate; no search-volume estimate","pass"
"/ru/shipping-from-china-to-argentina/","ru","freight-destination","importers with a defined destination","Доставка из Китая в Аргентину","/shipping-from-china-to-argentina/","Доставка грузов из Китая — Аргентина","Доставка из Китая в Аргентину | DDNZ Global","Existing published-content candidate; no search-volume estimate","pass"
"/fr/shipping-from-china-to-argentina/","fr","freight-destination","importers with a defined destination","Expédition de Chine vers l’Argentine","/shipping-from-china-to-argentina/","Transport de marchandises de Chine vers l’Argentine","Expédition de Chine vers l’Argentine | DDNZ Global","Existing published-content candidate; no search-volume estimate","pass"
"/es/shipping-from-china-to-argentina/","es","freight-destination","importers with a defined destination","Envíos de China a Argentina","/shipping-from-china-to-argentina/","Envíos de carga desde China a Argentina","Envíos de China a Argentina | DDNZ Global","Existing published-content candidate; no search-volume estimate","pass"
"/ar/shipping-from-china-to-argentina/","ar","freight-destination","importers with a defined destination","الشحن من الصين إلى الأرجنتين","/shipping-from-china-to-argentina/","شحن البضائع من الصين إلى الأرجنتين","الشحن من الصين إلى الأرجنتين | DDNZ Global","Existing published-content candidate; no search-volume estimate","pass"
"/shipping-from-china-to-peru/","en","freight-destination","importers with a defined destination","shipping from China to peru","/shipping-from-china-to-peru/","Shipping from China to Peru | Callao and Lima Freight Planning","Shipping from China to Peru | DDNZ Global","Existing published-content candidate; no search-volume estimate","pass"
"/zh-cn/shipping-from-china-to-peru/","zh-cn","freight-destination","importers with a defined destination","中国至秘鲁国际货运","/shipping-from-china-to-peru/","中国到秘鲁（Callao / 利马）海运与空运：进口文件与路线协调支持","中国至秘鲁国际货运 | 华正邦泰","Existing published-content candidate; no search-volume estimate","pass"
"/ru/shipping-from-china-to-peru/","ru","freight-destination","importers with a defined destination","Доставка из Китая в Перу","/shipping-from-china-to-peru/","Доставка грузов из Китая — Перу","Доставка из Китая в Перу | DDNZ Global","Existing published-content candidate; no search-volume estimate","pass"
"/fr/shipping-from-china-to-peru/","fr","freight-destination","importers with a defined destination","Expédition de Chine vers le Pérou","/shipping-from-china-to-peru/","Transport de marchandises de Chine vers le Pérou","Expédition de Chine vers le Pérou | DDNZ Global","Existing published-content candidate; no search-volume estimate","pass"
"/es/shipping-from-china-to-peru/","es","freight-destination","importers with a defined destination","Envíos de China a Perú","/shipping-from-china-to-peru/","Envíos de carga desde China a Perú","Envíos de China a Perú | DDNZ Global","Existing published-content candidate; no search-volume estimate","pass"
"/ar/shipping-from-china-to-peru/","ar","freight-destination","importers with a defined destination","الشحن من الصين إلى بيرو","/shipping-from-china-to-peru/","شحن البضائع من الصين إلى بيرو","الشحن من الصين إلى بيرو | DDNZ Global","Existing published-content candidate; no search-volume estimate","pass"
"/shipping-from-china-to-chile/","en","freight-destination","importers with a defined destination","shipping from China to chile","/shipping-from-china-to-chile/","Shipping from China to Chile | Port and Destination Planning","Shipping from China to Chile | DDNZ Global","Existing published-content candidate; no search-volume estimate","pass"
"/zh-cn/shipping-from-china-to-chile/","zh-cn","freight-destination","importers with a defined destination","中国至智利国际货运","/shipping-from-china-to-chile/","中国到智利海运与空运：港口、文件与目的地操作协调支持","中国至智利国际货运 | 华正邦泰","Existing published-content candidate; no search-volume estimate","pass"
"/ru/shipping-from-china-to-chile/","ru","freight-destination","importers with a defined destination","Доставка из Китая в Чили","/shipping-from-china-to-chile/","Доставка грузов из Китая — Чили","Доставка из Китая в Чили | DDNZ Global","Existing published-content candidate; no search-volume estimate","pass"
"/fr/shipping-from-china-to-chile/","fr","freight-destination","importers with a defined destination","Expédition de Chine vers le Chili","/shipping-from-china-to-chile/","Transport de marchandises de Chine vers le Chili","Expédition de Chine vers le Chili | DDNZ Global","Existing published-content candidate; no search-volume estimate","pass"
"/es/shipping-from-china-to-chile/","es","freight-destination","importers with a defined destination","Envíos de China a Chile","/shipping-from-china-to-chile/","Envíos de carga desde China a Chile","Envíos de China a Chile | DDNZ Global","Existing published-content candidate; no search-volume estimate","pass"
"/ar/shipping-from-china-to-chile/","ar","freight-destination","importers with a defined destination","الشحن من الصين إلى تشيلي","/shipping-from-china-to-chile/","شحن البضائع من الصين إلى تشيلي","الشحن من الصين إلى تشيلي | DDNZ Global","Existing published-content candidate; no search-volume estimate","pass"
"/blog/mixed-sku-phone-cases-china-poland-moq-packing-reorders/","en","information","buyers researching a specific decision","Found a Phone Case That Sells? Source It from…","/blog/mixed-sku-phone-cases-china-poland-moq-packing-reorders/","Found a Phone Case That Sells? Source It from China with DDNZ","Found a Phone Case That Sells? Source It from… | DDNZ Global","Existing published-content candidate; no search-volume estimate","context-only"
"/blog/magsafe-ring-stand-sourcing-four-sample-comparison/","en","information","buyers researching a specific decision","We Tested Four Magnetic Ring Stands. Price Was…","/blog/magsafe-ring-stand-sourcing-four-sample-comparison/","We Tested Four Magnetic Ring Stands. Price Was Only Part of the Story.","We Tested Four Magnetic Ring Stands. Price Was… | DDNZ Global","Existing published-content candidate; no search-volume estimate","context-only"
"/blog/china-saudi-freight-september-2026-gateway-cargo-acceptance-surcharges/","en","information","buyers researching a specific decision","China–Saudi Freight Before September 2026","/blog/china-saudi-freight-september-2026-gateway-cargo-acceptance-surcharges/","China–Saudi Freight Before September 2026: Check Gateway, Cargo Acceptance and Surcharges Before Booking","China–Saudi Freight Before September 2026 | DDNZ Global","Existing published-content candidate; no search-volume estimate","context-only"
"/blog/magsafe-phone-cases-china-turkiye-dealer-verification/","en","information","buyers researching a specific decision","MagSafe Phone Cases from China","/blog/magsafe-phone-cases-china-turkiye-dealer-verification/","MagSafe Phone Cases from China: A Verification Checklist for Türkiye Dealers","MagSafe Phone Cases from China | DDNZ Global","Existing published-content candidate; no search-volume estimate","context-only"
"/blog/commercial-kitchen-equipment-china-nigeria-dealer-first-container/","en","information","buyers researching a specific decision","Commercial Kitchen Equipment from China for Nigeria","/blog/commercial-kitchen-equipment-china-nigeria-dealer-first-container/","Commercial Kitchen Equipment from China for Nigeria: A First-Container Range for Dealers","Commercial Kitchen Equipment from China for Nigeria | DDNZ Global","Existing published-content candidate; no search-volume estimate","context-only"
"/blog/portable-power-stations-china-dealer-range-camping-outage-backup/","en","assortment-guide","portable power dealers","portable power dealer range for camping and outage backup","/blog/portable-power-stations-china-dealer-range-camping-outage-backup/","Portable Power Stations from China: A Two-Tier Range for Camping and Outage Backup","Portable Power Stations from China | DDNZ Global","Existing published-content candidate; no search-volume estimate","context-only"
"/blog/coffee-equipment-china-saudi-dealers-sellable-range-2026/","en","information","buyers researching a specific decision","What Saudi Coffee-Equipment Dealers Should Source…","/blog/coffee-equipment-china-saudi-dealers-sellable-range-2026/","What Saudi Coffee-Equipment Dealers Should Source from China Before September 2026","What Saudi Coffee-Equipment Dealers Should Source… | DDNZ Global","Existing published-content candidate; no search-volume estimate","context-only"
"/blog/turkey-kitchen-equipment-dealers-china-sourcing-margin-checklist/","en","information","buyers researching a specific decision","Kitchen Equipment Dealer Margins: China Sourcing","/blog/turkey-kitchen-equipment-dealers-china-sourcing-margin-checklist/","New China Equipment or Used Local Stock? A Margin and Sourcing Checklist for Turkish Kitchen Equipment Dealers","Kitchen Equipment Dealer Margins: China Sourcing | DDNZ","Existing published-content candidate; no search-volume estimate","context-only"
"/blog/insulated-cooler-boxes-africa-china-ice-retention-test/","en","information","buyers researching a specific decision","Insulated Cooler Boxes for African Distributors","/blog/insulated-cooler-boxes-africa-china-ice-retention-test/","Insulated Cooler Boxes for African Distributors: Compare Ice Retention, Payload and Container Cost","Insulated Cooler Boxes for African Distributors | DDNZ Global","Existing published-content candidate; no search-volume estimate","context-only"
"/blog/combi-ovens-gulf-restaurants-china-sourcing-checklist/","en","information","buyers researching a specific decision","Combi Ovens for Gulf Restaurants","/blog/combi-ovens-gulf-restaurants-china-sourcing-checklist/","Combi Ovens for Gulf Restaurants: A China Sourcing Checklist","Combi Ovens for Gulf Restaurants | DDNZ Global","Existing published-content candidate; no search-volume estimate","context-only"
"/blog/cheap-speakers-china-african-trader-verification/","en","information","buyers researching a specific decision","Cheap China Speakers: African Trader Verification","/blog/cheap-speakers-china-african-trader-verification/","Cheap Speakers from China: A Verification Guide for African Traders","Cheap China Speakers: African Trader Verification | DDNZ Global","Existing published-content candidate; no search-volume estimate","context-only"
"/blog/12v-portable-fridge-power-chain-test-hot-markets/","en","information","buyers researching a specific decision","12V Portable Fridges for Hot Off-Grid Markets","/blog/12v-portable-fridge-power-chain-test-hot-markets/","12V Portable Fridges for Hot Off-Grid Markets: Require a Power-Chain Test","12V Portable Fridges for Hot Off-Grid Markets | DDNZ Global","Existing published-content candidate; no search-volume estimate","context-only"
"/blog/commercial-ice-machine-hot-kitchen-output-china-sourcing/","en","information","buyers researching a specific decision","Commercial Ice Machine Output in Hot Kitchens","/blog/commercial-ice-machine-hot-kitchen-output-china-sourcing/","Commercial Ice Machines for Hot Middle East Kitchens: Compare Real Daily Output","Commercial Ice Machine Output in Hot Kitchens | DDNZ","Existing published-content candidate; no search-volume estimate","context-only"
"/blog/commercial-refrigerators-gulf-kitchens-climate-class-high-ambient/","en","information","buyers researching a specific decision","Commercial Refrigeration for Gulf Kitchens","/blog/commercial-refrigerators-gulf-kitchens-climate-class-high-ambient/","Commercial refrigerators for Gulf kitchens: how to verify climate class and high-ambient performance claims","Commercial Refrigeration for Gulf Kitchens | DDNZ","Existing published-content candidate; no search-volume estimate","context-only"
"/blog/commercial-kitchen-equipment-china-saudi-rfq-checklist/","en","information","buyers researching a specific decision","Saudi Kitchen Equipment Sourcing: RFQ Checklist","/blog/commercial-kitchen-equipment-china-saudi-rfq-checklist/","Buying Commercial Kitchen Equipment from China for Saudi Arabia: A 7-Point RFQ and Compliance Checklist","Saudi Kitchen Equipment Sourcing: RFQ Checklist | DDNZ","Existing published-content candidate; no search-volume estimate","context-only"
"/blog/minimize-alibaba-sourcing-risks/","en","information","buyers researching a specific decision","Alibaba Sourcing Without Customs Surprises","/blog/minimize-alibaba-sourcing-risks/","Alibaba Sourcing Without Customs Surprises: A Pre-Shipment Control Checklist","Alibaba Sourcing Without Customs Surprises | DDNZ Global","Existing published-content candidate; no search-volume estimate","context-only"
"/blog/high-compliance-new-energy-logistics/","en","information","buyers researching a specific decision","New Energy & DG Logistics from China","/blog/high-compliance-new-energy-logistics/","Shipping ESS and BESS from China: A 2026 Dangerous-Goods Readiness Checklist","New Energy & DG Logistics from China | DDNZ Global Insights","Existing published-content candidate; no search-volume estimate","context-only"
"/blog/provide-actionable-strategies/","en","information","buyers researching a specific decision","EU Low-Value Parcel Duty 2026","/blog/provide-actionable-strategies/","EU Low-Value Parcel Duty 2026: What China-Based Sellers Must Change","EU Low-Value Parcel Duty 2026 | DDNZ Global","Existing published-content candidate; no search-volume estimate","context-only"
"/es/blog/puerto-chancay-aranceles-y-rutas-directas-guia-de-compra-para-importadores-latin/","es","information","buyers researching a specific decision","Puerto de Chancay para importaciones desde China","/blog/puerto-chancay-aranceles-y-rutas-directas-guia-de-compra-para-importadores-latin/","Puerto de Chancay para importaciones desde China: cuándo elegirlo y qué verificar","Puerto de Chancay para importaciones desde China | DDNZ Global","Existing published-content candidate; no search-volume estimate","context-only"
"/blog/protect-orders-against-delays/","en","information","buyers researching a specific decision","China to Eastern Europe Import Risk Playbook","/blog/protect-orders-against-delays/","China to Eastern Europe Import Risk Playbook: Booking, ICS2 and Contingency Controls","China to Eastern Europe Import Risk Playbook | DDNZ Global","Existing published-content candidate; no search-volume estimate","context-only"
"/blog/provides-actionable-steps-for-Eastern-European/","en","information","buyers researching a specific decision","How Importers Should Manage Ocean Freight…","/blog/provides-actionable-steps-for-Eastern-European/","How Importers Should Manage Ocean Freight Volatility: A Practical Control Framework","How Importers Should Manage Ocean Freight… | DDNZ Global","Existing published-content candidate; no search-volume estimate","context-only"
"/es/blog/para-evitar-costosas-retenciones-en-puerto./","es","information","buyers researching a specific decision","Baterías y vehículos por mar","/blog/para-evitar-costosas-retenciones-en-puerto./","Baterías y vehículos por mar: lista de verificación P903/P912 bajo IMDG 42-24","Baterías y vehículos por mar | DDNZ Global","Existing published-content candidate; no search-volume estimate","context-only"
"/blog/transpacific-shock-rates-surge-over-1000-in-a-single-week-as-msc-relaunches-pear/","en","information","buyers researching a specific decision","Transpacific Freight from China","/blog/transpacific-shock-rates-surge-over-1000-in-a-single-week-as-msc-relaunches-pear/","Transpacific Freight from China: A U.S. Import Risk Checklist","Transpacific Freight from China | DDNZ Global","Existing published-content candidate; no search-volume estimate","context-only"
"/blog/2026-china-railway-express-panorama-guide-comprehensive-analysis-of-193-core-rai/","en","information","buyers researching a specific decision","China-Europe Railway Express","/blog/2026-china-railway-express-panorama-guide-comprehensive-analysis-of-193-core-rai/","China-Europe Railway Express: A Route-Selection Guide for Importers","China-Europe Railway Express | DDNZ Global","Existing published-content candidate; no search-volume estimate","context-only"
"/blog/regulatory-compliance-alert-complete-sop-and-new-2026-mandates-for-china-nev-exp/","en","information","buyers researching a specific decision","Exporting Pure Electric Passenger Vehicles from…","/blog/regulatory-compliance-alert-complete-sop-and-new-2026-mandates-for-china-nev-exp/","Exporting Pure Electric Passenger Vehicles from China in 2026: Licence, DG and Destination Gates","Exporting Pure Electric Passenger Vehicles from… | DDNZ Global","Existing published-content candidate; no search-volume estimate","context-only"
"/ar/blog/saber-2026/","ar","information","buyers researching a specific decision","دليل سابر 2026 للاستيراد من الصين","/blog/saber-2026/","دليل سابر 2026 للاستيراد من الصين: الرمز الجمركي وشهادة المنتج والإرسالية","دليل سابر 2026 للاستيراد من الصين | DDNZ Global","Existing published-content candidate; no search-volume estimate","context-only"
"/fr/blog/guide-dapprovisionnement-chine-reduisez-vos-couts-logistiques-en-afrique-francop/","fr","information","buyers researching a specific decision","Importer de Chine vers l’Afrique francophone","/blog/guide-dapprovisionnement-chine-reduisez-vos-couts-logistiques-en-afrique-francop/","Importer de Chine vers l’Afrique francophone : contrôle documentaire et consolidation","Importer de Chine vers l’Afrique francophone | DDNZ Global","Existing published-content candidate; no search-volume estimate","context-only"
"/screen-protectors/","en","product-category","accessory wholesalers","wholesale screen protectors from China","/screen-protectors/","Wholesale screen protectors from China.","Wholesale Screen Protectors from China | DDNZ Global","Existing published-content candidate; no search-volume estimate","pass"
"/screen-protectors/compare/","en","product-comparison","buyers choosing a product variant","compare wholesale screen protectors","/screen-protectors/compare/","Compare wholesale screen protectors.","Compare Wholesale Screen Protectors & Prices | DDNZ Global","Existing published-content candidate; no search-volume estimate","pass"
"/screen-protectors/guides/","en","information","buyers researching a specific decision","Screen Protector Specifications & Buying Guides","/screen-protectors/guides/","Screen protector specifications and buying guides.","Screen Protector Specifications & Buying Guides | DDNZ","Existing published-content candidate; no search-volume estimate","context-only"
"/screen-protectors/guides/price-differences/","en","information","buyers researching a specific decision","Screen Protector Wholesale Price Differences","/screen-protectors/guides/price-differences/","Why wholesale screen protector prices differ.","Screen Protector Wholesale Price Differences | DDNZ Global","Existing published-content candidate; no search-volume estimate","context-only"
"/screen-protectors/guides/curved-glass/","en","information","buyers researching a specific decision","2.5D vs 3D Screen Protectors: Shape & Fit","/screen-protectors/guides/curved-glass/","2.5D vs 3D screen protectors: shape, process and fit.","2.5D vs 3D Screen Protectors: Shape & Fit | DDNZ Global","Existing published-content candidate; no search-volume estimate","context-only"
"/screen-protectors/videos/","en","information","buyers researching a specific decision","Screen Protector Factory Process Videos","/screen-protectors/videos/","Screen protector factory process videos.","Screen Protector Factory Process Videos | DDNZ Global","Existing published-content candidate; no search-volume estimate","context-only"
"/screen-protectors/calculator/","en","cost-tool","buyers estimating a landed order","screen protector landed cost calculator","/screen-protectors/calculator/","Screen protector landed cost calculator: Istanbul.","Screen Protector Landed Cost Calculator: Istanbul | DDNZ","Existing published-content candidate; no search-volume estimate","context-only"
