URL,HTML title,JS title,字符数,一致
https://www.ddnzglobal.com/,China Sourcing & International Freight Forwarding | DDNZ,China Sourcing & International Freight Forwarding | DDNZ,56,True
https://www.ddnzglobal.com/ar/,التوريد من الصين والشحن الدولي | DDNZ,التوريد من الصين والشحن الدولي | DDNZ,37,True
https://www.ddnzglobal.com/ar/blog/saber-2026/,دليل سابر 2026 للاستيراد من الصين | DDNZ,دليل سابر 2026 للاستيراد من الصين | DDNZ,40,True
https://www.ddnzglobal.com/ar/get-a-quote/,عرض سعر شحن من الصين وخطة المسار | DDNZ,عرض سعر شحن من الصين وخطة المسار | DDNZ,39,True
https://www.ddnzglobal.com/ar/how-we-work/,آلية التوريد من الصين | DDNZ,آلية التوريد من الصين | DDNZ,28,True
https://www.ddnzglobal.com/ar/insights/,أدلة التوريد والشحن من الصين | DDNZ,أدلة التوريد والشحن من الصين | DDNZ,35,True
https://www.ddnzglobal.com/ar/phone-cases/,أغطية هواتف بالجملة من الصين: التصاميم والحدود | DDNZ,أغطية هواتف بالجملة من الصين: التصاميم والحدود | DDNZ,53,True
https://www.ddnzglobal.com/ar/phone-cases/materials-and-pricing/,مواد وأسعار أغطية الهاتف ومقارنة الموردين | DDNZ,مواد وأسعار أغطية الهاتف ومقارنة الموردين | DDNZ,48,True
https://www.ddnzglobal.com/ar/phone-straps-charms/,أحزمة وسلاسل وزينة الهاتف بالجملة | DDNZ,أحزمة وسلاسل وزينة الهاتف بالجملة | DDNZ,40,True
https://www.ddnzglobal.com/ar/portable-power/selection-guide/,دليل مرئي للطاقة المتنقلة: السعة والأحمال والشحن | DDNZ,دليل مرئي للطاقة المتنقلة: السعة والأحمال والشحن | DDNZ,55,True
https://www.ddnzglobal.com/ar/products/,منتجات بالجملة ومعدات من الصين | DDNZ,منتجات بالجملة ومعدات من الصين | DDNZ,37,True
https://www.ddnzglobal.com/ar/refrigeration-equipment/,شراء معدات تبريد تجارية من الصين | DDNZ,شراء معدات تبريد تجارية من الصين | DDNZ,39,True
https://www.ddnzglobal.com/ar/screen-protectors/,واقيات شاشة بالجملة من الصين | DDNZ,واقيات شاشة بالجملة من الصين | DDNZ,35,True
https://www.ddnzglobal.com/ar/screen-protectors/calculator/,توريد واقيات الشاشة من الصين وحساب التكلفة حتى الوجهة | DDNZ,توريد واقيات الشاشة من الصين وحساب التكلفة حتى الوجهة | DDNZ,60,True
https://www.ddnzglobal.com/ar/screen-protectors/compare/,مقارنة واقيات الشاشة وأسعار الجملة | DDNZ,مقارنة واقيات الشاشة وأسعار الجملة | DDNZ,41,True
https://www.ddnzglobal.com/ar/screen-protectors/guides/,شراء واقيات الشاشة من الصين: دليل المواصفات | DDNZ,شراء واقيات الشاشة من الصين: دليل المواصفات | DDNZ,50,True
https://www.ddnzglobal.com/ar/screen-protectors/guides/curved-glass/,شراء واقيات 2.5D و3D من الصين: الشكل والملاءمة | DDNZ,شراء واقيات 2.5D و3D من الصين: الشكل والملاءمة | DDNZ,53,True
https://www.ddnzglobal.com/ar/screen-protectors/guides/price-differences/,واقيات الشاشة من الصين: مقارنة أسعار الجملة | DDNZ,واقيات الشاشة من الصين: مقارنة أسعار الجملة | DDNZ,50,True
https://www.ddnzglobal.com/ar/screen-protectors/private-label/,توريد واقيات شاشة بعلامتك التجارية من الصين | DDNZ,توريد واقيات شاشة بعلامتك التجارية من الصين | DDNZ,50,True
https://www.ddnzglobal.com/ar/screen-protectors/videos/,شراء واقيات الشاشة من الصين: فيديوهات الإنتاج | DDNZ,شراء واقيات الشاشة من الصين: فيديوهات الإنتاج | DDNZ,52,True
https://www.ddnzglobal.com/ar/screen-protectors/wholesale-for-stores/,واقيات شاشة بالجملة للمتاجر وسلاسل الصيانة | DDNZ,واقيات شاشة بالجملة للمتاجر وسلاسل الصيانة | DDNZ,49,True
https://www.ddnzglobal.com/ar/services/air-freight/,الشحن الجوي من الصين | DDNZ,الشحن الجوي من الصين | DDNZ,27,True
https://www.ddnzglobal.com/ar/services/amazon-fba/,لوجستيات Amazon FBA من الصين | DDNZ,لوجستيات Amazon FBA من الصين | DDNZ,35,True
https://www.ddnzglobal.com/ar/services/dangerous-goods-shipping-from-china/,شحن البضائع الخطرة من الصين وتثبيتها داخل الحاوية | DDNZ,شحن البضائع الخطرة من الصين وتثبيتها داخل الحاوية | DDNZ,56,True
https://www.ddnzglobal.com/ar/services/lcl-shipping-from-china/,الشحن البحري الجزئي من الصين: خطط للرحلة كاملة | DDNZ,الشحن البحري الجزئي من الصين: خطط للرحلة كاملة | DDNZ,53,True
https://www.ddnzglobal.com/ar/services/sea-freight/,الشحن البحري من الصين: كل تفصيل مهم | DDNZ,الشحن البحري من الصين: كل تفصيل مهم | DDNZ,42,True
https://www.ddnzglobal.com/ar/services/warehouse-services/,التخزين والتجميع في الصين | DDNZ,التخزين والتجميع في الصين | DDNZ,32,True
https://www.ddnzglobal.com/ar/shipping-from-china-to-argentina/,الشحن من الصين إلى الأرجنتين | DDNZ,الشحن من الصين إلى الأرجنتين | DDNZ,35,True
https://www.ddnzglobal.com/ar/shipping-from-china-to-bahrain/,الشحن من الصين إلى البحرين | DDNZ,الشحن من الصين إلى البحرين | DDNZ,33,True
https://www.ddnzglobal.com/ar/shipping-from-china-to-brazil/,الشحن من الصين إلى البرازيل | DDNZ,الشحن من الصين إلى البرازيل | DDNZ,34,True
https://www.ddnzglobal.com/ar/shipping-from-china-to-central-asia/,الشحن من الصين إلى آسيا الوسطى وروسيا. | DDNZ,الشحن من الصين إلى آسيا الوسطى وروسيا. | DDNZ,45,True
https://www.ddnzglobal.com/ar/shipping-from-china-to-chile/,الشحن من الصين إلى تشيلي | DDNZ,الشحن من الصين إلى تشيلي | DDNZ,31,True
https://www.ddnzglobal.com/ar/shipping-from-china-to-ghana/,الشحن من الصين إلى غانا | DDNZ,الشحن من الصين إلى غانا | DDNZ,30,True
https://www.ddnzglobal.com/ar/shipping-from-china-to-kazakhstan/,الشحن من الصين إلى كازاخستان | DDNZ,الشحن من الصين إلى كازاخستان | DDNZ,35,True
https://www.ddnzglobal.com/ar/shipping-from-china-to-kuwait/,الشحن من الصين إلى الكويت | DDNZ,الشحن من الصين إلى الكويت | DDNZ,32,True
https://www.ddnzglobal.com/ar/shipping-from-china-to-kyrgyzstan/,الشحن من الصين إلى قيرغيزستان | DDNZ,الشحن من الصين إلى قيرغيزستان | DDNZ,36,True
https://www.ddnzglobal.com/ar/shipping-from-china-to-latin-america/,الشحن من الصين إلى أمريكا اللاتينية | DDNZ,الشحن من الصين إلى أمريكا اللاتينية | DDNZ,42,True
https://www.ddnzglobal.com/ar/shipping-from-china-to-mexico/,الشحن من الصين إلى المكسيك | DDNZ,الشحن من الصين إلى المكسيك | DDNZ,33,True
https://www.ddnzglobal.com/ar/shipping-from-china-to-middle-east/,الشحن من الصين إلى الشرق الأوسط | DDNZ,الشحن من الصين إلى الشرق الأوسط | DDNZ,38,True
https://www.ddnzglobal.com/ar/shipping-from-china-to-nigeria/,الشحن من الصين إلى نيجيريا | DDNZ,الشحن من الصين إلى نيجيريا | DDNZ,33,True
https://www.ddnzglobal.com/ar/shipping-from-china-to-oman/,الشحن من الصين إلى عُمان | DDNZ,الشحن من الصين إلى عُمان | DDNZ,31,True
https://www.ddnzglobal.com/ar/shipping-from-china-to-peru/,الشحن من الصين إلى بيرو | DDNZ,الشحن من الصين إلى بيرو | DDNZ,30,True
https://www.ddnzglobal.com/ar/shipping-from-china-to-qatar/,الشحن من الصين إلى قطر | DDNZ,الشحن من الصين إلى قطر | DDNZ,29,True
https://www.ddnzglobal.com/ar/shipping-from-china-to-russia/,الشحن من الصين إلى روسيا | DDNZ,الشحن من الصين إلى روسيا | DDNZ,31,True
https://www.ddnzglobal.com/ar/shipping-from-china-to-saudi-arabia/,الشحن من الصين إلى السعودية | DDNZ,الشحن من الصين إلى السعودية | DDNZ,34,True
https://www.ddnzglobal.com/ar/shipping-from-china-to-tajikistan/,الشحن من الصين إلى طاجيكستان | DDNZ,الشحن من الصين إلى طاجيكستان | DDNZ,35,True
https://www.ddnzglobal.com/ar/shipping-from-china-to-turkmenistan/,الشحن من الصين إلى تركمانستان | DDNZ,الشحن من الصين إلى تركمانستان | DDNZ,36,True
https://www.ddnzglobal.com/ar/shipping-from-china-to-uae/,الشحن من الصين إلى الإمارات | DDNZ,الشحن من الصين إلى الإمارات | DDNZ,34,True
https://www.ddnzglobal.com/ar/shipping-from-china-to-uzbekistan/,الشحن من الصين إلى أوزبكستان | DDNZ,الشحن من الصين إلى أوزبكستان | DDNZ,35,True
https://www.ddnzglobal.com/ar/shipping-from-china-to-west-africa/,الشحن من الصين إلى غرب أفريقيا | DDNZ,الشحن من الصين إلى غرب أفريقيا | DDNZ,37,True
https://www.ddnzglobal.com/ar/sourcing-services/,وكيل شراء من الصين والبحث عن الموردين | DDNZ,وكيل شراء من الصين والبحث عن الموردين | DDNZ,44,True
https://www.ddnzglobal.com/ar/sourcing-services/consolidation-export/,التجميع والتصدير في الصين | DDNZ,التجميع والتصدير في الصين | DDNZ,32,True
https://www.ddnzglobal.com/ar/sourcing-services/inspection-quality-control/,الفحص ومراقبة الجودة في الصين | DDNZ,الفحص ومراقبة الجودة في الصين | DDNZ,36,True
https://www.ddnzglobal.com/ar/sourcing-services/supplier-search/,البحث عن الموردين والمقارنة في الصين | DDNZ,البحث عن الموردين والمقارنة في الصين | DDNZ,43,True
https://www.ddnzglobal.com/ar/sourcing/audio-speakers-from-china/,شراء مكبرات الصوت والمعدات الصوتية من الصين | DDNZ,شراء مكبرات الصوت والمعدات الصوتية من الصين | DDNZ,50,True
https://www.ddnzglobal.com/ar/sourcing/audio-speakers-from-china/desktop-pc-speakers/,شراء سماعات الكمبيوتر بالجملة من الصين | DDNZ,شراء سماعات الكمبيوتر بالجملة من الصين | DDNZ,45,True
https://www.ddnzglobal.com/ar/sourcing/audio-speakers-from-china/headphones-earbuds/,شراء سماعات الرأس والأذن بالجملة من الصين | DDNZ,شراء سماعات الرأس والأذن بالجملة من الصين | DDNZ,48,True
https://www.ddnzglobal.com/ar/sourcing/audio-speakers-from-china/home-hifi-bookshelf-speakers/,شراء أنظمة Hi-Fi وسماعات رفوف من الصين | DDNZ,شراء أنظمة Hi-Fi وسماعات رفوف من الصين | DDNZ,45,True
https://www.ddnzglobal.com/ar/sourcing/audio-speakers-from-china/party-karaoke-speakers/,شراء سماعات الحفلات والكاريوكي من الصين | DDNZ,شراء سماعات الحفلات والكاريوكي من الصين | DDNZ,46,True
https://www.ddnzglobal.com/ar/sourcing/audio-speakers-from-china/portable-outdoor-speakers/,شراء سماعات بلوتوث محمولة من الصين | DDNZ,شراء سماعات بلوتوث محمولة من الصين | DDNZ,41,True
https://www.ddnzglobal.com/ar/sourcing/commercial-electric-fryers-from-china/,شراء قلايات كهربائية تجارية من الصين | DDNZ,شراء قلايات كهربائية تجارية من الصين | DDNZ,43,True
https://www.ddnzglobal.com/ar/sourcing/commercial-electric-griddles-from-china/,شراء صاجات طهي كهربائية تجارية من الصين | DDNZ,شراء صاجات طهي كهربائية تجارية من الصين | DDNZ,46,True
https://www.ddnzglobal.com/ar/sourcing/commercial-ice-machines-from-china/,شراء آلات ثلج تجارية من الصين | DDNZ,شراء آلات ثلج تجارية من الصين | DDNZ,36,True
https://www.ddnzglobal.com/ar/sourcing/commercial-kitchen-equipment-from-china/,معدات المطابخ التجارية من الصين | DDNZ,معدات المطابخ التجارية من الصين | DDNZ,38,True
https://www.ddnzglobal.com/ar/sourcing/food-processing-machinery-from-china/,شراء آلات تجهيز الأغذية من الصين | DDNZ,شراء آلات تجهيز الأغذية من الصين | DDNZ,39,True
https://www.ddnzglobal.com/ar/sourcing/food-processing-machinery-from-china/bean-rice-and-juice-machinery/,آلات الصويا والأرز والعصائر · توريد من الصين | DDNZ,آلات الصويا والأرز والعصائر · توريد من الصين | DDNZ,51,True
https://www.ddnzglobal.com/ar/sourcing/food-processing-machinery-from-china/dough-and-bakery-machinery/,آلات العجين والمخبوزات · توريد من الصين | DDNZ,آلات العجين والمخبوزات · توريد من الصين | DDNZ,46,True
https://www.ddnzglobal.com/ar/sourcing/food-processing-machinery-from-china/meat-processing-machinery/,آلات تجهيز اللحوم · توريد من الصين | DDNZ,آلات تجهيز اللحوم · توريد من الصين | DDNZ,41,True
https://www.ddnzglobal.com/ar/sourcing/food-processing-machinery-from-china/packages/bakery/,شراء مجموعة تحضير المخبوزات من الصين | DDNZ,شراء مجموعة تحضير المخبوزات من الصين | DDNZ,43,True
https://www.ddnzglobal.com/ar/sourcing/food-processing-machinery-from-china/packages/bean-rice/,شراء مجموعة تحضير الصويا والأرز من الصين | DDNZ,شراء مجموعة تحضير الصويا والأرز من الصين | DDNZ,47,True
https://www.ddnzglobal.com/ar/sourcing/food-processing-machinery-from-china/packages/meat-prep/,شراء مجموعة تحضير اللحوم من الصين | DDNZ,شراء مجموعة تحضير اللحوم من الصين | DDNZ,40,True
https://www.ddnzglobal.com/ar/sourcing/food-processing-machinery-from-china/packages/meatballs/,شراء مجموعة تحضير كرات اللحم من الصين | DDNZ,شراء مجموعة تحضير كرات اللحم من الصين | DDNZ,44,True
https://www.ddnzglobal.com/ar/sourcing/food-processing-machinery-from-china/packages/noodles/,شراء مجموعة تحضير العجين والمعكرونة من الصين | DDNZ,شراء مجموعة تحضير العجين والمعكرونة من الصين | DDNZ,51,True
https://www.ddnzglobal.com/ar/sourcing/food-processing-machinery-from-china/packages/vegetables/,شراء مجموعة تحضير الخضروات من الصين | DDNZ,شراء مجموعة تحضير الخضروات من الصين | DDNZ,42,True
https://www.ddnzglobal.com/ar/sourcing/food-processing-machinery-from-china/vegetable-processing-machinery/,آلات تجهيز الخضروات · توريد من الصين | DDNZ,آلات تجهيز الخضروات · توريد من الصين | DDNZ,43,True
https://www.ddnzglobal.com/ar/sourcing/kitchen-equipment-for-distributors/,توريد معدات المطابخ للموزعين من الصين | DDNZ,توريد معدات المطابخ للموزعين من الصين | DDNZ,44,True
https://www.ddnzglobal.com/ar/sourcing/mobile-accessories-from-china/,توريد ملحقات الهاتف من الصين | DDNZ,توريد ملحقات الهاتف من الصين | DDNZ,35,True
https://www.ddnzglobal.com/ar/sourcing/outdoor-products-from-china/,توريد الطاقة الشمسية والتبريد المتنقل | DDNZ,توريد الطاقة الشمسية والتبريد المتنقل | DDNZ,44,True
https://www.ddnzglobal.com/ar/sourcing/restaurant-kitchen-packages-from-china/,شراء مجموعات مطابخ المطاعم من الصين | DDNZ,شراء مجموعات مطابخ المطاعم من الصين | DDNZ,42,True
https://www.ddnzglobal.com/ar/sourcing/restaurant-kitchen-packages-from-china/bakery-pastry/,شراء مجموعة مطبخ المخبز والحلويات من الصين | DDNZ,شراء مجموعة مطبخ المخبز والحلويات من الصين | DDNZ,49,True
https://www.ddnzglobal.com/ar/sourcing/restaurant-kitchen-packages-from-china/cafe-light-meals/,شراء مجموعة مطبخ المقهى والوجبات الخفيفة من الصين | DDNZ,شراء مجموعة مطبخ المقهى والوجبات الخفيفة من الصين | DDNZ,56,True
https://www.ddnzglobal.com/ar/sourcing/restaurant-kitchen-packages-from-china/casual-dining/,شراء مجموعة مطبخ المطعم غير الرسمي من الصين | DDNZ,شراء مجموعة مطبخ المطعم غير الرسمي من الصين | DDNZ,50,True
https://www.ddnzglobal.com/ar/sourcing/restaurant-kitchen-packages-from-china/cloud-kitchen/,شراء مجموعة مطبخ السحابة والتوصيل المشترك من الصين | DDNZ,شراء مجموعة مطبخ السحابة والتوصيل المشترك من الصين | DDNZ,57,True
https://www.ddnzglobal.com/ar/sourcing/restaurant-kitchen-packages-from-china/pizza-shop/,شراء مجموعة مطبخ البيتزا من الصين | DDNZ,شراء مجموعة مطبخ البيتزا من الصين | DDNZ,40,True
https://www.ddnzglobal.com/ar/sourcing/restaurant-kitchen-packages-from-china/takeaway-qsr/,شراء مطبخ وجبات سريعة وطلبات خارجية من الصين | DDNZ,شراء مطبخ وجبات سريعة وطلبات خارجية من الصين | DDNZ,51,True
https://www.ddnzglobal.com/ar/sourcing/restaurant-project-equipment/,توريد معدات مشاريع المطاعم من الصين | DDNZ,توريد معدات مشاريع المطاعم من الصين | DDNZ,42,True
https://www.ddnzglobal.com/blog/12v-portable-fridge-power-chain-test-hot-markets/,12V Portable Fridges for Hot Off-Grid Markets | DDNZ,12V Portable Fridges for Hot Off-Grid Markets | DDNZ,52,True
https://www.ddnzglobal.com/blog/2026-china-railway-express-panorama-guide-comprehensive-analysis-of-193-core-rai/,China-Europe Railway Express | DDNZ,China-Europe Railway Express | DDNZ,35,True
https://www.ddnzglobal.com/blog/cheap-speakers-china-african-trader-verification/,Cheap China Speakers: African Trader Verification | DDNZ,Cheap China Speakers: African Trader Verification | DDNZ,56,True
https://www.ddnzglobal.com/blog/china-saudi-freight-september-2026-gateway-cargo-acceptance-surcharges/,China–Saudi Freight Before September 2026 | DDNZ,China–Saudi Freight Before September 2026 | DDNZ,48,True
https://www.ddnzglobal.com/blog/coffee-equipment-china-saudi-dealers-sellable-range-2026/,What Saudi Coffee-Equipment Dealers Should Source… | DDNZ,What Saudi Coffee-Equipment Dealers Should Source… | DDNZ,57,True
https://www.ddnzglobal.com/blog/combi-ovens-gulf-restaurants-china-sourcing-checklist/,Combi Ovens for Gulf Restaurants | DDNZ,Combi Ovens for Gulf Restaurants | DDNZ,39,True
https://www.ddnzglobal.com/blog/commercial-dishwashers-gulf-restaurants-water-booster-rack-output/,Commercial Dishwashers for Gulf Restaurants | DDNZ,Commercial Dishwashers for Gulf Restaurants | DDNZ,50,True
https://www.ddnzglobal.com/blog/commercial-ice-machine-hot-kitchen-output-china-sourcing/,Commercial Ice Machine Output in Hot Kitchens | DDNZ,Commercial Ice Machine Output in Hot Kitchens | DDNZ,52,True
https://www.ddnzglobal.com/blog/commercial-kitchen-equipment-china-saudi-rfq-checklist/,Saudi Kitchen Equipment Sourcing: RFQ Checklist | DDNZ,Saudi Kitchen Equipment Sourcing: RFQ Checklist | DDNZ,54,True
https://www.ddnzglobal.com/blog/commercial-refrigerators-gulf-kitchens-climate-class-high-ambient/,Commercial Refrigeration for Gulf Kitchens | DDNZ,Commercial Refrigeration for Gulf Kitchens | DDNZ,49,True
https://www.ddnzglobal.com/blog/evergreen-saf-china-south-africa-route/,Evergreen’s China–South Africa SAF Service | DDNZ,Evergreen’s China–South Africa SAF Service | DDNZ,49,True
https://www.ddnzglobal.com/blog/high-compliance-new-energy-logistics/,Shipping ESS and BESS from China | DDNZ,Shipping ESS and BESS from China | DDNZ,39,True
https://www.ddnzglobal.com/blog/insulated-cooler-boxes-africa-china-ice-retention-test/,Insulated Cooler Boxes for African Distributors | DDNZ,Insulated Cooler Boxes for African Distributors | DDNZ,54,True
https://www.ddnzglobal.com/blog/magsafe-phone-cases-china-turkiye-dealer-verification/,MagSafe Phone Cases from China | DDNZ,MagSafe Phone Cases from China | DDNZ,37,True
https://www.ddnzglobal.com/blog/magsafe-ring-stand-sourcing-four-sample-comparison/,We Tested Four Magnetic Ring Stands. Price Was… | DDNZ,We Tested Four Magnetic Ring Stands. Price Was… | DDNZ,54,True
https://www.ddnzglobal.com/blog/minimize-alibaba-sourcing-risks/,Alibaba Sourcing Without Customs Surprises | DDNZ,Alibaba Sourcing Without Customs Surprises | DDNZ,49,True
https://www.ddnzglobal.com/blog/mixed-sku-phone-cases-china-poland-moq-packing-reorders/,Found a Phone Case That Sells? Source It from… | DDNZ,Found a Phone Case That Sells? Source It from… | DDNZ,53,True
https://www.ddnzglobal.com/blog/protect-orders-against-delays/,China to Eastern Europe Import Risk Playbook | DDNZ,China to Eastern Europe Import Risk Playbook | DDNZ,51,True
https://www.ddnzglobal.com/blog/provide-actionable-strategies/,EU Low-Value Parcel Duty 2026 | DDNZ,EU Low-Value Parcel Duty 2026 | DDNZ,36,True
https://www.ddnzglobal.com/blog/provides-actionable-steps-for-Eastern-European/,How Importers Should Manage Ocean Freight… | DDNZ,How Importers Should Manage Ocean Freight… | DDNZ,49,True
https://www.ddnzglobal.com/blog/regulatory-compliance-alert-complete-sop-and-new-2026-mandates-for-china-nev-exp/,Exporting Pure Electric Passenger Vehicles from… | DDNZ,Exporting Pure Electric Passenger Vehicles from… | DDNZ,55,True
https://www.ddnzglobal.com/blog/top-10-screen-protector-manufacturers-alibaba/,Top 10 Screen Protector Manufacturers on Alibaba… | DDNZ,Top 10 Screen Protector Manufacturers on Alibaba… | DDNZ,56,True
https://www.ddnzglobal.com/blog/transpacific-shock-rates-surge-over-1000-in-a-single-week-as-msc-relaunches-pear/,Transpacific Freight from China | DDNZ,Transpacific Freight from China | DDNZ,38,True
https://www.ddnzglobal.com/blog/turkiye-iphone-13-16-privacy-hayalet-screen-protectors-dealer-checklist/,Back in September: Two iPhone 13–16 Privacy… | DDNZ,Back in September: Two iPhone 13–16 Privacy… | DDNZ,51,True
https://www.ddnzglobal.com/es/,Compras en China y transporte internacional | DDNZ,Compras en China y transporte internacional | DDNZ,50,True
https://www.ddnzglobal.com/es/blog/flete-china-america-latina-pss-oeste-este-agosto-2026/,Flete China–América Latina | DDNZ,Flete China–América Latina | DDNZ,33,True
https://www.ddnzglobal.com/es/blog/para-evitar-costosas-retenciones-en-puerto./,Baterías y vehículos por mar | DDNZ,Baterías y vehículos por mar | DDNZ,35,True
https://www.ddnzglobal.com/es/blog/puerto-chancay-aranceles-y-rutas-directas-guia-de-compra-para-importadores-latin/,Puerto de Chancay para importaciones desde China | DDNZ,Puerto de Chancay para importaciones desde China | DDNZ,55,True
https://www.ddnzglobal.com/es/get-a-quote/,Cotización de compras y transporte desde China | DDNZ,Cotización de compras y transporte desde China | DDNZ,53,True
https://www.ddnzglobal.com/es/how-we-work/,Proceso de compras en China | DDNZ,Proceso de compras en China | DDNZ,34,True
https://www.ddnzglobal.com/es/insights/,Guías de compras y envíos desde China | DDNZ,Guías de compras y envíos desde China | DDNZ,44,True
https://www.ddnzglobal.com/es/phone-cases/,Fundas de China al por mayor: modelos y mínimos | DDNZ,Fundas de China al por mayor: modelos y mínimos | DDNZ,54,True
https://www.ddnzglobal.com/es/phone-cases/materials-and-pricing/,Materiales y precios de fundas: compare proveedores | DDNZ,Materiales y precios de fundas: compare proveedores | DDNZ,58,True
https://www.ddnzglobal.com/es/phone-straps-charms/,"Correas, cadenas y adornos de móvil al por mayor | DDNZ","Correas, cadenas y adornos de móvil al por mayor | DDNZ",55,True
https://www.ddnzglobal.com/es/portable-power/selection-guide/,"Energía portátil: capacidad, consumo y recarga | DDNZ","Energía portátil: capacidad, consumo y recarga | DDNZ",53,True
https://www.ddnzglobal.com/es/products/,Productos al por mayor y equipos de China | DDNZ,Productos al por mayor y equipos de China | DDNZ,48,True
https://www.ddnzglobal.com/es/refrigeration-equipment/,Compre equipos de refrigeración comercial de China | DDNZ,Compre equipos de refrigeración comercial de China | DDNZ,57,True
https://www.ddnzglobal.com/es/screen-protectors/,Protectores de pantalla al por mayor | DDNZ,Protectores de pantalla al por mayor | DDNZ,43,True
https://www.ddnzglobal.com/es/screen-protectors/calculator/,Protectores de China: calcule el coste puesto | DDNZ,Protectores de China: calcule el coste puesto | DDNZ,52,True
https://www.ddnzglobal.com/es/screen-protectors/compare/,Compare protectores de pantalla y precios | DDNZ,Compare protectores de pantalla y precios | DDNZ,48,True
https://www.ddnzglobal.com/es/screen-protectors/guides/,Comprar protectores de China: guía técnica | DDNZ,Comprar protectores de China: guía técnica | DDNZ,49,True
https://www.ddnzglobal.com/es/screen-protectors/guides/curved-glass/,Comprar protectores 2.5D y 3D de China: guía | DDNZ,Comprar protectores 2.5D y 3D de China: guía | DDNZ,51,True
https://www.ddnzglobal.com/es/screen-protectors/guides/price-differences/,Protectores de China: comparar precios mayoristas | DDNZ,Protectores de China: comparar precios mayoristas | DDNZ,56,True
https://www.ddnzglobal.com/es/screen-protectors/private-label/,Micas de marca propia desde China | DDNZ,Micas de marca propia desde China | DDNZ,40,True
https://www.ddnzglobal.com/es/screen-protectors/videos/,Compre protectores de China: vídeos de producción | DDNZ,Compre protectores de China: vídeos de producción | DDNZ,56,True
https://www.ddnzglobal.com/es/screen-protectors/wholesale-for-stores/,Micas por mayoreo para tiendas y cadenas | DDNZ,Micas por mayoreo para tiendas y cadenas | DDNZ,47,True
https://www.ddnzglobal.com/es/services/air-freight/,Carga aérea desde China | DDNZ,Carga aérea desde China | DDNZ,30,True
https://www.ddnzglobal.com/es/services/amazon-fba/,Logística Amazon FBA desde China | DDNZ,Logística Amazon FBA desde China | DDNZ,39,True
https://www.ddnzglobal.com/es/services/dangerous-goods-shipping-from-china/,Mercancías peligrosas desde China | DDNZ,Mercancías peligrosas desde China | DDNZ,40,True
https://www.ddnzglobal.com/es/services/lcl-shipping-from-china/,"Envíos LCL desde China | Costos, embalaje y entrega | DDNZ","Envíos LCL desde China | Costos, embalaje y entrega | DDNZ",58,True
https://www.ddnzglobal.com/es/services/sea-freight/,"Transporte marítimo desde China | FCL, LCL y carga | DDNZ","Transporte marítimo desde China | FCL, LCL y carga | DDNZ",57,True
https://www.ddnzglobal.com/es/services/warehouse-services/,Almacén y consolidación en China | DDNZ,Almacén y consolidación en China | DDNZ,39,True
https://www.ddnzglobal.com/es/shipping-from-china-to-argentina/,Envíos de China a Argentina | DDNZ,Envíos de China a Argentina | DDNZ,34,True
https://www.ddnzglobal.com/es/shipping-from-china-to-bahrain/,Envíos de China a Bahrain | DDNZ,Envíos de China a Bahrain | DDNZ,32,True
https://www.ddnzglobal.com/es/shipping-from-china-to-brazil/,Envíos de China a Brasil | DDNZ,Envíos de China a Brasil | DDNZ,31,True
https://www.ddnzglobal.com/es/shipping-from-china-to-central-asia/,Envíos de China a Asia Central y Rusia. | DDNZ,Envíos de China a Asia Central y Rusia. | DDNZ,46,True
https://www.ddnzglobal.com/es/shipping-from-china-to-chile/,Envíos de China a Chile | DDNZ,Envíos de China a Chile | DDNZ,30,True
https://www.ddnzglobal.com/es/shipping-from-china-to-ghana/,Envíos de China a Ghana | Tema y entrega en Acra | DDNZ,Envíos de China a Ghana | Tema y entrega en Acra | DDNZ,55,True
https://www.ddnzglobal.com/es/shipping-from-china-to-kazakhstan/,Transporte de China a Kazajistán | DDNZ,Transporte de China a Kazajistán | DDNZ,39,True
https://www.ddnzglobal.com/es/shipping-from-china-to-kuwait/,Envíos de China a Kuwait | DDNZ,Envíos de China a Kuwait | DDNZ,31,True
https://www.ddnzglobal.com/es/shipping-from-china-to-kyrgyzstan/,Transporte de China a Kirguistán | DDNZ,Transporte de China a Kirguistán | DDNZ,39,True
https://www.ddnzglobal.com/es/shipping-from-china-to-latin-america/,Envíos de China a Latinoamérica | DDNZ,Envíos de China a Latinoamérica | DDNZ,38,True
https://www.ddnzglobal.com/es/shipping-from-china-to-mexico/,Transporte marítimo de China a México | DDNZ,Transporte marítimo de China a México | DDNZ,44,True
https://www.ddnzglobal.com/es/shipping-from-china-to-middle-east/,Envíos de China a Oriente Medio | DDNZ,Envíos de China a Oriente Medio | DDNZ,38,True
https://www.ddnzglobal.com/es/shipping-from-china-to-nigeria/,Transporte de China a Nigeria y mercados de Lagos | DDNZ,Transporte de China a Nigeria y mercados de Lagos | DDNZ,56,True
https://www.ddnzglobal.com/es/shipping-from-china-to-oman/,Envíos de China a Oman | DDNZ,Envíos de China a Oman | DDNZ,29,True
https://www.ddnzglobal.com/es/shipping-from-china-to-peru/,Envíos de China a Perú | DDNZ,Envíos de China a Perú | DDNZ,29,True
https://www.ddnzglobal.com/es/shipping-from-china-to-qatar/,Envíos de China a Qatar | DDNZ,Envíos de China a Qatar | DDNZ,30,True
https://www.ddnzglobal.com/es/shipping-from-china-to-russia/,Transporte de China a Rusia | DDNZ,Transporte de China a Rusia | DDNZ,34,True
https://www.ddnzglobal.com/es/shipping-from-china-to-saudi-arabia/,Envíos de China a Arabia Saudita | DDNZ,Envíos de China a Arabia Saudita | DDNZ,39,True
https://www.ddnzglobal.com/es/shipping-from-china-to-tajikistan/,Transporte de China a Tayikistán | DDNZ,Transporte de China a Tayikistán | DDNZ,39,True
https://www.ddnzglobal.com/es/shipping-from-china-to-turkmenistan/,Transporte de China a Turkmenistán | DDNZ,Transporte de China a Turkmenistán | DDNZ,41,True
https://www.ddnzglobal.com/es/shipping-from-china-to-uae/,Envíos de China a EAU | Transporte y entrega | DDNZ,Envíos de China a EAU | Transporte y entrega | DDNZ,51,True
https://www.ddnzglobal.com/es/shipping-from-china-to-uzbekistan/,Transporte de China a Uzbekistán | DDNZ,Transporte de China a Uzbekistán | DDNZ,39,True
https://www.ddnzglobal.com/es/shipping-from-china-to-west-africa/,Envíos de China a África Occidental | DDNZ,Envíos de China a África Occidental | DDNZ,42,True
https://www.ddnzglobal.com/es/sourcing-services/,Agente de compras en China y búsqueda de proveedores | DDNZ,Agente de compras en China y búsqueda de proveedores | DDNZ,59,True
https://www.ddnzglobal.com/es/sourcing-services/consolidation-export/,Consolidación y exportación en China | DDNZ,Consolidación y exportación en China | DDNZ,43,True
https://www.ddnzglobal.com/es/sourcing-services/inspection-quality-control/,Inspección y control de calidad en China | DDNZ,Inspección y control de calidad en China | DDNZ,47,True
https://www.ddnzglobal.com/es/sourcing-services/supplier-search/,Búsqueda y comparación de proveedores en China | DDNZ,Búsqueda y comparación de proveedores en China | DDNZ,53,True
https://www.ddnzglobal.com/es/sourcing/audio-speakers-from-china/,Compre altavoces y equipos de audio de China | DDNZ,Compre altavoces y equipos de audio de China | DDNZ,51,True
https://www.ddnzglobal.com/es/sourcing/audio-speakers-from-china/desktop-pc-speakers/,Compre altavoces de PC al por mayor de China | DDNZ,Compre altavoces de PC al por mayor de China | DDNZ,51,True
https://www.ddnzglobal.com/es/sourcing/audio-speakers-from-china/headphones-earbuds/,Compre auriculares y audífonos al por mayor de China | DDNZ,Compre auriculares y audífonos al por mayor de China | DDNZ,59,True
https://www.ddnzglobal.com/es/sourcing/audio-speakers-from-china/home-hifi-bookshelf-speakers/,Compre Hi-Fi y altavoces de estantería de China | DDNZ,Compre Hi-Fi y altavoces de estantería de China | DDNZ,54,True
https://www.ddnzglobal.com/es/sourcing/audio-speakers-from-china/party-karaoke-speakers/,Compre altavoces de fiesta y karaoke de China | DDNZ,Compre altavoces de fiesta y karaoke de China | DDNZ,52,True
https://www.ddnzglobal.com/es/sourcing/audio-speakers-from-china/portable-outdoor-speakers/,Compre altavoces Bluetooth portátiles de China | DDNZ,Compre altavoces Bluetooth portátiles de China | DDNZ,53,True
https://www.ddnzglobal.com/es/sourcing/commercial-electric-fryers-from-china/,Compre freidoras eléctricas comerciales de China | DDNZ,Compre freidoras eléctricas comerciales de China | DDNZ,55,True
https://www.ddnzglobal.com/es/sourcing/commercial-electric-griddles-from-china/,Compre planchas eléctricas comerciales de China | DDNZ,Compre planchas eléctricas comerciales de China | DDNZ,54,True
https://www.ddnzglobal.com/es/sourcing/commercial-ice-machines-from-china/,Compre máquinas de hielo comerciales de China | DDNZ,Compre máquinas de hielo comerciales de China | DDNZ,52,True
https://www.ddnzglobal.com/es/sourcing/commercial-kitchen-equipment-from-china/,Equipos de cocina comercial de China | DDNZ,Equipos de cocina comercial de China | DDNZ,43,True
https://www.ddnzglobal.com/es/sourcing/food-processing-machinery-from-china/,Compre maquinaria para procesar alimentos de China | DDNZ,Compre maquinaria para procesar alimentos de China | DDNZ,57,True
https://www.ddnzglobal.com/es/sourcing/food-processing-machinery-from-china/bean-rice-and-juice-machinery/,"Máquinas de soja, arroz y jugos de China | DDNZ","Máquinas de soja, arroz y jugos de China | DDNZ",47,True
https://www.ddnzglobal.com/es/sourcing/food-processing-machinery-from-china/dough-and-bakery-machinery/,Maquinaria para masas y panadería · Sourcing en China | DDNZ,Maquinaria para masas y panadería · Sourcing en China | DDNZ,60,True
https://www.ddnzglobal.com/es/sourcing/food-processing-machinery-from-china/meat-processing-machinery/,Maquinaria para procesar carne · Sourcing en China | DDNZ,Maquinaria para procesar carne · Sourcing en China | DDNZ,57,True
https://www.ddnzglobal.com/es/sourcing/food-processing-machinery-from-china/packages/bakery/,Compre un kit de Preparación de panadería de China | DDNZ,Compre un kit de Preparación de panadería de China | DDNZ,57,True
https://www.ddnzglobal.com/es/sourcing/food-processing-machinery-from-china/packages/bean-rice/,Compre un kit de Preparación de soja y arroz de China | DDNZ,Compre un kit de Preparación de soja y arroz de China | DDNZ,60,True
https://www.ddnzglobal.com/es/sourcing/food-processing-machinery-from-china/packages/meat-prep/,Compre un kit de Preparación de carne de China | DDNZ,Compre un kit de Preparación de carne de China | DDNZ,53,True
https://www.ddnzglobal.com/es/sourcing/food-processing-machinery-from-china/packages/meatballs/,Compre un kit de Preparación de albóndigas de China | DDNZ,Compre un kit de Preparación de albóndigas de China | DDNZ,58,True
https://www.ddnzglobal.com/es/sourcing/food-processing-machinery-from-china/packages/noodles/,Compre un conjunto de Masas y fideos de China | DDNZ,Compre un conjunto de Masas y fideos de China | DDNZ,52,True
https://www.ddnzglobal.com/es/sourcing/food-processing-machinery-from-china/packages/vegetables/,Compre un kit de Preparación de verduras de China | DDNZ,Compre un kit de Preparación de verduras de China | DDNZ,56,True
https://www.ddnzglobal.com/es/sourcing/food-processing-machinery-from-china/vegetable-processing-machinery/,Maquinaria para preparar verduras · Sourcing en China | DDNZ,Maquinaria para preparar verduras · Sourcing en China | DDNZ,60,True
https://www.ddnzglobal.com/es/sourcing/kitchen-equipment-for-distributors/,Equipos de cocina para distribuidores desde China | DDNZ,Equipos de cocina para distribuidores desde China | DDNZ,56,True
https://www.ddnzglobal.com/es/sourcing/mobile-accessories-from-china/,Accesorios móviles de China | DDNZ,Accesorios móviles de China | DDNZ,34,True
https://www.ddnzglobal.com/es/sourcing/outdoor-products-from-china/,Energía solar y refrigeración portátil | DDNZ,Energía solar y refrigeración portátil | DDNZ,45,True
https://www.ddnzglobal.com/es/sourcing/restaurant-kitchen-packages-from-china/,Compre conjuntos de cocina para restaurantes de China | DDNZ,Compre conjuntos de cocina para restaurantes de China | DDNZ,60,True
https://www.ddnzglobal.com/es/sourcing/restaurant-kitchen-packages-from-china/bakery-pastry/,Compre cocina para panadería y pastelería de China | DDNZ,Compre cocina para panadería y pastelería de China | DDNZ,57,True
https://www.ddnzglobal.com/es/sourcing/restaurant-kitchen-packages-from-china/cafe-light-meals/,Compre cocina para cafetería de China | DDNZ,Compre cocina para cafetería de China | DDNZ,44,True
https://www.ddnzglobal.com/es/sourcing/restaurant-kitchen-packages-from-china/casual-dining/,Compre cocina para restaurante informal de China | DDNZ,Compre cocina para restaurante informal de China | DDNZ,55,True
https://www.ddnzglobal.com/es/sourcing/restaurant-kitchen-packages-from-china/cloud-kitchen/,Compre cocina compartida de reparto de China | DDNZ,Compre cocina compartida de reparto de China | DDNZ,51,True
https://www.ddnzglobal.com/es/sourcing/restaurant-kitchen-packages-from-china/pizza-shop/,Compre un conjunto de cocina para pizzería de China | DDNZ,Compre un conjunto de cocina para pizzería de China | DDNZ,58,True
https://www.ddnzglobal.com/es/sourcing/restaurant-kitchen-packages-from-china/takeaway-qsr/,Compre cocina de China para comida rápida | DDNZ,Compre cocina de China para comida rápida | DDNZ,48,True
https://www.ddnzglobal.com/es/sourcing/restaurant-project-equipment/,Equipos para proyectos de restaurantes desde China | DDNZ,Equipos para proyectos de restaurantes desde China | DDNZ,57,True
https://www.ddnzglobal.com/fr/,Sourcing en Chine et fret international | DDNZ,Sourcing en Chine et fret international | DDNZ,46,True
https://www.ddnzglobal.com/fr/blog/guide-dapprovisionnement-chine-reduisez-vos-couts-logistiques-en-afrique-francop/,Importer de Chine vers l’Afrique francophone | DDNZ,Importer de Chine vers l’Afrique francophone | DDNZ,51,True
https://www.ddnzglobal.com/fr/get-a-quote/,Devis de fret depuis la Chine | DDNZ,Devis de fret depuis la Chine | DDNZ,36,True
https://www.ddnzglobal.com/fr/how-we-work/,Processus de sourcing en Chine | DDNZ,Processus de sourcing en Chine | DDNZ,37,True
https://www.ddnzglobal.com/fr/insights/,Guides sourcing et transport depuis la Chine | DDNZ,Guides sourcing et transport depuis la Chine | DDNZ,51,True
https://www.ddnzglobal.com/fr/phone-cases/,Coques de téléphone en gros de Chine | DDNZ,Coques de téléphone en gros de Chine | DDNZ,43,True
https://www.ddnzglobal.com/fr/phone-cases/materials-and-pricing/,"Matières des coques, prix et fournisseurs | DDNZ","Matières des coques, prix et fournisseurs | DDNZ",48,True
https://www.ddnzglobal.com/fr/phone-straps-charms/,Cordons et bijoux de téléphone de Chine en gros | DDNZ,Cordons et bijoux de téléphone de Chine en gros | DDNZ,54,True
https://www.ddnzglobal.com/fr/portable-power/selection-guide/,Choisir une station électrique : capacité et recharge | DDNZ,Choisir une station électrique : capacité et recharge | DDNZ,60,True
https://www.ddnzglobal.com/fr/products/,Produits et équipements de Chine : achat en gros | DDNZ,Produits et équipements de Chine : achat en gros | DDNZ,55,True
https://www.ddnzglobal.com/fr/refrigeration-equipment/,Achetez du matériel frigorifique en Chine | DDNZ,Achetez du matériel frigorifique en Chine | DDNZ,48,True
https://www.ddnzglobal.com/fr/screen-protectors/,Protections d’écran en gros de Chine | DDNZ,Protections d’écran en gros de Chine | DDNZ,43,True
https://www.ddnzglobal.com/fr/screen-protectors/calculator/,Achat de protections d’écran en Chine et coût rendu | DDNZ,Achat de protections d’écran en Chine et coût rendu | DDNZ,58,True
https://www.ddnzglobal.com/fr/screen-protectors/compare/,Comparer les protections d’écran en gros de Chine | DDNZ,Comparer les protections d’écran en gros de Chine | DDNZ,56,True
https://www.ddnzglobal.com/fr/screen-protectors/guides/,Acheter des protections en Chine : guide technique | DDNZ,Acheter des protections en Chine : guide technique | DDNZ,57,True
https://www.ddnzglobal.com/fr/screen-protectors/guides/curved-glass/,Acheter en Chine : protections 2.5D ou 3D | DDNZ,Acheter en Chine : protections 2.5D ou 3D | DDNZ,48,True
https://www.ddnzglobal.com/fr/screen-protectors/guides/price-differences/,Protections de Chine : comprendre les prix de gros | DDNZ,Protections de Chine : comprendre les prix de gros | DDNZ,57,True
https://www.ddnzglobal.com/fr/screen-protectors/private-label/,Protections de marque propre : achat en Chine | DDNZ,Protections de marque propre : achat en Chine | DDNZ,52,True
https://www.ddnzglobal.com/fr/screen-protectors/videos/,Protections d’écran de Chine : vidéos d’usine | DDNZ,Protections d’écran de Chine : vidéos d’usine | DDNZ,52,True
https://www.ddnzglobal.com/fr/screen-protectors/wholesale-for-stores/,Protections de Chine en gros pour magasins | DDNZ,Protections de Chine en gros pour magasins | DDNZ,49,True
https://www.ddnzglobal.com/fr/services/air-freight/,Fret aérien depuis la Chine | DDNZ,Fret aérien depuis la Chine | DDNZ,34,True
https://www.ddnzglobal.com/fr/services/amazon-fba/,Logistique Amazon FBA depuis la Chine | DDNZ,Logistique Amazon FBA depuis la Chine | DDNZ,44,True
https://www.ddnzglobal.com/fr/services/dangerous-goods-shipping-from-china/,Fret dangereux de Chine et arrimage | DDNZ,Fret dangereux de Chine et arrimage | DDNZ,42,True
https://www.ddnzglobal.com/fr/services/lcl-shipping-from-china/,Fret maritime LCL depuis la Chine | DDNZ,Fret maritime LCL depuis la Chine | DDNZ,40,True
https://www.ddnzglobal.com/fr/services/sea-freight/,Fret maritime depuis la Chine : chaque détail compte | DDNZ,Fret maritime depuis la Chine : chaque détail compte | DDNZ,59,True
https://www.ddnzglobal.com/fr/services/warehouse-services/,Entrepôt et consolidation en Chine | DDNZ,Entrepôt et consolidation en Chine | DDNZ,41,True
https://www.ddnzglobal.com/fr/shipping-from-china-to-argentina/,Fret de Chine vers l’Argentine | DDNZ,Fret de Chine vers l’Argentine | DDNZ,37,True
https://www.ddnzglobal.com/fr/shipping-from-china-to-bahrain/,Fret de Chine vers Bahreïn | DDNZ,Fret de Chine vers Bahreïn | DDNZ,33,True
https://www.ddnzglobal.com/fr/shipping-from-china-to-brazil/,Fret de Chine vers le Brésil | DDNZ,Fret de Chine vers le Brésil | DDNZ,35,True
https://www.ddnzglobal.com/fr/shipping-from-china-to-central-asia/,Fret de Chine vers l’Asie centrale et la Russie | DDNZ,Fret de Chine vers l’Asie centrale et la Russie | DDNZ,54,True
https://www.ddnzglobal.com/fr/shipping-from-china-to-chile/,Fret de Chine vers le Chili | DDNZ,Fret de Chine vers le Chili | DDNZ,34,True
https://www.ddnzglobal.com/fr/shipping-from-china-to-ghana/,Fret de Chine vers le Ghana | DDNZ,Fret de Chine vers le Ghana | DDNZ,34,True
https://www.ddnzglobal.com/fr/shipping-from-china-to-kazakhstan/,Fret de Chine vers Kazakhstan | DDNZ,Fret de Chine vers Kazakhstan | DDNZ,36,True
https://www.ddnzglobal.com/fr/shipping-from-china-to-kuwait/,Fret de Chine vers Koweït | DDNZ,Fret de Chine vers Koweït | DDNZ,32,True
https://www.ddnzglobal.com/fr/shipping-from-china-to-kyrgyzstan/,Fret de Chine vers Kirghizistan | DDNZ,Fret de Chine vers Kirghizistan | DDNZ,38,True
https://www.ddnzglobal.com/fr/shipping-from-china-to-latin-america/,Fret de Chine vers l’Amérique latine | DDNZ,Fret de Chine vers l’Amérique latine | DDNZ,43,True
https://www.ddnzglobal.com/fr/shipping-from-china-to-mexico/,Fret de Chine vers le Mexique | DDNZ,Fret de Chine vers le Mexique | DDNZ,36,True
https://www.ddnzglobal.com/fr/shipping-from-china-to-middle-east/,Fret de Chine vers le Moyen-Orient | DDNZ,Fret de Chine vers le Moyen-Orient | DDNZ,41,True
https://www.ddnzglobal.com/fr/shipping-from-china-to-nigeria/,Fret de Chine vers le Nigeria | DDNZ,Fret de Chine vers le Nigeria | DDNZ,36,True
https://www.ddnzglobal.com/fr/shipping-from-china-to-oman/,Fret de Chine vers Oman | DDNZ,Fret de Chine vers Oman | DDNZ,30,True
https://www.ddnzglobal.com/fr/shipping-from-china-to-peru/,Fret de Chine vers le Pérou | DDNZ,Fret de Chine vers le Pérou | DDNZ,34,True
https://www.ddnzglobal.com/fr/shipping-from-china-to-qatar/,Fret de Chine vers Qatar | DDNZ,Fret de Chine vers Qatar | DDNZ,31,True
https://www.ddnzglobal.com/fr/shipping-from-china-to-russia/,Fret de Chine vers Russie | DDNZ,Fret de Chine vers Russie | DDNZ,32,True
https://www.ddnzglobal.com/fr/shipping-from-china-to-saudi-arabia/,Fret de Chine vers Arabie Saoudite | DDNZ,Fret de Chine vers Arabie Saoudite | DDNZ,41,True
https://www.ddnzglobal.com/fr/shipping-from-china-to-tajikistan/,Fret de Chine vers Tadjikistan | DDNZ,Fret de Chine vers Tadjikistan | DDNZ,37,True
https://www.ddnzglobal.com/fr/shipping-from-china-to-turkmenistan/,Fret de Chine vers Turkménistan | DDNZ,Fret de Chine vers Turkménistan | DDNZ,38,True
https://www.ddnzglobal.com/fr/shipping-from-china-to-uae/,Fret de Chine vers les Émirats arabes unis | DDNZ,Fret de Chine vers les Émirats arabes unis | DDNZ,49,True
https://www.ddnzglobal.com/fr/shipping-from-china-to-uzbekistan/,Fret de Chine vers Ouzbékistan | DDNZ,Fret de Chine vers Ouzbékistan | DDNZ,37,True
https://www.ddnzglobal.com/fr/shipping-from-china-to-west-africa/,Fret de Chine vers l’Afrique de l’Ouest | DDNZ,Fret de Chine vers l’Afrique de l’Ouest | DDNZ,46,True
https://www.ddnzglobal.com/fr/sourcing-services/,Agent de sourcing et fournisseurs en Chine | DDNZ,Agent de sourcing et fournisseurs en Chine | DDNZ,49,True
https://www.ddnzglobal.com/fr/sourcing-services/consolidation-export/,Consolidation et export en Chine | DDNZ,Consolidation et export en Chine | DDNZ,39,True
https://www.ddnzglobal.com/fr/sourcing-services/inspection-quality-control/,Inspection et contrôle qualité en Chine | DDNZ,Inspection et contrôle qualité en Chine | DDNZ,46,True
https://www.ddnzglobal.com/fr/sourcing-services/supplier-search/,Recherche et comparaison fournisseurs en Chine | DDNZ,Recherche et comparaison fournisseurs en Chine | DDNZ,53,True
https://www.ddnzglobal.com/fr/sourcing/audio-speakers-from-china/,Achetez des enceintes et équipements audio en Chine | DDNZ,Achetez des enceintes et équipements audio en Chine | DDNZ,58,True
https://www.ddnzglobal.com/fr/sourcing/audio-speakers-from-china/desktop-pc-speakers/,Acheter des enceintes PC en gros en Chine | DDNZ,Acheter des enceintes PC en gros en Chine | DDNZ,48,True
https://www.ddnzglobal.com/fr/sourcing/audio-speakers-from-china/headphones-earbuds/,Acheter casques et écouteurs en gros en Chine | DDNZ,Acheter casques et écouteurs en gros en Chine | DDNZ,52,True
https://www.ddnzglobal.com/fr/sourcing/audio-speakers-from-china/home-hifi-bookshelf-speakers/,Acheter Hi-Fi et enceintes bibliothèque en Chine | DDNZ,Acheter Hi-Fi et enceintes bibliothèque en Chine | DDNZ,55,True
https://www.ddnzglobal.com/fr/sourcing/audio-speakers-from-china/party-karaoke-speakers/,Acheter des enceintes de fête et karaoké en Chine | DDNZ,Acheter des enceintes de fête et karaoké en Chine | DDNZ,56,True
https://www.ddnzglobal.com/fr/sourcing/audio-speakers-from-china/portable-outdoor-speakers/,Acheter des enceintes Bluetooth portables en Chine | DDNZ,Acheter des enceintes Bluetooth portables en Chine | DDNZ,57,True
https://www.ddnzglobal.com/fr/sourcing/commercial-electric-fryers-from-china/,Achetez des friteuses électriques en Chine | DDNZ,Achetez des friteuses électriques en Chine | DDNZ,49,True
https://www.ddnzglobal.com/fr/sourcing/commercial-electric-griddles-from-china/,Achetez des plaques à snacker électriques en Chine | DDNZ,Achetez des plaques à snacker électriques en Chine | DDNZ,57,True
https://www.ddnzglobal.com/fr/sourcing/commercial-ice-machines-from-china/,Achetez des machines à glaçons en Chine | DDNZ,Achetez des machines à glaçons en Chine | DDNZ,46,True
https://www.ddnzglobal.com/fr/sourcing/commercial-kitchen-equipment-from-china/,Acheter du matériel de cuisine professionnel en Chine | DDNZ,Acheter du matériel de cuisine professionnel en Chine | DDNZ,60,True
https://www.ddnzglobal.com/fr/sourcing/food-processing-machinery-from-china/,Achetez des machines alimentaires en Chine | DDNZ,Achetez des machines alimentaires en Chine | DDNZ,49,True
https://www.ddnzglobal.com/fr/sourcing/food-processing-machinery-from-china/bean-rice-and-juice-machinery/,"Machines pour soja, riz et jus · Achat en Chine | DDNZ","Machines pour soja, riz et jus · Achat en Chine | DDNZ",54,True
https://www.ddnzglobal.com/fr/sourcing/food-processing-machinery-from-china/dough-and-bakery-machinery/,Machines pour pâtes et boulangerie · Achat en Chine | DDNZ,Machines pour pâtes et boulangerie · Achat en Chine | DDNZ,58,True
https://www.ddnzglobal.com/fr/sourcing/food-processing-machinery-from-china/meat-processing-machinery/,Machines de préparation de viande · Achat en Chine | DDNZ,Machines de préparation de viande · Achat en Chine | DDNZ,57,True
https://www.ddnzglobal.com/fr/sourcing/food-processing-machinery-from-china/packages/bakery/,Achetez un kit de boulangerie en Chine | DDNZ,Achetez un kit de boulangerie en Chine | DDNZ,45,True
https://www.ddnzglobal.com/fr/sourcing/food-processing-machinery-from-china/packages/bean-rice/,Achetez un kit pour soja et riz en Chine | DDNZ,Achetez un kit pour soja et riz en Chine | DDNZ,47,True
https://www.ddnzglobal.com/fr/sourcing/food-processing-machinery-from-china/packages/meat-prep/,Achetez un kit « Préparation de viande » en Chine | DDNZ,Achetez un kit « Préparation de viande » en Chine | DDNZ,56,True
https://www.ddnzglobal.com/fr/sourcing/food-processing-machinery-from-china/packages/meatballs/,Achetez un kit « Préparation de boulettes » en Chine | DDNZ,Achetez un kit « Préparation de boulettes » en Chine | DDNZ,59,True
https://www.ddnzglobal.com/fr/sourcing/food-processing-machinery-from-china/packages/noodles/,Achetez un kit « Pâtes et nouilles » en Chine | DDNZ,Achetez un kit « Pâtes et nouilles » en Chine | DDNZ,52,True
https://www.ddnzglobal.com/fr/sourcing/food-processing-machinery-from-china/packages/vegetables/,Achetez un kit « Préparation de légumes » en Chine | DDNZ,Achetez un kit « Préparation de légumes » en Chine | DDNZ,57,True
https://www.ddnzglobal.com/fr/sourcing/food-processing-machinery-from-china/vegetable-processing-machinery/,Machines de préparation de légumes · Achat en Chine | DDNZ,Machines de préparation de légumes · Achat en Chine | DDNZ,58,True
https://www.ddnzglobal.com/fr/sourcing/kitchen-equipment-for-distributors/,Cuisines en gros de Chine pour distributeurs | DDNZ,Cuisines en gros de Chine pour distributeurs | DDNZ,51,True
https://www.ddnzglobal.com/fr/sourcing/mobile-accessories-from-china/,Accessoires de téléphone de Chine en gros | DDNZ,Accessoires de téléphone de Chine en gros | DDNZ,48,True
https://www.ddnzglobal.com/fr/sourcing/outdoor-products-from-china/,Sourcing d’équipements de plein air en Chine | DDNZ,Sourcing d’équipements de plein air en Chine | DDNZ,51,True
https://www.ddnzglobal.com/fr/sourcing/restaurant-kitchen-packages-from-china/,Achetez des cuisines de restaurant en Chine | DDNZ,Achetez des cuisines de restaurant en Chine | DDNZ,50,True
https://www.ddnzglobal.com/fr/sourcing/restaurant-kitchen-packages-from-china/bakery-pastry/,Kit de boulangerie-pâtisserie : achat en Chine | DDNZ,Kit de boulangerie-pâtisserie : achat en Chine | DDNZ,53,True
https://www.ddnzglobal.com/fr/sourcing/restaurant-kitchen-packages-from-china/cafe-light-meals/,Kit pour café et petite restauration de Chine | DDNZ,Kit pour café et petite restauration de Chine | DDNZ,52,True
https://www.ddnzglobal.com/fr/sourcing/restaurant-kitchen-packages-from-china/casual-dining/,Achetez un kit pour restaurant décontracté en Chine | DDNZ,Achetez un kit pour restaurant décontracté en Chine | DDNZ,58,True
https://www.ddnzglobal.com/fr/sourcing/restaurant-kitchen-packages-from-china/cloud-kitchen/,Kit de cuisine de livraison : achat en Chine | DDNZ,Kit de cuisine de livraison : achat en Chine | DDNZ,51,True
https://www.ddnzglobal.com/fr/sourcing/restaurant-kitchen-packages-from-china/pizza-shop/,Achetez un ensemble de cuisine pour pizzeria en Chine | DDNZ,Achetez un ensemble de cuisine pour pizzeria en Chine | DDNZ,60,True
https://www.ddnzglobal.com/fr/sourcing/restaurant-kitchen-packages-from-china/takeaway-qsr/,Acheter une cuisine de Chine pour restauration rapide | DDNZ,Acheter une cuisine de Chine pour restauration rapide | DDNZ,60,True
https://www.ddnzglobal.com/fr/sourcing/restaurant-project-equipment/,Équiper un restaurant : achat en Chine | DDNZ,Équiper un restaurant : achat en Chine | DDNZ,45,True
https://www.ddnzglobal.com/get-a-quote/,Get a China Freight Quote & Route Plan | DDNZ,Get a China Freight Quote & Route Plan | DDNZ,45,True
https://www.ddnzglobal.com/how-we-work/,How China Sourcing Works | DDNZ,How China Sourcing Works | DDNZ,31,True
https://www.ddnzglobal.com/insights/,China Sourcing & Shipping Guides | DDNZ,China Sourcing & Shipping Guides | DDNZ,39,True
https://www.ddnzglobal.com/phone-cases/,Wholesale Phone Cases from China: Styles & MOQ | DDNZ,Wholesale Phone Cases from China: Styles & MOQ | DDNZ,53,True
https://www.ddnzglobal.com/phone-cases/materials-and-pricing/,"Phone Case Materials, Prices & Supplier Comparison | DDNZ","Phone Case Materials, Prices & Supplier Comparison | DDNZ",57,True
https://www.ddnzglobal.com/phone-straps-charms/,Wholesale Phone Straps & Charms from China | DDNZ,Wholesale Phone Straps & Charms from China | DDNZ,49,True
https://www.ddnzglobal.com/portable-power/selection-guide/,"Portable Power Explained: Capacity, Loads & Charging | DDNZ","Portable Power Explained: Capacity, Loads & Charging | DDNZ",59,True
https://www.ddnzglobal.com/products/,Wholesale Products & Equipment from China | DDNZ,Wholesale Products & Equipment from China | DDNZ,48,True
https://www.ddnzglobal.com/pt/,Compras na China e frete internacional | DDNZ,Compras na China e frete internacional | DDNZ,45,True
https://www.ddnzglobal.com/pt/get-a-quote/,Cotação de frete da China e plano de rota | DDNZ,Cotação de frete da China e plano de rota | DDNZ,48,True
https://www.ddnzglobal.com/pt/how-we-work/,Como funciona o sourcing na China | DDNZ,Como funciona o sourcing na China | DDNZ,40,True
https://www.ddnzglobal.com/pt/insights/,Guias de compras e transporte da China | DDNZ,Guias de compras e transporte da China | DDNZ,45,True
https://www.ddnzglobal.com/pt/phone-cases/,Compre capas para celular da China no atacado | DDNZ,Compre capas para celular da China no atacado | DDNZ,52,True
https://www.ddnzglobal.com/pt/phone-cases/materials-and-pricing/,"Materiais de capas, preços e fornecedores | DDNZ","Materiais de capas, preços e fornecedores | DDNZ",48,True
https://www.ddnzglobal.com/pt/phone-straps-charms/,Cordões e pingentes para celular da China no atacado | DDNZ,Cordões e pingentes para celular da China no atacado | DDNZ,59,True
https://www.ddnzglobal.com/pt/portable-power/selection-guide/,Energia portátil: capacidade e recarga | DDNZ,Energia portátil: capacidade e recarga | DDNZ,45,True
https://www.ddnzglobal.com/pt/products/,Produtos e equipamentos da China no atacado | DDNZ,Produtos e equipamentos da China no atacado | DDNZ,50,True
https://www.ddnzglobal.com/pt/refrigeration-equipment/,Compre refrigeração comercial da China | DDNZ,Compre refrigeração comercial da China | DDNZ,45,True
https://www.ddnzglobal.com/pt/screen-protectors/,Películas de proteção da China no atacado | DDNZ,Películas de proteção da China no atacado | DDNZ,48,True
https://www.ddnzglobal.com/pt/screen-protectors/calculator/,Compra de películas na China e custo até o destino | DDNZ,Compra de películas na China e custo até o destino | DDNZ,57,True
https://www.ddnzglobal.com/pt/screen-protectors/compare/,Comparar películas de proteção da China no atacado | DDNZ,Comparar películas de proteção da China no atacado | DDNZ,57,True
https://www.ddnzglobal.com/pt/screen-protectors/guides/,Compre películas da China: guia de especificações | DDNZ,Compre películas da China: guia de especificações | DDNZ,56,True
https://www.ddnzglobal.com/pt/screen-protectors/guides/curved-glass/,Comprar películas 2.5D e 3D da China: guia | DDNZ,Comprar películas 2.5D e 3D da China: guia | DDNZ,49,True
https://www.ddnzglobal.com/pt/screen-protectors/guides/price-differences/,Películas da China: comparar preços no atacado | DDNZ,Películas da China: comparar preços no atacado | DDNZ,53,True
https://www.ddnzglobal.com/pt/screen-protectors/private-label/,Compre películas de marca própria da China | DDNZ,Compre películas de marca própria da China | DDNZ,49,True
https://www.ddnzglobal.com/pt/screen-protectors/videos/,Compre películas da China: vídeos de produção | DDNZ,Compre películas da China: vídeos de produção | DDNZ,52,True
https://www.ddnzglobal.com/pt/screen-protectors/wholesale-for-stores/,Compre películas da China no atacado para lojas | DDNZ,Compre películas da China no atacado para lojas | DDNZ,54,True
https://www.ddnzglobal.com/pt/services/air-freight/,Frete aéreo da China | DDNZ,Frete aéreo da China | DDNZ,27,True
https://www.ddnzglobal.com/pt/services/amazon-fba/,Logística Amazon FBA a partir da China | DDNZ,Logística Amazon FBA a partir da China | DDNZ,45,True
https://www.ddnzglobal.com/pt/services/dangerous-goods-shipping-from-china/,Cargas perigosas da China: frete e fixação | DDNZ,Cargas perigosas da China: frete e fixação | DDNZ,49,True
https://www.ddnzglobal.com/pt/services/lcl-shipping-from-china/,Carga marítima LCL da China: planeje todo o percurso | DDNZ,Carga marítima LCL da China: planeje todo o percurso | DDNZ,59,True
https://www.ddnzglobal.com/pt/services/sea-freight/,Frete marítimo da China: cada detalhe conta | DDNZ,Frete marítimo da China: cada detalhe conta | DDNZ,50,True
https://www.ddnzglobal.com/pt/services/warehouse-services/,Armazenagem e consolidação na China | DDNZ,Armazenagem e consolidação na China | DDNZ,42,True
https://www.ddnzglobal.com/pt/shipping-from-china-to-argentina/,Frete da China: destino Argentina. | DDNZ,Frete da China: destino Argentina. | DDNZ,41,True
https://www.ddnzglobal.com/pt/shipping-from-china-to-bahrain/,Frete da China: destino Barein. | DDNZ,Frete da China: destino Barein. | DDNZ,38,True
https://www.ddnzglobal.com/pt/shipping-from-china-to-brazil/,Frete da China para o Brasil: marítimo e aéreo | DDNZ,Frete da China para o Brasil: marítimo e aéreo | DDNZ,53,True
https://www.ddnzglobal.com/pt/shipping-from-china-to-central-asia/,Envio da China para a Ásia Central e Rússia. | DDNZ,Envio da China para a Ásia Central e Rússia. | DDNZ,51,True
https://www.ddnzglobal.com/pt/shipping-from-china-to-chile/,Frete da China: destino Chile. | DDNZ,Frete da China: destino Chile. | DDNZ,37,True
https://www.ddnzglobal.com/pt/shipping-from-china-to-ghana/,Frete da China: destino Gana. | DDNZ,Frete da China: destino Gana. | DDNZ,36,True
https://www.ddnzglobal.com/pt/shipping-from-china-to-kazakhstan/,Frete da China: destino Cazaquistão. | DDNZ,Frete da China: destino Cazaquistão. | DDNZ,43,True
https://www.ddnzglobal.com/pt/shipping-from-china-to-kuwait/,Frete da China: destino Kuwait. | DDNZ,Frete da China: destino Kuwait. | DDNZ,38,True
https://www.ddnzglobal.com/pt/shipping-from-china-to-kyrgyzstan/,Frete da China: destino Quirguistão. | DDNZ,Frete da China: destino Quirguistão. | DDNZ,43,True
https://www.ddnzglobal.com/pt/shipping-from-china-to-latin-america/,Envio da China para a América Latina | DDNZ,Envio da China para a América Latina | DDNZ,43,True
https://www.ddnzglobal.com/pt/shipping-from-china-to-mexico/,Frete da China: destino México. | DDNZ,Frete da China: destino México. | DDNZ,38,True
https://www.ddnzglobal.com/pt/shipping-from-china-to-middle-east/,Envio da China para o Oriente Médio | DDNZ,Envio da China para o Oriente Médio | DDNZ,42,True
https://www.ddnzglobal.com/pt/shipping-from-china-to-nigeria/,Frete da China: destino Nigéria. | DDNZ,Frete da China: destino Nigéria. | DDNZ,39,True
https://www.ddnzglobal.com/pt/shipping-from-china-to-oman/,Frete da China: destino Omã. | DDNZ,Frete da China: destino Omã. | DDNZ,35,True
https://www.ddnzglobal.com/pt/shipping-from-china-to-peru/,Frete da China: destino Peru. | DDNZ,Frete da China: destino Peru. | DDNZ,36,True
https://www.ddnzglobal.com/pt/shipping-from-china-to-qatar/,Frete da China: destino Catar. | DDNZ,Frete da China: destino Catar. | DDNZ,37,True
https://www.ddnzglobal.com/pt/shipping-from-china-to-russia/,Frete da China: destino Rússia. | DDNZ,Frete da China: destino Rússia. | DDNZ,38,True
https://www.ddnzglobal.com/pt/shipping-from-china-to-saudi-arabia/,Frete da China: destino Arábia Saudita. | DDNZ,Frete da China: destino Arábia Saudita. | DDNZ,46,True
https://www.ddnzglobal.com/pt/shipping-from-china-to-tajikistan/,Frete da China: destino Tadjiquistão. | DDNZ,Frete da China: destino Tadjiquistão. | DDNZ,44,True
https://www.ddnzglobal.com/pt/shipping-from-china-to-turkmenistan/,Frete da China: destino Turcomenistão. | DDNZ,Frete da China: destino Turcomenistão. | DDNZ,45,True
https://www.ddnzglobal.com/pt/shipping-from-china-to-uae/,Frete da China: destino Emirados Árabes Unidos. | DDNZ,Frete da China: destino Emirados Árabes Unidos. | DDNZ,54,True
https://www.ddnzglobal.com/pt/shipping-from-china-to-uzbekistan/,Frete da China: destino Uzbequistão. | DDNZ,Frete da China: destino Uzbequistão. | DDNZ,43,True
https://www.ddnzglobal.com/pt/shipping-from-china-to-west-africa/,Envio da China para a África Ocidental | DDNZ,Envio da China para a África Ocidental | DDNZ,45,True
https://www.ddnzglobal.com/pt/sourcing-services/,Agente de compras na China e busca de fornecedores | DDNZ,Agente de compras na China e busca de fornecedores | DDNZ,57,True
https://www.ddnzglobal.com/pt/sourcing-services/consolidation-export/,Consolidação e exportação na China | DDNZ,Consolidação e exportação na China | DDNZ,41,True
https://www.ddnzglobal.com/pt/sourcing-services/inspection-quality-control/,Inspeção e controle de qualidade na China | DDNZ,Inspeção e controle de qualidade na China | DDNZ,48,True
https://www.ddnzglobal.com/pt/sourcing-services/supplier-search/,Busca e comparação de fornecedores na China | DDNZ,Busca e comparação de fornecedores na China | DDNZ,50,True
https://www.ddnzglobal.com/pt/sourcing/audio-speakers-from-china/,Compre caixas de som e equipamentos de áudio da China | DDNZ,Compre caixas de som e equipamentos de áudio da China | DDNZ,60,True
https://www.ddnzglobal.com/pt/sourcing/audio-speakers-from-china/desktop-pc-speakers/,Compre caixas de som para PC da China no atacado | DDNZ,Compre caixas de som para PC da China no atacado | DDNZ,55,True
https://www.ddnzglobal.com/pt/sourcing/audio-speakers-from-china/headphones-earbuds/,Compre fones de ouvido da China no atacado | DDNZ,Compre fones de ouvido da China no atacado | DDNZ,49,True
https://www.ddnzglobal.com/pt/sourcing/audio-speakers-from-china/home-hifi-bookshelf-speakers/,Compre Hi-Fi e caixas bookshelf da China | DDNZ,Compre Hi-Fi e caixas bookshelf da China | DDNZ,47,True
https://www.ddnzglobal.com/pt/sourcing/audio-speakers-from-china/party-karaoke-speakers/,Compre caixas de festa e karaokê da China | DDNZ,Compre caixas de festa e karaokê da China | DDNZ,48,True
https://www.ddnzglobal.com/pt/sourcing/audio-speakers-from-china/portable-outdoor-speakers/,Compre caixas Bluetooth portáteis da China | DDNZ,Compre caixas Bluetooth portáteis da China | DDNZ,49,True
https://www.ddnzglobal.com/pt/sourcing/commercial-electric-fryers-from-china/,Compre fritadeiras elétricas comerciais da China | DDNZ,Compre fritadeiras elétricas comerciais da China | DDNZ,55,True
https://www.ddnzglobal.com/pt/sourcing/commercial-electric-griddles-from-china/,Compre chapas elétricas comerciais da China | DDNZ,Compre chapas elétricas comerciais da China | DDNZ,50,True
https://www.ddnzglobal.com/pt/sourcing/commercial-ice-machines-from-china/,Compre máquinas de gelo comerciais da China | DDNZ,Compre máquinas de gelo comerciais da China | DDNZ,50,True
https://www.ddnzglobal.com/pt/sourcing/commercial-kitchen-equipment-from-china/,Compra de equipamentos de cozinha comercial da China | DDNZ,Compra de equipamentos de cozinha comercial da China | DDNZ,59,True
https://www.ddnzglobal.com/pt/sourcing/food-processing-machinery-from-china/,Compre máquinas alimentícias da China | DDNZ,Compre máquinas alimentícias da China | DDNZ,44,True
https://www.ddnzglobal.com/pt/sourcing/food-processing-machinery-from-china/bean-rice-and-juice-machinery/,"Máquinas para soja, arroz e sucos · Sourcing na China | DDNZ","Máquinas para soja, arroz e sucos · Sourcing na China | DDNZ",60,True
https://www.ddnzglobal.com/pt/sourcing/food-processing-machinery-from-china/dough-and-bakery-machinery/,Compre máquinas de massas e panificação da China | DDNZ,Compre máquinas de massas e panificação da China | DDNZ,55,True
https://www.ddnzglobal.com/pt/sourcing/food-processing-machinery-from-china/meat-processing-machinery/,Máquinas de carnes · Sourcing na China | DDNZ,Máquinas de carnes · Sourcing na China | DDNZ,45,True
https://www.ddnzglobal.com/pt/sourcing/food-processing-machinery-from-china/packages/bakery/,Compre um kit de Preparação para panificação da China | DDNZ,Compre um kit de Preparação para panificação da China | DDNZ,60,True
https://www.ddnzglobal.com/pt/sourcing/food-processing-machinery-from-china/packages/bean-rice/,Compre um kit de Preparação de soja e arroz da China | DDNZ,Compre um kit de Preparação de soja e arroz da China | DDNZ,59,True
https://www.ddnzglobal.com/pt/sourcing/food-processing-machinery-from-china/packages/meat-prep/,Compre um kit de Preparação de carnes da China | DDNZ,Compre um kit de Preparação de carnes da China | DDNZ,53,True
https://www.ddnzglobal.com/pt/sourcing/food-processing-machinery-from-china/packages/meatballs/,Compre um kit de Produção de almôndegas da China | DDNZ,Compre um kit de Produção de almôndegas da China | DDNZ,55,True
https://www.ddnzglobal.com/pt/sourcing/food-processing-machinery-from-china/packages/noodles/,Compre um kit de Massas e macarrão da China | DDNZ,Compre um kit de Massas e macarrão da China | DDNZ,50,True
https://www.ddnzglobal.com/pt/sourcing/food-processing-machinery-from-china/packages/vegetables/,Compre um kit de Preparação de vegetais da China | DDNZ,Compre um kit de Preparação de vegetais da China | DDNZ,55,True
https://www.ddnzglobal.com/pt/sourcing/food-processing-machinery-from-china/vegetable-processing-machinery/,Compre máquinas para vegetais da China | DDNZ,Compre máquinas para vegetais da China | DDNZ,45,True
https://www.ddnzglobal.com/pt/sourcing/kitchen-equipment-for-distributors/,Cozinhas da China: compra para distribuidores | DDNZ,Cozinhas da China: compra para distribuidores | DDNZ,52,True
https://www.ddnzglobal.com/pt/sourcing/mobile-accessories-from-china/,Acessórios para celular da China no atacado | DDNZ,Acessórios para celular da China no atacado | DDNZ,50,True
https://www.ddnzglobal.com/pt/sourcing/outdoor-products-from-china/,Compre equipamentos de lazer ao ar livre da China | DDNZ,Compre equipamentos de lazer ao ar livre da China | DDNZ,56,True
https://www.ddnzglobal.com/pt/sourcing/restaurant-kitchen-packages-from-china/,Compre cozinhas de restaurante da China | DDNZ,Compre cozinhas de restaurante da China | DDNZ,46,True
https://www.ddnzglobal.com/pt/sourcing/restaurant-kitchen-packages-from-china/bakery-pastry/,Compre cozinha para padaria e confeitaria da China | DDNZ,Compre cozinha para padaria e confeitaria da China | DDNZ,57,True
https://www.ddnzglobal.com/pt/sourcing/restaurant-kitchen-packages-from-china/cafe-light-meals/,Compre cozinha para café e refeições leves da China | DDNZ,Compre cozinha para café e refeições leves da China | DDNZ,58,True
https://www.ddnzglobal.com/pt/sourcing/restaurant-kitchen-packages-from-china/casual-dining/,Compre cozinha para restaurante casual da China | DDNZ,Compre cozinha para restaurante casual da China | DDNZ,54,True
https://www.ddnzglobal.com/pt/sourcing/restaurant-kitchen-packages-from-china/cloud-kitchen/,Compre cozinha compartilhada para delivery da China | DDNZ,Compre cozinha compartilhada para delivery da China | DDNZ,58,True
https://www.ddnzglobal.com/pt/sourcing/restaurant-kitchen-packages-from-china/pizza-shop/,Compre um conjunto de cozinha para pizzaria da China | DDNZ,Compre um conjunto de cozinha para pizzaria da China | DDNZ,59,True
https://www.ddnzglobal.com/pt/sourcing/restaurant-kitchen-packages-from-china/takeaway-qsr/,Compre cozinha para delivery da China | DDNZ,Compre cozinha para delivery da China | DDNZ,44,True
https://www.ddnzglobal.com/pt/sourcing/restaurant-project-equipment/,Compre cozinha da China para seu restaurante | DDNZ,Compre cozinha da China para seu restaurante | DDNZ,51,True
https://www.ddnzglobal.com/refrigeration-equipment/,Commercial Refrigeration Equipment Sourcing | DDNZ,Commercial Refrigeration Equipment Sourcing | DDNZ,50,True
https://www.ddnzglobal.com/ru/,Закупки в Китае и международные перевозки | DDNZ,Закупки в Китае и международные перевозки | DDNZ,48,True
https://www.ddnzglobal.com/ru/get-a-quote/,Расчёт доставки из Китая | DDNZ,Расчёт доставки из Китая | DDNZ,31,True
https://www.ddnzglobal.com/ru/how-we-work/,Как работает закупка в Китае | DDNZ,Как работает закупка в Китае | DDNZ,35,True
https://www.ddnzglobal.com/ru/insights/,Руководства по закупкам и доставке из Китая | DDNZ,Руководства по закупкам и доставке из Китая | DDNZ,50,True
https://www.ddnzglobal.com/ru/phone-cases/,Чехлы для телефонов из Китая оптом: модели и партии | DDNZ,Чехлы для телефонов из Китая оптом: модели и партии | DDNZ,58,True
https://www.ddnzglobal.com/ru/phone-cases/materials-and-pricing/,"Материалы чехлов, цены и поставщики | DDNZ","Материалы чехлов, цены и поставщики | DDNZ",42,True
https://www.ddnzglobal.com/ru/phone-straps-charms/,Ремешки и подвески для телефонов из Китая оптом | DDNZ,Ремешки и подвески для телефонов из Китая оптом | DDNZ,54,True
https://www.ddnzglobal.com/ru/portable-power/selection-guide/,Портативные электростанции: подбор и зарядка | DDNZ,Портативные электростанции: подбор и зарядка | DDNZ,51,True
https://www.ddnzglobal.com/ru/products/,Товары и оборудование из Китая оптом | DDNZ,Товары и оборудование из Китая оптом | DDNZ,43,True
https://www.ddnzglobal.com/ru/refrigeration-equipment/,Купить коммерческое холодильное оборудование из Китая | DDNZ,Купить коммерческое холодильное оборудование из Китая | DDNZ,60,True
https://www.ddnzglobal.com/ru/screen-protectors/,Защитные стёкла для телефонов оптом из Китая | DDNZ,Защитные стёкла для телефонов оптом из Китая | DDNZ,51,True
https://www.ddnzglobal.com/ru/screen-protectors/calculator/,Защитные стёкла из Китая: расчёт доставки | DDNZ,Защитные стёкла из Китая: расчёт доставки | DDNZ,48,True
https://www.ddnzglobal.com/ru/screen-protectors/compare/,Сравнение защитных стёкол из Китая: оптовые цены | DDNZ,Сравнение защитных стёкол из Китая: оптовые цены | DDNZ,55,True
https://www.ddnzglobal.com/ru/screen-protectors/guides/,Купить защитные стёкла из Китая: технический гид | DDNZ,Купить защитные стёкла из Китая: технический гид | DDNZ,55,True
https://www.ddnzglobal.com/ru/screen-protectors/guides/curved-glass/,Купить стёкла 2.5D и 3D из Китая: форма и посадка | DDNZ,Купить стёкла 2.5D и 3D из Китая: форма и посадка | DDNZ,56,True
https://www.ddnzglobal.com/ru/screen-protectors/guides/price-differences/,Защитные стёкла из Китая: сравнение оптовых цен | DDNZ,Защитные стёкла из Китая: сравнение оптовых цен | DDNZ,54,True
https://www.ddnzglobal.com/ru/screen-protectors/private-label/,Купить защитные стёкла собственной марки из Китая | DDNZ,Купить защитные стёкла собственной марки из Китая | DDNZ,56,True
https://www.ddnzglobal.com/ru/screen-protectors/videos/,Купить защитные стёкла из Китая: видео производства | DDNZ,Купить защитные стёкла из Китая: видео производства | DDNZ,58,True
https://www.ddnzglobal.com/ru/screen-protectors/wholesale-for-stores/,Купить защитные стёкла оптом из Китая для магазинов | DDNZ,Купить защитные стёкла оптом из Китая для магазинов | DDNZ,58,True
https://www.ddnzglobal.com/ru/services/air-freight/,Авиаперевозки из Китая | DDNZ,Авиаперевозки из Китая | DDNZ,29,True
https://www.ddnzglobal.com/ru/services/amazon-fba/,Логистика Amazon FBA из Китая | DDNZ,Логистика Amazon FBA из Китая | DDNZ,36,True
https://www.ddnzglobal.com/ru/services/dangerous-goods-shipping-from-china/,Перевозка опасных грузов из Китая | DDNZ,Перевозка опасных грузов из Китая | DDNZ,40,True
https://www.ddnzglobal.com/ru/services/lcl-shipping-from-china/,Сборные морские грузы из Китая: планируйте весь путь | DDNZ,Сборные морские грузы из Китая: планируйте весь путь | DDNZ,59,True
https://www.ddnzglobal.com/ru/services/sea-freight/,Морские перевозки из Китая: важна каждая деталь | DDNZ,Морские перевозки из Китая: важна каждая деталь | DDNZ,54,True
https://www.ddnzglobal.com/ru/services/warehouse-services/,Склад и консолидация в Китае | DDNZ,Склад и консолидация в Китае | DDNZ,35,True
https://www.ddnzglobal.com/ru/shipping-from-china-to-argentina/,Доставка из Китая: Аргентина | DDNZ,Доставка из Китая: Аргентина | DDNZ,35,True
https://www.ddnzglobal.com/ru/shipping-from-china-to-bahrain/,Доставка из Китая в Бахрейн | DDNZ,Доставка из Китая в Бахрейн | DDNZ,34,True
https://www.ddnzglobal.com/ru/shipping-from-china-to-brazil/,Доставка из Китая: Бразилия | DDNZ,Доставка из Китая: Бразилия | DDNZ,34,True
https://www.ddnzglobal.com/ru/shipping-from-china-to-central-asia/,Доставка из Китая в Центральную Азию и Россию. | DDNZ,Доставка из Китая в Центральную Азию и Россию. | DDNZ,53,True
https://www.ddnzglobal.com/ru/shipping-from-china-to-chile/,Доставка из Китая: Чили | DDNZ,Доставка из Китая: Чили | DDNZ,30,True
https://www.ddnzglobal.com/ru/shipping-from-china-to-ghana/,Доставка из Китая: Гана | DDNZ,Доставка из Китая: Гана | DDNZ,30,True
https://www.ddnzglobal.com/ru/shipping-from-china-to-kazakhstan/,Доставка из Китая в Казахстан | DDNZ,Доставка из Китая в Казахстан | DDNZ,36,True
https://www.ddnzglobal.com/ru/shipping-from-china-to-kuwait/,Доставка из Китая в Кувейт | DDNZ,Доставка из Китая в Кувейт | DDNZ,33,True
https://www.ddnzglobal.com/ru/shipping-from-china-to-kyrgyzstan/,Китай - Кыргызстан: грузоперевозки | DDNZ,Китай - Кыргызстан: грузоперевозки | DDNZ,41,True
https://www.ddnzglobal.com/ru/shipping-from-china-to-latin-america/,Доставка из Китая в Латинскую Америку | DDNZ,Доставка из Китая в Латинскую Америку | DDNZ,44,True
https://www.ddnzglobal.com/ru/shipping-from-china-to-mexico/,Доставка из Китая: Мексика | DDNZ,Доставка из Китая: Мексика | DDNZ,33,True
https://www.ddnzglobal.com/ru/shipping-from-china-to-middle-east/,Доставка из Китая на Ближний Восток | DDNZ,Доставка из Китая на Ближний Восток | DDNZ,42,True
https://www.ddnzglobal.com/ru/shipping-from-china-to-nigeria/,Доставка из Китая: Нигерия | DDNZ,Доставка из Китая: Нигерия | DDNZ,33,True
https://www.ddnzglobal.com/ru/shipping-from-china-to-oman/,Доставка из Китая в Оман | DDNZ,Доставка из Китая в Оман | DDNZ,31,True
https://www.ddnzglobal.com/ru/shipping-from-china-to-peru/,Доставка из Китая: Перу | DDNZ,Доставка из Китая: Перу | DDNZ,30,True
https://www.ddnzglobal.com/ru/shipping-from-china-to-qatar/,Доставка из Китая в Катар | DDNZ,Доставка из Китая в Катар | DDNZ,32,True
https://www.ddnzglobal.com/ru/shipping-from-china-to-russia/,Китай - Россия: грузоперевозки | DDNZ,Китай - Россия: грузоперевозки | DDNZ,37,True
https://www.ddnzglobal.com/ru/shipping-from-china-to-saudi-arabia/,Доставка из Китая в Саудовскую Аравию | DDNZ,Доставка из Китая в Саудовскую Аравию | DDNZ,44,True
https://www.ddnzglobal.com/ru/shipping-from-china-to-tajikistan/,Китай - Таджикистан: грузоперевозки | DDNZ,Китай - Таджикистан: грузоперевозки | DDNZ,42,True
https://www.ddnzglobal.com/ru/shipping-from-china-to-turkmenistan/,Китай - Туркменистан: грузоперевозки | DDNZ,Китай - Туркменистан: грузоперевозки | DDNZ,43,True
https://www.ddnzglobal.com/ru/shipping-from-china-to-uae/,Доставка из Китая в ОАЭ | DDNZ,Доставка из Китая в ОАЭ | DDNZ,30,True
https://www.ddnzglobal.com/ru/shipping-from-china-to-uzbekistan/,Доставка из Китая в Узбекистан | DDNZ,Доставка из Китая в Узбекистан | DDNZ,37,True
https://www.ddnzglobal.com/ru/shipping-from-china-to-west-africa/,Доставка из Китая в Западную Африку | DDNZ,Доставка из Китая в Западную Африку | DDNZ,42,True
https://www.ddnzglobal.com/ru/sourcing-services/,Агент по закупкам в Китае и поиск поставщиков | DDNZ,Агент по закупкам в Китае и поиск поставщиков | DDNZ,52,True
https://www.ddnzglobal.com/ru/sourcing-services/consolidation-export/,Консолидация и экспорт в Китае | DDNZ,Консолидация и экспорт в Китае | DDNZ,37,True
https://www.ddnzglobal.com/ru/sourcing-services/inspection-quality-control/,Инспекция и контроль качества в Китае | DDNZ,Инспекция и контроль качества в Китае | DDNZ,44,True
https://www.ddnzglobal.com/ru/sourcing-services/supplier-search/,Поиск и сравнение поставщиков в Китае | DDNZ,Поиск и сравнение поставщиков в Китае | DDNZ,44,True
https://www.ddnzglobal.com/ru/sourcing/audio-speakers-from-china/,Купить колонки и аудиооборудование из Китая | DDNZ,Купить колонки и аудиооборудование из Китая | DDNZ,50,True
https://www.ddnzglobal.com/ru/sourcing/audio-speakers-from-china/desktop-pc-speakers/,Купить компьютерные колонки оптом из Китая | DDNZ,Купить компьютерные колонки оптом из Китая | DDNZ,49,True
https://www.ddnzglobal.com/ru/sourcing/audio-speakers-from-china/headphones-earbuds/,Купить наушники оптом из Китая | DDNZ,Купить наушники оптом из Китая | DDNZ,37,True
https://www.ddnzglobal.com/ru/sourcing/audio-speakers-from-china/home-hifi-bookshelf-speakers/,Купить домашний Hi-Fi и полочные колонки из Китая | DDNZ,Купить домашний Hi-Fi и полочные колонки из Китая | DDNZ,56,True
https://www.ddnzglobal.com/ru/sourcing/audio-speakers-from-china/party-karaoke-speakers/,Купить колонки для вечеринок и караоке из Китая | DDNZ,Купить колонки для вечеринок и караоке из Китая | DDNZ,54,True
https://www.ddnzglobal.com/ru/sourcing/audio-speakers-from-china/portable-outdoor-speakers/,Купить портативные Bluetooth-колонки из Китая | DDNZ,Купить портативные Bluetooth-колонки из Китая | DDNZ,52,True
https://www.ddnzglobal.com/ru/sourcing/commercial-electric-fryers-from-china/,Купить электрофритюрницы из Китая | DDNZ,Купить электрофритюрницы из Китая | DDNZ,40,True
https://www.ddnzglobal.com/ru/sourcing/commercial-electric-griddles-from-china/,Купить электрические жарочные поверхности из Китая | DDNZ,Купить электрические жарочные поверхности из Китая | DDNZ,57,True
https://www.ddnzglobal.com/ru/sourcing/commercial-ice-machines-from-china/,Купить коммерческие льдогенераторы из Китая | DDNZ,Купить коммерческие льдогенераторы из Китая | DDNZ,50,True
https://www.ddnzglobal.com/ru/sourcing/commercial-kitchen-equipment-from-china/,Коммерческое кухонное оборудование из Китая | DDNZ,Коммерческое кухонное оборудование из Китая | DDNZ,50,True
https://www.ddnzglobal.com/ru/sourcing/food-processing-machinery-from-china/,Купить пищевое оборудование из Китая | DDNZ,Купить пищевое оборудование из Китая | DDNZ,43,True
https://www.ddnzglobal.com/ru/sourcing/food-processing-machinery-from-china/bean-rice-and-juice-machinery/,"Оборудование для сои, риса и сока · Закупки в Китае | DDNZ","Оборудование для сои, риса и сока · Закупки в Китае | DDNZ",58,True
https://www.ddnzglobal.com/ru/sourcing/food-processing-machinery-from-china/dough-and-bakery-machinery/,Оборудование для теста и выпечки · Закупки в Китае | DDNZ,Оборудование для теста и выпечки · Закупки в Китае | DDNZ,57,True
https://www.ddnzglobal.com/ru/sourcing/food-processing-machinery-from-china/meat-processing-machinery/,Оборудование для переработки мяса · Закупки в Китае | DDNZ,Оборудование для переработки мяса · Закупки в Китае | DDNZ,58,True
https://www.ddnzglobal.com/ru/sourcing/food-processing-machinery-from-china/packages/bakery/,Купить комплект «Подготовка для пекарни» из Китая | DDNZ,Купить комплект «Подготовка для пекарни» из Китая | DDNZ,56,True
https://www.ddnzglobal.com/ru/sourcing/food-processing-machinery-from-china/packages/bean-rice/,Купить комплект «Подготовка сои и риса» из Китая | DDNZ,Купить комплект «Подготовка сои и риса» из Китая | DDNZ,55,True
https://www.ddnzglobal.com/ru/sourcing/food-processing-machinery-from-china/packages/meat-prep/,Купить комплект «Подготовка мяса» из Китая | DDNZ,Купить комплект «Подготовка мяса» из Китая | DDNZ,49,True
https://www.ddnzglobal.com/ru/sourcing/food-processing-machinery-from-china/packages/meatballs/,Купить комплект «Производство фрикаделек» из Китая | DDNZ,Купить комплект «Производство фрикаделек» из Китая | DDNZ,57,True
https://www.ddnzglobal.com/ru/sourcing/food-processing-machinery-from-china/packages/noodles/,Купить комплект «Тесто и лапша» из Китая | DDNZ,Купить комплект «Тесто и лапша» из Китая | DDNZ,47,True
https://www.ddnzglobal.com/ru/sourcing/food-processing-machinery-from-china/packages/vegetables/,Купить комплект «Подготовка овощей» из Китая | DDNZ,Купить комплект «Подготовка овощей» из Китая | DDNZ,51,True
https://www.ddnzglobal.com/ru/sourcing/food-processing-machinery-from-china/vegetable-processing-machinery/,Оборудование для подготовки овощей · Закупки в Китае | DDNZ,Оборудование для подготовки овощей · Закупки в Китае | DDNZ,59,True
https://www.ddnzglobal.com/ru/sourcing/kitchen-equipment-for-distributors/,Кухонное оборудование оптом из Китая | DDNZ,Кухонное оборудование оптом из Китая | DDNZ,43,True
https://www.ddnzglobal.com/ru/sourcing/mobile-accessories-from-china/,Аксессуары для телефонов из Китая оптом | DDNZ,Аксессуары для телефонов из Китая оптом | DDNZ,46,True
https://www.ddnzglobal.com/ru/sourcing/outdoor-products-from-china/,Закупка оборудования для отдыха на природе из Китая | DDNZ,Закупка оборудования для отдыха на природе из Китая | DDNZ,58,True
https://www.ddnzglobal.com/ru/sourcing/restaurant-kitchen-packages-from-china/,Купить комплекты ресторанной кухни из Китая | DDNZ,Купить комплекты ресторанной кухни из Китая | DDNZ,50,True
https://www.ddnzglobal.com/ru/sourcing/restaurant-kitchen-packages-from-china/bakery-pastry/,Купить кухню для пекарни и кондитерской из Китая | DDNZ,Купить кухню для пекарни и кондитерской из Китая | DDNZ,55,True
https://www.ddnzglobal.com/ru/sourcing/restaurant-kitchen-packages-from-china/cafe-light-meals/,Купить комплект кухни «Кафе и лёгкие блюда» из Китая | DDNZ,Купить комплект кухни «Кафе и лёгкие блюда» из Китая | DDNZ,59,True
https://www.ddnzglobal.com/ru/sourcing/restaurant-kitchen-packages-from-china/casual-dining/,Купить комплект кухни для ресторана из Китая | DDNZ,Купить комплект кухни для ресторана из Китая | DDNZ,51,True
https://www.ddnzglobal.com/ru/sourcing/restaurant-kitchen-packages-from-china/cloud-kitchen/,Купить комплект кухни «Общая кухня доставки» из Китая | DDNZ,Купить комплект кухни «Общая кухня доставки» из Китая | DDNZ,60,True
https://www.ddnzglobal.com/ru/sourcing/restaurant-kitchen-packages-from-china/pizza-shop/,Купить комплект кухни «Пиццерия» из Китая | DDNZ,Купить комплект кухни «Пиццерия» из Китая | DDNZ,48,True
https://www.ddnzglobal.com/ru/sourcing/restaurant-kitchen-packages-from-china/takeaway-qsr/,Купить кухню для фастфуда и еды навынос из Китая | DDNZ,Купить кухню для фастфуда и еды навынос из Китая | DDNZ,55,True
https://www.ddnzglobal.com/ru/sourcing/restaurant-project-equipment/,Купить оборудование для ресторанных проектов из Китая | DDNZ,Купить оборудование для ресторанных проектов из Китая | DDNZ,60,True
https://www.ddnzglobal.com/screen-protectors/,Wholesale Screen Protectors from China | DDNZ,Wholesale Screen Protectors from China | DDNZ,45,True
https://www.ddnzglobal.com/screen-protectors/calculator/,Screen Protector Landed Cost Calculator: Istanbul | DDNZ,Screen Protector Landed Cost Calculator: Istanbul | DDNZ,56,True
https://www.ddnzglobal.com/screen-protectors/compare/,Compare Wholesale Screen Protectors & Prices | DDNZ,Compare Wholesale Screen Protectors & Prices | DDNZ,51,True
https://www.ddnzglobal.com/screen-protectors/guides/,Screen Protector Specifications & Buying Guides | DDNZ,Screen Protector Specifications & Buying Guides | DDNZ,54,True
https://www.ddnzglobal.com/screen-protectors/guides/curved-glass/,2.5D vs 3D Screen Protectors: Shape & Fit | DDNZ,2.5D vs 3D Screen Protectors: Shape & Fit | DDNZ,48,True
https://www.ddnzglobal.com/screen-protectors/guides/price-differences/,Screen Protector Wholesale Price Differences | DDNZ,Screen Protector Wholesale Price Differences | DDNZ,51,True
https://www.ddnzglobal.com/screen-protectors/private-label/,Private Label Screen Protector Sourcing | DDNZ,Private Label Screen Protector Sourcing | DDNZ,46,True
https://www.ddnzglobal.com/screen-protectors/videos/,Screen Protector Factory Process Videos | DDNZ,Screen Protector Factory Process Videos | DDNZ,46,True
https://www.ddnzglobal.com/screen-protectors/wholesale-for-stores/,Wholesale Screen Protectors for Stores & Chains | DDNZ,Wholesale Screen Protectors for Stores & Chains | DDNZ,54,True
https://www.ddnzglobal.com/services/air-freight/,Air freight from China | DDNZ,Air freight from China | DDNZ,29,True
https://www.ddnzglobal.com/services/amazon-fba/,Amazon FBA logistics from China | DDNZ,Amazon FBA logistics from China | DDNZ,38,True
https://www.ddnzglobal.com/services/dangerous-goods-shipping-from-china/,Dangerous goods shipping from China | DDNZ,Dangerous goods shipping from China | DDNZ,42,True
https://www.ddnzglobal.com/services/lcl-shipping-from-china/,"LCL Shipping from China | Costs, Packing & Delivery | DDNZ","LCL Shipping from China | Costs, Packing & Delivery | DDNZ",58,True
https://www.ddnzglobal.com/services/sea-freight/,"Sea Freight from China | FCL, LCL & Loading Plans | DDNZ","Sea Freight from China | FCL, LCL & Loading Plans | DDNZ",56,True
https://www.ddnzglobal.com/services/warehouse-services/,Warehouse and consolidation in China | DDNZ,Warehouse and consolidation in China | DDNZ,43,True
https://www.ddnzglobal.com/shipping-from-china-to-argentina/,China to Argentina Freight Forwarding Guide | DDNZ,China to Argentina Freight Forwarding Guide | DDNZ,50,True
https://www.ddnzglobal.com/shipping-from-china-to-bahrain/,Shipping from China to Bahrain | Freight Forwarding | DDNZ,Shipping from China to Bahrain | Freight Forwarding | DDNZ,58,True
https://www.ddnzglobal.com/shipping-from-china-to-brazil/,China to Brazil Freight Forwarding Guide | DDNZ,China to Brazil Freight Forwarding Guide | DDNZ,47,True
https://www.ddnzglobal.com/shipping-from-china-to-central-asia/,Shipping from China to Central Asia and Russia. | DDNZ,Shipping from China to Central Asia and Russia. | DDNZ,54,True
https://www.ddnzglobal.com/shipping-from-china-to-chile/,Shipping from China to Chile | DDNZ,Shipping from China to Chile | DDNZ,35,True
https://www.ddnzglobal.com/shipping-from-china-to-ghana/,Shipping from China to Ghana | Tema & Accra Delivery | DDNZ,Shipping from China to Ghana | Tema & Accra Delivery | DDNZ,59,True
https://www.ddnzglobal.com/shipping-from-china-to-kazakhstan/,Freight from China to Kazakhstan | DDNZ,Freight from China to Kazakhstan | DDNZ,39,True
https://www.ddnzglobal.com/shipping-from-china-to-kuwait/,Shipping from China to Kuwait | Freight Forwarding | DDNZ,Shipping from China to Kuwait | Freight Forwarding | DDNZ,57,True
https://www.ddnzglobal.com/shipping-from-china-to-kyrgyzstan/,Freight from China to Kyrgyzstan | DDNZ,Freight from China to Kyrgyzstan | DDNZ,39,True
https://www.ddnzglobal.com/shipping-from-china-to-latin-america/,Shipping from China to Latin America | DDNZ,Shipping from China to Latin America | DDNZ,43,True
https://www.ddnzglobal.com/shipping-from-china-to-mexico/,Shipping from China to Mexico | DDNZ,Shipping from China to Mexico | DDNZ,36,True
https://www.ddnzglobal.com/shipping-from-china-to-middle-east/,Shipping from China to the Middle East | DDNZ,Shipping from China to the Middle East | DDNZ,45,True
https://www.ddnzglobal.com/shipping-from-china-to-nigeria/,Shipping from China to Nigeria | Lagos Freight | DDNZ,Shipping from China to Nigeria | Lagos Freight | DDNZ,53,True
https://www.ddnzglobal.com/shipping-from-china-to-oman/,Shipping from China to Oman | Freight Forwarding | DDNZ,Shipping from China to Oman | Freight Forwarding | DDNZ,55,True
https://www.ddnzglobal.com/shipping-from-china-to-peru/,Shipping from China to Peru | DDNZ,Shipping from China to Peru | DDNZ,34,True
https://www.ddnzglobal.com/shipping-from-china-to-qatar/,Shipping from China to Qatar | Freight Forwarding | DDNZ,Shipping from China to Qatar | Freight Forwarding | DDNZ,56,True
https://www.ddnzglobal.com/shipping-from-china-to-russia/,Freight from China to Russia | DDNZ,Freight from China to Russia | DDNZ,35,True
https://www.ddnzglobal.com/shipping-from-china-to-saudi-arabia/,Shipping from China to Saudi Arabia | DDNZ,Shipping from China to Saudi Arabia | DDNZ,42,True
https://www.ddnzglobal.com/shipping-from-china-to-tajikistan/,Freight from China to Tajikistan | DDNZ,Freight from China to Tajikistan | DDNZ,39,True
https://www.ddnzglobal.com/shipping-from-china-to-turkmenistan/,Freight from China to Turkmenistan | DDNZ,Freight from China to Turkmenistan | DDNZ,41,True
https://www.ddnzglobal.com/shipping-from-china-to-uae/,Shipping from China to UAE | Sea Freight & Delivery | DDNZ,Shipping from China to UAE | Sea Freight & Delivery | DDNZ,58,True
https://www.ddnzglobal.com/shipping-from-china-to-uzbekistan/,Shipping from China to Uzbekistan | DDNZ,Shipping from China to Uzbekistan | DDNZ,40,True
https://www.ddnzglobal.com/shipping-from-china-to-west-africa/,Shipping from China to West Africa | DDNZ,Shipping from China to West Africa | DDNZ,41,True
https://www.ddnzglobal.com/sourcing-services/,China Sourcing Agent & Buying Services | DDNZ,China Sourcing Agent & Buying Services | DDNZ,45,True
https://www.ddnzglobal.com/sourcing-services/consolidation-export/,Consolidation & export from China | DDNZ,Consolidation & export from China | DDNZ,40,True
https://www.ddnzglobal.com/sourcing-services/inspection-quality-control/,Inspection & quality control from China | DDNZ,Inspection & quality control from China | DDNZ,46,True
https://www.ddnzglobal.com/sourcing-services/supplier-search/,Supplier search & comparison from China | DDNZ,Supplier search & comparison from China | DDNZ,46,True
https://www.ddnzglobal.com/sourcing/audio-speakers-from-china/,Audio & Speaker Sourcing from China | DDNZ,Audio & Speaker Sourcing from China | DDNZ,42,True
https://www.ddnzglobal.com/sourcing/audio-speakers-from-china/desktop-pc-speakers/,Wholesale Desktop & PC Speakers from China | DDNZ,Wholesale Desktop & PC Speakers from China | DDNZ,49,True
https://www.ddnzglobal.com/sourcing/audio-speakers-from-china/headphones-earbuds/,Wholesale Headphones & Earbuds from China | DDNZ,Wholesale Headphones & Earbuds from China | DDNZ,48,True
https://www.ddnzglobal.com/sourcing/audio-speakers-from-china/home-hifi-bookshelf-speakers/,Source Home Hi-Fi & Bookshelf Speakers from China | DDNZ,Source Home Hi-Fi & Bookshelf Speakers from China | DDNZ,56,True
https://www.ddnzglobal.com/sourcing/audio-speakers-from-china/party-karaoke-speakers/,Wholesale Party & Karaoke Speakers from China | DDNZ,Wholesale Party & Karaoke Speakers from China | DDNZ,52,True
https://www.ddnzglobal.com/sourcing/audio-speakers-from-china/portable-outdoor-speakers/,Wholesale Portable Bluetooth Speakers from China | DDNZ,Wholesale Portable Bluetooth Speakers from China | DDNZ,55,True
https://www.ddnzglobal.com/sourcing/commercial-electric-fryers-from-china/,Commercial Electric Fryers from China | DDNZ,Commercial Electric Fryers from China | DDNZ,44,True
https://www.ddnzglobal.com/sourcing/commercial-electric-griddles-from-china/,Commercial Electric Griddles from China | DDNZ,Commercial Electric Griddles from China | DDNZ,46,True
https://www.ddnzglobal.com/sourcing/commercial-ice-machines-from-china/,Commercial Ice Machines from China: Compare Models | DDNZ,Commercial Ice Machines from China: Compare Models | DDNZ,57,True
https://www.ddnzglobal.com/sourcing/commercial-kitchen-equipment-from-china/,Commercial Kitchen Equipment from China | DDNZ,Commercial Kitchen Equipment from China | DDNZ,46,True
https://www.ddnzglobal.com/sourcing/food-processing-machinery-from-china/,Food Processing Machinery Sourcing from China | DDNZ,Food Processing Machinery Sourcing from China | DDNZ,52,True
https://www.ddnzglobal.com/sourcing/food-processing-machinery-from-china/bean-rice-and-juice-machinery/,"Bean, rice & juice machinery from China | DDNZ","Bean, rice & juice machinery from China | DDNZ",46,True
https://www.ddnzglobal.com/sourcing/food-processing-machinery-from-china/dough-and-bakery-machinery/,Dough & bakery machinery from China | DDNZ,Dough & bakery machinery from China | DDNZ,42,True
https://www.ddnzglobal.com/sourcing/food-processing-machinery-from-china/meat-processing-machinery/,Meat processing machinery from China | DDNZ,Meat processing machinery from China | DDNZ,43,True
https://www.ddnzglobal.com/sourcing/food-processing-machinery-from-china/packages/bakery/,Bakery equipment kit from China | DDNZ,Bakery equipment kit from China | DDNZ,38,True
https://www.ddnzglobal.com/sourcing/food-processing-machinery-from-china/packages/bean-rice/,Bean & rice equipment kit from China | DDNZ,Bean & rice equipment kit from China | DDNZ,43,True
https://www.ddnzglobal.com/sourcing/food-processing-machinery-from-china/packages/meat-prep/,Butcher & kitchen equipment kit from China | DDNZ,Butcher & kitchen equipment kit from China | DDNZ,49,True
https://www.ddnzglobal.com/sourcing/food-processing-machinery-from-china/packages/meatballs/,Meatball equipment kit from China | DDNZ,Meatball equipment kit from China | DDNZ,40,True
https://www.ddnzglobal.com/sourcing/food-processing-machinery-from-china/packages/noodles/,Noodle & dough equipment kit from China | DDNZ,Noodle & dough equipment kit from China | DDNZ,46,True
https://www.ddnzglobal.com/sourcing/food-processing-machinery-from-china/packages/vegetables/,Vegetable equipment kit from China | DDNZ,Vegetable equipment kit from China | DDNZ,41,True
https://www.ddnzglobal.com/sourcing/food-processing-machinery-from-china/vegetable-processing-machinery/,Vegetable processing machinery from China | DDNZ,Vegetable processing machinery from China | DDNZ,48,True
https://www.ddnzglobal.com/sourcing/kitchen-equipment-for-distributors/,Kitchen Equipment for Distributors | China Sourcing | DDNZ,Kitchen Equipment for Distributors | China Sourcing | DDNZ,58,True
https://www.ddnzglobal.com/sourcing/mobile-accessories-from-china/,Mobile Accessories Sourcing from China | DDNZ,Mobile Accessories Sourcing from China | DDNZ,45,True
https://www.ddnzglobal.com/sourcing/outdoor-products-from-china/,Outdoor Equipment Sourcing from China | DDNZ,Outdoor Equipment Sourcing from China | DDNZ,44,True
https://www.ddnzglobal.com/sourcing/restaurant-kitchen-packages-from-china/,Restaurant Kitchen Packages from China | DDNZ,Restaurant Kitchen Packages from China | DDNZ,45,True
https://www.ddnzglobal.com/sourcing/restaurant-kitchen-packages-from-china/bakery-pastry/,Bakery + pastry Kitchen Package from China | DDNZ,Bakery + pastry Kitchen Package from China | DDNZ,49,True
https://www.ddnzglobal.com/sourcing/restaurant-kitchen-packages-from-china/cafe-light-meals/,Cafe + light meals Kitchen Package from China | DDNZ,Cafe + light meals Kitchen Package from China | DDNZ,52,True
https://www.ddnzglobal.com/sourcing/restaurant-kitchen-packages-from-china/casual-dining/,Casual dining Kitchen Package from China | DDNZ,Casual dining Kitchen Package from China | DDNZ,47,True
https://www.ddnzglobal.com/sourcing/restaurant-kitchen-packages-from-china/cloud-kitchen/,Cloud Kitchen Package from China | DDNZ,Cloud Kitchen Package from China | DDNZ,39,True
https://www.ddnzglobal.com/sourcing/restaurant-kitchen-packages-from-china/pizza-shop/,Pizza shop Kitchen Package from China | DDNZ,Pizza shop Kitchen Package from China | DDNZ,44,True
https://www.ddnzglobal.com/sourcing/restaurant-kitchen-packages-from-china/takeaway-qsr/,Takeaway + QSR Kitchen Package from China | DDNZ,Takeaway + QSR Kitchen Package from China | DDNZ,48,True
https://www.ddnzglobal.com/sourcing/restaurant-project-equipment/,Restaurant Project Equipment from China | DDNZ,Restaurant Project Equipment from China | DDNZ,46,True
https://www.ddnzglobal.com/tr/,Çin’den tedarik ve uluslararası taşımacılık | DDNZ,Çin’den tedarik ve uluslararası taşımacılık | DDNZ,50,True
https://www.ddnzglobal.com/tr/get-a-quote/,Çin navlun teklifi ve rota planı | DDNZ,Çin navlun teklifi ve rota planı | DDNZ,39,True
https://www.ddnzglobal.com/tr/how-we-work/,Çin’den tedarik süreci nasıl işler | DDNZ,Çin’den tedarik süreci nasıl işler | DDNZ,41,True
https://www.ddnzglobal.com/tr/insights/,Çin’den tedarik ve nakliye rehberleri | DDNZ,Çin’den tedarik ve nakliye rehberleri | DDNZ,44,True
https://www.ddnzglobal.com/tr/phone-cases/,Çin’den toptan telefon kılıfı tedariki | DDNZ,Çin’den toptan telefon kılıfı tedariki | DDNZ,45,True
https://www.ddnzglobal.com/tr/phone-cases/materials-and-pricing/,"Telefon kılıfı malzemeleri, fiyatlar ve tedarikçiler | DDNZ","Telefon kılıfı malzemeleri, fiyatlar ve tedarikçiler | DDNZ",59,True
https://www.ddnzglobal.com/tr/phone-straps-charms/,Çin’den toptan telefon askıları ve süsleri | DDNZ,Çin’den toptan telefon askıları ve süsleri | DDNZ,49,True
https://www.ddnzglobal.com/tr/portable-power/selection-guide/,"Taşınabilir güç istasyonları: kapasite, yük ve şarj | DDNZ","Taşınabilir güç istasyonları: kapasite, yük ve şarj | DDNZ",58,True
https://www.ddnzglobal.com/tr/products/,Çin’den toptan ürün ve ekipman tedariki | DDNZ,Çin’den toptan ürün ve ekipman tedariki | DDNZ,46,True
https://www.ddnzglobal.com/tr/refrigeration-equipment/,Çin’den ticari soğutma ekipmanı satın alın | DDNZ,Çin’den ticari soğutma ekipmanı satın alın | DDNZ,49,True
https://www.ddnzglobal.com/tr/screen-protectors/,Çin’den toptan telefon ekran koruyucuları | DDNZ,Çin’den toptan telefon ekran koruyucuları | DDNZ,48,True
https://www.ddnzglobal.com/tr/screen-protectors/calculator/,Çin’den ekran koruyucu tedariki ve teslim maliyeti | DDNZ,Çin’den ekran koruyucu tedariki ve teslim maliyeti | DDNZ,57,True
https://www.ddnzglobal.com/tr/screen-protectors/compare/,Çin’den toptan ekran koruyucu karşılaştırması | DDNZ,Çin’den toptan ekran koruyucu karşılaştırması | DDNZ,52,True
https://www.ddnzglobal.com/tr/screen-protectors/guides/,Çin’den ekran koruyucu tedarik ve teknik rehberi | DDNZ,Çin’den ekran koruyucu tedarik ve teknik rehberi | DDNZ,55,True
https://www.ddnzglobal.com/tr/screen-protectors/guides/curved-glass/,Çin’den 2.5D ve 3D ekran koruyucu alım rehberi | DDNZ,Çin’den 2.5D ve 3D ekran koruyucu alım rehberi | DDNZ,53,True
https://www.ddnzglobal.com/tr/screen-protectors/guides/price-differences/,Çin ekran koruyucuları: toptan fiyat karşılaştırma | DDNZ,Çin ekran koruyucuları: toptan fiyat karşılaştırma | DDNZ,57,True
https://www.ddnzglobal.com/tr/screen-protectors/private-label/,Çin’den özel markalı ekran koruyucu tedariki | DDNZ,Çin’den özel markalı ekran koruyucu tedariki | DDNZ,51,True
https://www.ddnzglobal.com/tr/screen-protectors/videos/,Çin’den ekran koruyucu alımı: üretim videoları | DDNZ,Çin’den ekran koruyucu alımı: üretim videoları | DDNZ,53,True
https://www.ddnzglobal.com/tr/screen-protectors/wholesale-for-stores/,Mağazalara Çin’den toptan ekran koruyucu | DDNZ,Mağazalara Çin’den toptan ekran koruyucu | DDNZ,47,True
https://www.ddnzglobal.com/tr/services/air-freight/,Çin’den hava kargo | DDNZ,Çin’den hava kargo | DDNZ,25,True
https://www.ddnzglobal.com/tr/services/amazon-fba/,Çin’den Amazon FBA lojistiği | DDNZ,Çin’den Amazon FBA lojistiği | DDNZ,35,True
https://www.ddnzglobal.com/tr/services/dangerous-goods-shipping-from-china/,Çin’den tehlikeli yük taşıma ve sabitleme | DDNZ,Çin’den tehlikeli yük taşıma ve sabitleme | DDNZ,48,True
https://www.ddnzglobal.com/tr/services/lcl-shipping-from-china/,Çin’den parsiyel denizyolu: navlun ve teslimat | DDNZ,Çin’den parsiyel denizyolu: navlun ve teslimat | DDNZ,53,True
https://www.ddnzglobal.com/tr/services/sea-freight/,Çin’den denizyolu taşımacılığı: her ayrıntı önemli | DDNZ,Çin’den denizyolu taşımacılığı: her ayrıntı önemli | DDNZ,57,True
https://www.ddnzglobal.com/tr/services/warehouse-services/,Çin’de depolama ve konsolidasyon | DDNZ,Çin’de depolama ve konsolidasyon | DDNZ,39,True
https://www.ddnzglobal.com/tr/shipping-from-china-to-argentina/,Çin çıkışlı yük taşımacılığı: Arjantin. | DDNZ,Çin çıkışlı yük taşımacılığı: Arjantin. | DDNZ,46,True
https://www.ddnzglobal.com/tr/shipping-from-china-to-bahrain/,Çin çıkışlı yük taşımacılığı: Bahreyn. | DDNZ,Çin çıkışlı yük taşımacılığı: Bahreyn. | DDNZ,45,True
https://www.ddnzglobal.com/tr/shipping-from-china-to-brazil/,Çin çıkışlı yük taşımacılığı: Brezilya. | DDNZ,Çin çıkışlı yük taşımacılığı: Brezilya. | DDNZ,46,True
https://www.ddnzglobal.com/tr/shipping-from-china-to-central-asia/,Çin’den Orta Asya ve Rusya’ya yük taşımacılığı. | DDNZ,Çin’den Orta Asya ve Rusya’ya yük taşımacılığı. | DDNZ,54,True
https://www.ddnzglobal.com/tr/shipping-from-china-to-chile/,Çin çıkışlı yük taşımacılığı: Şili. | DDNZ,Çin çıkışlı yük taşımacılığı: Şili. | DDNZ,42,True
https://www.ddnzglobal.com/tr/shipping-from-china-to-ghana/,Çin çıkışlı yük taşımacılığı: Gana. | DDNZ,Çin çıkışlı yük taşımacılığı: Gana. | DDNZ,42,True
https://www.ddnzglobal.com/tr/shipping-from-china-to-kazakhstan/,Çin çıkışlı yük taşımacılığı: Kazakistan. | DDNZ,Çin çıkışlı yük taşımacılığı: Kazakistan. | DDNZ,48,True
https://www.ddnzglobal.com/tr/shipping-from-china-to-kuwait/,Çin çıkışlı yük taşımacılığı: Kuveyt. | DDNZ,Çin çıkışlı yük taşımacılığı: Kuveyt. | DDNZ,44,True
https://www.ddnzglobal.com/tr/shipping-from-china-to-kyrgyzstan/,Çin çıkışlı yük taşımacılığı: Kırgızistan. | DDNZ,Çin çıkışlı yük taşımacılığı: Kırgızistan. | DDNZ,49,True
https://www.ddnzglobal.com/tr/shipping-from-china-to-latin-america/,Çin’den sevkiyat: Latin Amerika | DDNZ,Çin’den sevkiyat: Latin Amerika | DDNZ,38,True
https://www.ddnzglobal.com/tr/shipping-from-china-to-mexico/,Çin çıkışlı yük taşımacılığı: Meksika. | DDNZ,Çin çıkışlı yük taşımacılığı: Meksika. | DDNZ,45,True
https://www.ddnzglobal.com/tr/shipping-from-china-to-middle-east/,Çin’den sevkiyat: Orta Doğu | DDNZ,Çin’den sevkiyat: Orta Doğu | DDNZ,34,True
https://www.ddnzglobal.com/tr/shipping-from-china-to-nigeria/,Çin çıkışlı yük taşımacılığı: Nijerya. | DDNZ,Çin çıkışlı yük taşımacılığı: Nijerya. | DDNZ,45,True
https://www.ddnzglobal.com/tr/shipping-from-china-to-oman/,Çin çıkışlı yük taşımacılığı: Umman. | DDNZ,Çin çıkışlı yük taşımacılığı: Umman. | DDNZ,43,True
https://www.ddnzglobal.com/tr/shipping-from-china-to-peru/,Çin çıkışlı yük taşımacılığı: Peru. | DDNZ,Çin çıkışlı yük taşımacılığı: Peru. | DDNZ,42,True
https://www.ddnzglobal.com/tr/shipping-from-china-to-qatar/,Çin çıkışlı yük taşımacılığı: Katar. | DDNZ,Çin çıkışlı yük taşımacılığı: Katar. | DDNZ,43,True
https://www.ddnzglobal.com/tr/shipping-from-china-to-russia/,Çin çıkışlı yük taşımacılığı: Rusya. | DDNZ,Çin çıkışlı yük taşımacılığı: Rusya. | DDNZ,43,True
https://www.ddnzglobal.com/tr/shipping-from-china-to-saudi-arabia/,Çin çıkışlı yük taşımacılığı: Suudi Arabistan. | DDNZ,Çin çıkışlı yük taşımacılığı: Suudi Arabistan. | DDNZ,53,True
https://www.ddnzglobal.com/tr/shipping-from-china-to-tajikistan/,Çin çıkışlı yük taşımacılığı: Tacikistan. | DDNZ,Çin çıkışlı yük taşımacılığı: Tacikistan. | DDNZ,48,True
https://www.ddnzglobal.com/tr/shipping-from-china-to-turkmenistan/,Çin çıkışlı yük taşımacılığı: Türkmenistan. | DDNZ,Çin çıkışlı yük taşımacılığı: Türkmenistan. | DDNZ,50,True
https://www.ddnzglobal.com/tr/shipping-from-china-to-uae/,Çin’den Birleşik Arap Emirlikleri’ne yük taşımacılığı | DDNZ,Çin’den Birleşik Arap Emirlikleri’ne yük taşımacılığı | DDNZ,60,True
https://www.ddnzglobal.com/tr/shipping-from-china-to-uzbekistan/,Çin çıkışlı yük taşımacılığı: Özbekistan. | DDNZ,Çin çıkışlı yük taşımacılığı: Özbekistan. | DDNZ,48,True
https://www.ddnzglobal.com/tr/shipping-from-china-to-west-africa/,Çin’den sevkiyat: Batı Afrika | DDNZ,Çin’den sevkiyat: Batı Afrika | DDNZ,36,True
https://www.ddnzglobal.com/tr/sourcing-services/,Çin’den tedarik ve satın alma hizmetleri | DDNZ,Çin’den tedarik ve satın alma hizmetleri | DDNZ,47,True
https://www.ddnzglobal.com/tr/sourcing-services/consolidation-export/,Çin’de konsolidasyon ve ihracat | DDNZ,Çin’de konsolidasyon ve ihracat | DDNZ,38,True
https://www.ddnzglobal.com/tr/sourcing-services/inspection-quality-control/,Çin’de denetim ve kalite kontrol | DDNZ,Çin’de denetim ve kalite kontrol | DDNZ,39,True
https://www.ddnzglobal.com/tr/sourcing-services/supplier-search/,Çin’de tedarikçi arama ve karşılaştırma | DDNZ,Çin’de tedarikçi arama ve karşılaştırma | DDNZ,46,True
https://www.ddnzglobal.com/tr/sourcing/audio-speakers-from-china/,Çin’den hoparlör ve ses ekipmanı satın alın | DDNZ,Çin’den hoparlör ve ses ekipmanı satın alın | DDNZ,50,True
https://www.ddnzglobal.com/tr/sourcing/audio-speakers-from-china/desktop-pc-speakers/,Çin’den toptan PC hoparlörü satın alın | DDNZ,Çin’den toptan PC hoparlörü satın alın | DDNZ,45,True
https://www.ddnzglobal.com/tr/sourcing/audio-speakers-from-china/headphones-earbuds/,Çin’den toptan kulaklık satın alın | DDNZ,Çin’den toptan kulaklık satın alın | DDNZ,41,True
https://www.ddnzglobal.com/tr/sourcing/audio-speakers-from-china/home-hifi-bookshelf-speakers/,Çin’den ev Hi-Fi ve raf hoparlörü alın | DDNZ,Çin’den ev Hi-Fi ve raf hoparlörü alın | DDNZ,45,True
https://www.ddnzglobal.com/tr/sourcing/audio-speakers-from-china/party-karaoke-speakers/,Çin’den parti ve karaoke hoparlörü alın | DDNZ,Çin’den parti ve karaoke hoparlörü alın | DDNZ,46,True
https://www.ddnzglobal.com/tr/sourcing/audio-speakers-from-china/portable-outdoor-speakers/,Çin’den taşınabilir Bluetooth hoparlör satın alın | DDNZ,Çin’den taşınabilir Bluetooth hoparlör satın alın | DDNZ,56,True
https://www.ddnzglobal.com/tr/sourcing/commercial-electric-fryers-from-china/,Çin’den ticari elektrikli fritözler satın alın | DDNZ,Çin’den ticari elektrikli fritözler satın alın | DDNZ,53,True
https://www.ddnzglobal.com/tr/sourcing/commercial-electric-griddles-from-china/,Çin’den ticari elektrikli ızgaralar satın alın | DDNZ,Çin’den ticari elektrikli ızgaralar satın alın | DDNZ,53,True
https://www.ddnzglobal.com/tr/sourcing/commercial-ice-machines-from-china/,Çin’den ticari buz makineleri satın alın | DDNZ,Çin’den ticari buz makineleri satın alın | DDNZ,47,True
https://www.ddnzglobal.com/tr/sourcing/commercial-kitchen-equipment-from-china/,Çin'den ticari mutfak ekipmanları | DDNZ,Çin'den ticari mutfak ekipmanları | DDNZ,40,True
https://www.ddnzglobal.com/tr/sourcing/food-processing-machinery-from-china/,Çin’den gıda işleme makineleri satın alın | DDNZ,Çin’den gıda işleme makineleri satın alın | DDNZ,48,True
https://www.ddnzglobal.com/tr/sourcing/food-processing-machinery-from-china/bean-rice-and-juice-machinery/,"Çin’den soya, pirinç ve meyve suyu makinesi tedariki | DDNZ","Çin’den soya, pirinç ve meyve suyu makinesi tedariki | DDNZ",59,True
https://www.ddnzglobal.com/tr/sourcing/food-processing-machinery-from-china/dough-and-bakery-machinery/,Hamur ve fırıncılık makineleri · Çin’den tedarik | DDNZ,Hamur ve fırıncılık makineleri · Çin’den tedarik | DDNZ,55,True
https://www.ddnzglobal.com/tr/sourcing/food-processing-machinery-from-china/meat-processing-machinery/,Et işleme makineleri · Çin’den tedarik | DDNZ,Et işleme makineleri · Çin’den tedarik | DDNZ,45,True
https://www.ddnzglobal.com/tr/sourcing/food-processing-machinery-from-china/packages/bakery/,Çin’den Fırıncılık hazırlığı ekipman seti alın | DDNZ,Çin’den Fırıncılık hazırlığı ekipman seti alın | DDNZ,53,True
https://www.ddnzglobal.com/tr/sourcing/food-processing-machinery-from-china/packages/bean-rice/,Çin’den Soya ve pirinç hazırlığı ekipman seti alın | DDNZ,Çin’den Soya ve pirinç hazırlığı ekipman seti alın | DDNZ,57,True
https://www.ddnzglobal.com/tr/sourcing/food-processing-machinery-from-china/packages/meat-prep/,Çin’den Et hazırlığı ekipman paketi satın alın | DDNZ,Çin’den Et hazırlığı ekipman paketi satın alın | DDNZ,53,True
https://www.ddnzglobal.com/tr/sourcing/food-processing-machinery-from-china/packages/meatballs/,Çin’den Köfte hazırlığı ekipman seti alın | DDNZ,Çin’den Köfte hazırlığı ekipman seti alın | DDNZ,48,True
https://www.ddnzglobal.com/tr/sourcing/food-processing-machinery-from-china/packages/noodles/,Çin’den Hamur ve erişte hazırlığı ekipman seti alın | DDNZ,Çin’den Hamur ve erişte hazırlığı ekipman seti alın | DDNZ,58,True
https://www.ddnzglobal.com/tr/sourcing/food-processing-machinery-from-china/packages/vegetables/,Çin’den Sebze hazırlığı ekipman seti alın | DDNZ,Çin’den Sebze hazırlığı ekipman seti alın | DDNZ,48,True
https://www.ddnzglobal.com/tr/sourcing/food-processing-machinery-from-china/vegetable-processing-machinery/,Sebze hazırlama makineleri · Çin’den tedarik | DDNZ,Sebze hazırlama makineleri · Çin’den tedarik | DDNZ,51,True
https://www.ddnzglobal.com/tr/sourcing/kitchen-equipment-for-distributors/,Çin’den distribütörlere toptan mutfak ekipmanı | DDNZ,Çin’den distribütörlere toptan mutfak ekipmanı | DDNZ,53,True
https://www.ddnzglobal.com/tr/sourcing/mobile-accessories-from-china/,Çin’den toptan telefon aksesuarları | DDNZ,Çin’den toptan telefon aksesuarları | DDNZ,42,True
https://www.ddnzglobal.com/tr/sourcing/outdoor-products-from-china/,Çin’den kamp ve açık hava ekipmanı tedariki | DDNZ,Çin’den kamp ve açık hava ekipmanı tedariki | DDNZ,50,True
https://www.ddnzglobal.com/tr/sourcing/restaurant-kitchen-packages-from-china/,Çin’den restoran mutfağı ekipman paketleri satın alın | DDNZ,Çin’den restoran mutfağı ekipman paketleri satın alın | DDNZ,60,True
https://www.ddnzglobal.com/tr/sourcing/restaurant-kitchen-packages-from-china/bakery-pastry/,Çin’den fırın ve pastane için mutfak paketi alın | DDNZ,Çin’den fırın ve pastane için mutfak paketi alın | DDNZ,55,True
https://www.ddnzglobal.com/tr/sourcing/restaurant-kitchen-packages-from-china/cafe-light-meals/,Çin’den kafe ve hafif yemek için mutfak paketi alın | DDNZ,Çin’den kafe ve hafif yemek için mutfak paketi alın | DDNZ,58,True
https://www.ddnzglobal.com/tr/sourcing/restaurant-kitchen-packages-from-china/casual-dining/,Çin’den restoran mutfak paketi alın | DDNZ,Çin’den restoran mutfak paketi alın | DDNZ,42,True
https://www.ddnzglobal.com/tr/sourcing/restaurant-kitchen-packages-from-china/cloud-kitchen/,Çin’den ortak paket servis mutfağı tedariki | DDNZ,Çin’den ortak paket servis mutfağı tedariki | DDNZ,50,True
https://www.ddnzglobal.com/tr/sourcing/restaurant-kitchen-packages-from-china/pizza-shop/,Çin’den pizzacı için mutfak ekipman paketi satın alın | DDNZ,Çin’den pizzacı için mutfak ekipman paketi satın alın | DDNZ,60,True
https://www.ddnzglobal.com/tr/sourcing/restaurant-kitchen-packages-from-china/takeaway-qsr/,Çin’den hızlı servis mutfak paketi alın | DDNZ,Çin’den hızlı servis mutfak paketi alın | DDNZ,46,True
https://www.ddnzglobal.com/tr/sourcing/restaurant-project-equipment/,Restoran projeleri için Çin’den ekipman tedariki | DDNZ,Restoran projeleri için Çin’den ekipman tedariki | DDNZ,55,True
https://www.ddnzglobal.com/zh-cn/,中国采购与国际货运代理 | DDNZ,中国采购与国际货运代理 | DDNZ,18,True
https://www.ddnzglobal.com/zh-cn/get-a-quote/,中国国际货运报价与航线方案 | DDNZ,中国国际货运报价与航线方案 | DDNZ,20,True
https://www.ddnzglobal.com/zh-cn/how-we-work/,中国采购服务流程 | DDNZ 大递诺展 | DDNZ,中国采购服务流程 | DDNZ 大递诺展 | DDNZ,27,True
https://www.ddnzglobal.com/zh-cn/insights/,中国采购与国际运输指南 | DDNZ,中国采购与国际运输指南 | DDNZ,18,True
https://www.ddnzglobal.com/zh-cn/phone-cases/,中国手机壳批发：款式与起订量 | DDNZ,中国手机壳批发：款式与起订量 | DDNZ,21,True
https://www.ddnzglobal.com/zh-cn/phone-cases/materials-and-pricing/,手机壳材质、价格与供应商比较 | DDNZ,手机壳材质、价格与供应商比较 | DDNZ,21,True
https://www.ddnzglobal.com/zh-cn/phone-straps-charms/,中国手机挂绳与挂饰批发 | DDNZ,中国手机挂绳与挂饰批发 | DDNZ,18,True
https://www.ddnzglobal.com/zh-cn/portable-power/selection-guide/,便携储能选型：容量、负载与充电 | DDNZ,便携储能选型：容量、负载与充电 | DDNZ,22,True
https://www.ddnzglobal.com/zh-cn/products/,中国产品批发采购与商用设备采购 | DDNZ,中国产品批发采购与商用设备采购 | DDNZ,22,True
https://www.ddnzglobal.com/zh-cn/refrigeration-equipment/,从中国采购商用制冷设备 | DDNZ,从中国采购商用制冷设备 | DDNZ,18,True
https://www.ddnzglobal.com/zh-cn/screen-protectors/,中国手机保护膜批发采购 | DDNZ,中国手机保护膜批发采购 | DDNZ,18,True
https://www.ddnzglobal.com/zh-cn/screen-protectors/calculator/,中国保护膜采购与到仓成本测算 | DDNZ,中国保护膜采购与到仓成本测算 | DDNZ,21,True
https://www.ddnzglobal.com/zh-cn/screen-protectors/compare/,中国批发手机保护膜配置对比 | DDNZ,中国批发手机保护膜配置对比 | DDNZ,20,True
https://www.ddnzglobal.com/zh-cn/screen-protectors/guides/,从中国批发采购保护膜：规格与采购指南 | DDNZ,从中国批发采购保护膜：规格与采购指南 | DDNZ,25,True
https://www.ddnzglobal.com/zh-cn/screen-protectors/guides/curved-glass/,从中国采购 2.5D／3D 保护膜：形状、工艺与适配 | DDNZ,从中国采购 2.5D／3D 保护膜：形状、工艺与适配 | DDNZ,33,True
https://www.ddnzglobal.com/zh-cn/screen-protectors/guides/price-differences/,从中国采购保护膜：为什么批发报价不同？ | DDNZ,从中国采购保护膜：为什么批发报价不同？ | DDNZ,26,True
https://www.ddnzglobal.com/zh-cn/screen-protectors/private-label/,从中国采购自有品牌手机保护膜 | DDNZ,从中国采购自有品牌手机保护膜 | DDNZ,21,True
https://www.ddnzglobal.com/zh-cn/screen-protectors/videos/,从中国采购保护膜：生产流程实拍 | DDNZ,从中国采购保护膜：生产流程实拍 | DDNZ,22,True
https://www.ddnzglobal.com/zh-cn/screen-protectors/wholesale-for-stores/,从中国批发采购门店用手机保护膜 | DDNZ,从中国批发采购门店用手机保护膜 | DDNZ,22,True
https://www.ddnzglobal.com/zh-cn/services/air-freight/,中国空运服务。 | DDNZ,中国空运服务。 | DDNZ,14,True
https://www.ddnzglobal.com/zh-cn/services/amazon-fba/,中国至 Amazon FBA 物流。 | DDNZ,中国至 Amazon FBA 物流。 | DDNZ,25,True
https://www.ddnzglobal.com/zh-cn/services/dangerous-goods-shipping-from-china/,中国危险品出口运输与装柜加固 | DDNZ,中国危险品出口运输与装柜加固 | DDNZ,21,True
https://www.ddnzglobal.com/zh-cn/services/lcl-shipping-from-china/,中国 LCL 拼箱与集运｜费用、包装与交付 | DDNZ,中国 LCL 拼箱与集运｜费用、包装与交付 | DDNZ,28,True
https://www.ddnzglobal.com/zh-cn/services/sea-freight/,中国海运｜整柜、拼箱与装载规划 | DDNZ,中国海运｜整柜、拼箱与装载规划 | DDNZ,22,True
https://www.ddnzglobal.com/zh-cn/services/warehouse-services/,中国仓储与集货服务。 | DDNZ,中国仓储与集货服务。 | DDNZ,17,True
https://www.ddnzglobal.com/zh-cn/shipping-from-china-to-argentina/,中国到阿根廷（布宜诺斯艾利斯）海运与空运服务 | DDNZ,中国到阿根廷（布宜诺斯艾利斯）海运与空运服务 | DDNZ,29,True
https://www.ddnzglobal.com/zh-cn/shipping-from-china-to-bahrain/,中国到巴林海运、空运与清关服务 | DDNZ,中国到巴林海运、空运与清关服务 | DDNZ,22,True
https://www.ddnzglobal.com/zh-cn/shipping-from-china-to-brazil/,中国到巴西（圣保罗/桑托斯）海运 DDP 与空运服务 | DDNZ,中国到巴西（圣保罗/桑托斯）海运 DDP 与空运服务 | DDNZ,33,True
https://www.ddnzglobal.com/zh-cn/shipping-from-china-to-central-asia/,中国到中亚五国及俄罗斯，按货物设计路线。 | DDNZ,中国到中亚五国及俄罗斯，按货物设计路线。 | DDNZ,27,True
https://www.ddnzglobal.com/zh-cn/shipping-from-china-to-chile/,中国到智利（圣安东尼奥 / 瓦尔帕莱索 / 圣地亚哥）海运与空运服务 | DDNZ,中国到智利（圣安东尼奥 / 瓦尔帕莱索 / 圣地亚哥）海运与空运服务 | DDNZ,41,True
https://www.ddnzglobal.com/zh-cn/shipping-from-china-to-ghana/,中国到加纳货运｜特马海运与阿克拉收货安排 | DDNZ,中国到加纳货运｜特马海运与阿克拉收货安排 | DDNZ,27,True
https://www.ddnzglobal.com/zh-cn/shipping-from-china-to-kazakhstan/,中国至哈萨克斯坦（阿拉木图）跨境卡航与铁路班列 DDP | DDNZ,中国至哈萨克斯坦（阿拉木图）跨境卡航与铁路班列 DDP | DDNZ,34,True
https://www.ddnzglobal.com/zh-cn/shipping-from-china-to-kuwait/,中国到科威特海运、空运与清关服务 | DDNZ,中国到科威特海运、空运与清关服务 | DDNZ,23,True
https://www.ddnzglobal.com/zh-cn/shipping-from-china-to-kyrgyzstan/,中国到吉尔吉斯斯坦货运 | DDNZ,中国到吉尔吉斯斯坦货运 | DDNZ,18,True
https://www.ddnzglobal.com/zh-cn/shipping-from-china-to-latin-america/,中国至 拉美 | DDNZ,中国至 拉美 | DDNZ,13,True
https://www.ddnzglobal.com/zh-cn/shipping-from-china-to-mexico/,中国到墨西哥货运｜海运、进口准备与内陆交付 | DDNZ,中国到墨西哥货运｜海运、进口准备与内陆交付 | DDNZ,28,True
https://www.ddnzglobal.com/zh-cn/shipping-from-china-to-middle-east/,中国至 中东 | DDNZ,中国至 中东 | DDNZ,13,True
https://www.ddnzglobal.com/zh-cn/shipping-from-china-to-nigeria/,中国到尼日利亚货运｜拉各斯批发市场与集货海运 | DDNZ,中国到尼日利亚货运｜拉各斯批发市场与集货海运 | DDNZ,29,True
https://www.ddnzglobal.com/zh-cn/shipping-from-china-to-oman/,中国到阿曼海运、空运与清关服务 | DDNZ,中国到阿曼海运、空运与清关服务 | DDNZ,22,True
https://www.ddnzglobal.com/zh-cn/shipping-from-china-to-peru/,中国到秘鲁（卡亚俄 / 利马）海运与空运服务 | DDNZ,中国到秘鲁（卡亚俄 / 利马）海运与空运服务 | DDNZ,29,True
https://www.ddnzglobal.com/zh-cn/shipping-from-china-to-qatar/,中国到卡塔尔海运、空运与清关服务 | DDNZ,中国到卡塔尔海运、空运与清关服务 | DDNZ,23,True
https://www.ddnzglobal.com/zh-cn/shipping-from-china-to-russia/,中国到俄罗斯货运 | DDNZ,中国到俄罗斯货运 | DDNZ,15,True
https://www.ddnzglobal.com/zh-cn/shipping-from-china-to-saudi-arabia/,中国到沙特海运、空运与清关服务 | DDNZ,中国到沙特海运、空运与清关服务 | DDNZ,22,True
https://www.ddnzglobal.com/zh-cn/shipping-from-china-to-tajikistan/,中国到塔吉克斯坦货运 | DDNZ,中国到塔吉克斯坦货运 | DDNZ,17,True
https://www.ddnzglobal.com/zh-cn/shipping-from-china-to-turkmenistan/,中国到土库曼斯坦货运 | DDNZ,中国到土库曼斯坦货运 | DDNZ,17,True
https://www.ddnzglobal.com/zh-cn/shipping-from-china-to-uae/,中国到阿联酋货运｜海运、拆柜与交付安排 | DDNZ,中国到阿联酋货运｜海运、拆柜与交付安排 | DDNZ,26,True
https://www.ddnzglobal.com/zh-cn/shipping-from-china-to-uzbekistan/,中国到乌兹别克斯坦铁路、卡航与多式联运 | DDNZ,中国到乌兹别克斯坦铁路、卡航与多式联运 | DDNZ,26,True
https://www.ddnzglobal.com/zh-cn/shipping-from-china-to-west-africa/,中国至 西非 | DDNZ,中国至 西非 | DDNZ,13,True
https://www.ddnzglobal.com/zh-cn/sourcing-services/,中国采购代理与供应商采购服务 | DDNZ,中国采购代理与供应商采购服务 | DDNZ,21,True
https://www.ddnzglobal.com/zh-cn/sourcing-services/consolidation-export/,中国集货与出口交付 | DDNZ,中国集货与出口交付 | DDNZ,16,True
https://www.ddnzglobal.com/zh-cn/sourcing-services/inspection-quality-control/,中国验货与质量控制 | DDNZ,中国验货与质量控制 | DDNZ,16,True
https://www.ddnzglobal.com/zh-cn/sourcing-services/supplier-search/,中国供应商搜索与比价 | DDNZ,中国供应商搜索与比价 | DDNZ,17,True
https://www.ddnzglobal.com/zh-cn/sourcing/audio-speakers-from-china/,从中国采购音响与扬声器 | DDNZ,从中国采购音响与扬声器 | DDNZ,18,True
https://www.ddnzglobal.com/zh-cn/sourcing/audio-speakers-from-china/desktop-pc-speakers/,从中国批发采购桌面与电脑音箱 | DDNZ,从中国批发采购桌面与电脑音箱 | DDNZ,21,True
https://www.ddnzglobal.com/zh-cn/sourcing/audio-speakers-from-china/headphones-earbuds/,从中国批发采购耳机与无线耳塞 | DDNZ,从中国批发采购耳机与无线耳塞 | DDNZ,21,True
https://www.ddnzglobal.com/zh-cn/sourcing/audio-speakers-from-china/home-hifi-bookshelf-speakers/,从中国采购家用 Hi-Fi 与书架音箱 | DDNZ,从中国采购家用 Hi-Fi 与书架音箱 | DDNZ,26,True
https://www.ddnzglobal.com/zh-cn/sourcing/audio-speakers-from-china/party-karaoke-speakers/,从中国批发采购派对与卡拉 OK 音箱 | DDNZ,从中国批发采购派对与卡拉 OK 音箱 | DDNZ,25,True
https://www.ddnzglobal.com/zh-cn/sourcing/audio-speakers-from-china/portable-outdoor-speakers/,从中国批发采购便携蓝牙与户外音箱 | DDNZ,从中国批发采购便携蓝牙与户外音箱 | DDNZ,23,True
https://www.ddnzglobal.com/zh-cn/sourcing/commercial-electric-fryers-from-china/,从中国采购商用电炸炉 | DDNZ,从中国采购商用电炸炉 | DDNZ,17,True
https://www.ddnzglobal.com/zh-cn/sourcing/commercial-electric-griddles-from-china/,从中国采购商用电扒炉 | DDNZ,从中国采购商用电扒炉 | DDNZ,17,True
https://www.ddnzglobal.com/zh-cn/sourcing/commercial-ice-machines-from-china/,从中国采购商用制冰机 | DDNZ,从中国采购商用制冰机 | DDNZ,17,True
https://www.ddnzglobal.com/zh-cn/sourcing/commercial-kitchen-equipment-from-china/,中国商用厨房设备采购 | DDNZ,中国商用厨房设备采购 | DDNZ,17,True
https://www.ddnzglobal.com/zh-cn/sourcing/food-processing-machinery-from-china/,从中国采购食品加工机械 | DDNZ,从中国采购食品加工机械 | DDNZ,18,True
https://www.ddnzglobal.com/zh-cn/sourcing/food-processing-machinery-from-china/bean-rice-and-juice-machinery/,豆米与榨汁机械 · 中国采购 · 食品加工 | DDNZ,豆米与榨汁机械 · 中国采购 · 食品加工 | DDNZ,28,True
https://www.ddnzglobal.com/zh-cn/sourcing/food-processing-machinery-from-china/dough-and-bakery-machinery/,面团与烘焙机械 · 中国采购 · 食品加工 | DDNZ,面团与烘焙机械 · 中国采购 · 食品加工 | DDNZ,28,True
https://www.ddnzglobal.com/zh-cn/sourcing/food-processing-machinery-from-china/meat-processing-machinery/,肉类加工机械 · 中国采购 · 食品加工 | DDNZ,肉类加工机械 · 中国采购 · 食品加工 | DDNZ,27,True
https://www.ddnzglobal.com/zh-cn/sourcing/food-processing-machinery-from-china/packages/bakery/,从中国采购烘焙备料设备组合 | DDNZ,从中国采购烘焙备料设备组合 | DDNZ,20,True
https://www.ddnzglobal.com/zh-cn/sourcing/food-processing-machinery-from-china/packages/bean-rice/,从中国采购豆类与米浆预处理设备组合 | DDNZ,从中国采购豆类与米浆预处理设备组合 | DDNZ,24,True
https://www.ddnzglobal.com/zh-cn/sourcing/food-processing-machinery-from-china/packages/meat-prep/,从中国采购肉店与厨房备料设备组合 | DDNZ,从中国采购肉店与厨房备料设备组合 | DDNZ,23,True
https://www.ddnzglobal.com/zh-cn/sourcing/food-processing-machinery-from-china/packages/meatballs/,从中国采购肉丸制作设备组合 | DDNZ,从中国采购肉丸制作设备组合 | DDNZ,20,True
https://www.ddnzglobal.com/zh-cn/sourcing/food-processing-machinery-from-china/packages/noodles/,从中国采购面条与面团预处理设备组合 | DDNZ,从中国采购面条与面团预处理设备组合 | DDNZ,24,True
https://www.ddnzglobal.com/zh-cn/sourcing/food-processing-machinery-from-china/packages/vegetables/,从中国采购蔬菜预处理设备组合 | DDNZ,从中国采购蔬菜预处理设备组合 | DDNZ,21,True
https://www.ddnzglobal.com/zh-cn/sourcing/food-processing-machinery-from-china/vegetable-processing-machinery/,蔬菜加工机械 · 中国采购 · 食品加工 | DDNZ,蔬菜加工机械 · 中国采购 · 食品加工 | DDNZ,27,True
https://www.ddnzglobal.com/zh-cn/sourcing/kitchen-equipment-for-distributors/,从中国批发采购经销用厨房设备 | DDNZ,从中国批发采购经销用厨房设备 | DDNZ,21,True
https://www.ddnzglobal.com/zh-cn/sourcing/mobile-accessories-from-china/,中国手机配件批发采购 | DDNZ,中国手机配件批发采购 | DDNZ,17,True
https://www.ddnzglobal.com/zh-cn/sourcing/outdoor-products-from-china/,中国户外设备采购服务 | DDNZ,中国户外设备采购服务 | DDNZ,17,True
https://www.ddnzglobal.com/zh-cn/sourcing/restaurant-kitchen-packages-from-china/,从中国采购餐厅厨房设备组合 | DDNZ,从中国采购餐厅厨房设备组合 | DDNZ,20,True
https://www.ddnzglobal.com/zh-cn/sourcing/restaurant-kitchen-packages-from-china/bakery-pastry/,从中国采购烘焙甜点厨房设备组合 | DDNZ,从中国采购烘焙甜点厨房设备组合 | DDNZ,22,True
https://www.ddnzglobal.com/zh-cn/sourcing/restaurant-kitchen-packages-from-china/cafe-light-meals/,从中国采购咖啡轻食厨房设备组合 | DDNZ,从中国采购咖啡轻食厨房设备组合 | DDNZ,22,True
https://www.ddnzglobal.com/zh-cn/sourcing/restaurant-kitchen-packages-from-china/casual-dining/,从中国采购休闲餐厅厨房设备组合 | DDNZ,从中国采购休闲餐厅厨房设备组合 | DDNZ,22,True
https://www.ddnzglobal.com/zh-cn/sourcing/restaurant-kitchen-packages-from-china/cloud-kitchen/,从中国采购云厨房厨房设备组合 | DDNZ,从中国采购云厨房厨房设备组合 | DDNZ,21,True
https://www.ddnzglobal.com/zh-cn/sourcing/restaurant-kitchen-packages-from-china/pizza-shop/,从中国采购披萨店厨房设备组合 | DDNZ,从中国采购披萨店厨房设备组合 | DDNZ,21,True
https://www.ddnzglobal.com/zh-cn/sourcing/restaurant-kitchen-packages-from-china/takeaway-qsr/,从中国采购外卖快餐厨房设备组合 | DDNZ,从中国采购外卖快餐厨房设备组合 | DDNZ,22,True
https://www.ddnzglobal.com/zh-cn/sourcing/restaurant-project-equipment/,从中国采购餐饮工程设备 | DDNZ,从中国采购餐饮工程设备 | DDNZ,18,True
