path,locale,intent,status,title,h1,opening,issues
/zh-cn/screen-protectors/calculator/,zh-cn,information,context-only,中国保护膜采购与到仓成本测算 | DDNZ,中国保护膜采购与到仓成本测算,中国保护膜采购与到仓成本测算 伊斯坦布尔／到仓成本 以伊斯坦布尔线路为参考，估算货值及从中国出厂至买方仓库的运输费用。最终价格取决于确认后的机型、包装和地址；其他目的地须另行报价。 参考日期：2026年9月11日 · USD 1 = CNY 6.6,
/es/screen-protectors/calculator/,es,information,context-only,Compra de protectores en China y coste puesto en destino | DDNZ,Compra de protectores en China y coste puesto en destino,"Compra de protectores en China y coste puesto en destino ESTAMBUL / COSTE HASTA EL DESTINO Utilice la referencia de Estambul para estimar el valor del producto y la entrega todo incluido de China al almacén del comprador. Los precios finales dependen de los modelos confirmados, el embalaje y la dirección; otros destinos necesitan una cotización separada. Datos de referencia: 11 de septiembre de 2026 · USD 1 = CNY 6,6",
/ar/screen-protectors/calculator/,ar,information,context-only,توريد واقيات الشاشة من الصين وحساب التكلفة حتى الوجهة | DDNZ,توريد واقيات الشاشة من الصين وحساب التكلفة حتى الوجهة,توريد واقيات الشاشة من الصين وحساب التكلفة حتى الوجهة إسطنبول / التكلفة حتى الوجهة استخدم مرجع إسطنبول لتقدير قيمة المنتجات والتوصيل الشامل من الصين إلى مستودع المشتري. يعتمد السعر النهائي على الطرازات والتغليف والعنوان المؤكد. تحتاج الوجهات الأخرى إلى عرض مستقل. بيانات مرجعية: 11 سبتمبر 2026 · USD 1 = CNY 6.6,
/ru/screen-protectors/calculator/,ru,information,context-only,Закупка защитных стёкол в Китае и расчёт стоимости доставки | DDNZ,Закупка защитных стёкол в Китае и расчёт стоимости доставки,"Закупка защитных стёкол в Китае и расчёт стоимости доставки СТАМБУЛ / СТОИМОСТЬ С ДОСТАВКОЙ Используйте Стамбульскую ссылку для оценки стоимости продукта и доставки из Китая на склад покупателя. Окончательная цена зависит от подтвержденных моделей, упаковки и адреса; другим пунктам назначения нужна отдельная котировка. Справочные данные: 11 сентября 2026 г. · USD 1 = CNY 6,6",
/fr/screen-protectors/calculator/,fr,information,context-only,Achat de protections d’écran en Chine et coût rendu | DDNZ,Achat de protections d’écran en Chine et coût rendu,"Achat de protections d’écran en Chine et coût rendu ISTANBUL / COÛT RENDU Utilisez la référence d'Istanbul pour estimer la valeur du produit et la livraison tout compris de la Chine à l'entrepôt de l'acheteur. Le prix final dépend des modèles confirmés, de l'emballage et de l'adresse; d'autres destinations ont besoin d'un devis distinct. Données de référence : 11 septembre 2026 · USD 1 = CNY 6,6",
/pt/screen-protectors/calculator/,pt,information,context-only,Compra de películas na China e custo até o destino | DDNZ,Compra de películas na China e custo até o destino,"Compra de películas na China e custo até o destino ISTAMBUL / CUSTO ATÉ O DESTINO Use a referência de Istambul para estimar o valor dos produtos e a entrega completa da China ao armazém do comprador. O preço final depende dos modelos, da embalagem e do endereço confirmados. Outros destinos exigem uma cotação separada. Dados de referência: 11 de setembro de 2026 · USD 1 = CNY 6,6",
/tr/screen-protectors/calculator/,tr,information,context-only,Çin’den ekran koruyucu tedariki ve teslim maliyeti | DDNZ,Çin’den ekran koruyucu tedariki ve teslim maliyeti,"Çin’den ekran koruyucu tedariki ve teslim maliyeti İSTANBUL / TESLİM MALİYETİ Çin’den alıcının İstanbul’daki deposuna ürün bedelini ve kapsamlı teslim maliyetini hesaplamak için bu referansı kullanın. Son fiyat; onaylanan modeller, ambalaj ve adrese bağlıdır. Diğer varış noktaları için ayrı teklif gerekir. Referans verileri: 11 Eylül 2026 · USD 1 = CNY 6,6",
/zh-cn/screen-protectors/guides/,zh-cn,information,context-only,从中国批发采购保护膜：规格与采购指南 | DDNZ,从中国批发采购保护膜：规格与采购指南,从中国批发采购保护膜：规格与采购指南 批量采购前核对玻璃、胶层、包装和手机适配。通过价格及曲面玻璃指南整理规格，勾选需要供应商确认的项目并带入询价。 比较六组规格、实际包装内容和安装步骤。 区分玻璃形状、制造工艺及手机适配，结合团队拍摄的工厂视频了解核验重点。,
/es/screen-protectors/guides/,es,information,context-only,Compre protectores de pantalla de China: guía de especificaciones | DDNZ,Compre protectores de pantalla de China: guía de especificaciones,"Compre protectores de pantalla de China: guía de especificaciones Antes de comprar al por mayor en China, revise vidrio, adhesivo, embalaje y ajuste al teléfono. Consulte las guías de precios y vidrio curvo, seleccione las comprobaciones y añádalas a su solicitud de cotización. Compare seis grupos de especificaciones, contenido real del embalaje y pasos de instalación. Distinga forma del vidrio, fabricación y ajuste, con grabaciones de fábrica realizadas por el equipo.",
/ar/screen-protectors/guides/,ar,information,context-only,شراء واقيات الشاشة من الصين: دليل المواصفات | DDNZ,شراء واقيات الشاشة من الصين: دليل المواصفات,شراء واقيات الشاشة من الصين: دليل المواصفات قبل الشراء بالجملة من الصين، تحقق من الزجاج واللاصق والتغليف وملاءمة الهاتف. راجع دليلي الأسعار والزجاج المنحني، ثم اختر نقاط التحقق لإضافتها إلى طلب عرض السعر. قارن ست مجموعات من المواصفات ومحتويات التغليف الفعلية وخطوات التركيب. ميّز بين شكل الزجاج والتصنيع وملاءمة الهاتف، بالاستعانة بمقاطع المصنع التي صورها الفريق.,
/ru/screen-protectors/guides/,ru,information,context-only,Купить защитные стёкла из Китая: руководство по характеристикам | DDNZ,Купить защитные стёкла из Китая: руководство по характеристикам,"Купить защитные стёкла из Китая: руководство по характеристикам Перед оптовой закупкой из Китая проверьте стекло, клей, упаковку и посадку на телефон. Изучите руководства по цене и изогнутому стеклу, затем добавьте выбранные проверки в запрос предложения. Сравните шесть групп характеристик, фактическую комплектацию упаковки и этапы установки. Разделяйте форму стекла, производство и посадку; используйте заводские видео, снятые командой.",
/fr/screen-protectors/guides/,fr,information,context-only,Acheter des protections d’écran en Chine : guide des spécifications | DDNZ,Acheter des protections d’écran en Chine : guide des spécifications,"Acheter des protections d’écran en Chine : guide des spécifications Avant un achat en gros en Chine, vérifiez verre, adhésif, emballage et ajustement au téléphone. Consultez les guides de prix et de verre courbe, puis sélectionnez les points à joindre à votre demande de devis. Comparez six groupes de spécifications, le contenu réel de l’emballage et les étapes de pose. Distinguez forme du verre, fabrication et ajustement, avec des vidéos d’usine filmées par l’équipe.",
/pt/screen-protectors/guides/,pt,information,context-only,Compre películas da China: guia de especificações | DDNZ,Compre películas da China: guia de especificações,"Compre películas da China: guia de especificações Antes de comprar películas no atacado da China, confira vidro, adesivo, embalagem e ajuste ao aparelho. Consulte os guias de preço e vidro curvo, selecione os pontos a confirmar e leve-os à solicitação de cotação. Compare seis grupos de especificações, conteúdo real da embalagem e etapas de aplicação. Separe formato do vidro, fabricação e ajuste ao celular, com registros de fábrica filmados pela equipe.",
/tr/screen-protectors/guides/,tr,information,context-only,Çin’den ekran koruyucu satın alma ve teknik özellik rehberi | DDNZ,Çin’den ekran koruyucu satın alma ve teknik özellik rehberi,"Çin’den ekran koruyucu satın alma ve teknik özellik rehberi Çin’den toptan alımdan önce camı, yapışkanı, ambalajı ve telefon uyumunu kontrol edin. Fiyat ve kavisli cam rehberlerinden yararlanın; doğrulanacak noktaları seçerek teklif talebinize ekleyin. Altı özellik grubunu, gerçek paket içeriğini ve uygulama adımlarını karşılaştırın. Ekibin çektiği fabrika görüntüleriyle cam şeklini, üretimi ve telefon uyumunu birbirinden ayırın.",
/zh-cn/screen-protectors/guides/price-differences/,zh-cn,information,context-only,从中国采购保护膜：为什么批发报价不同？ | DDNZ,从中国采购保护膜：为什么批发报价不同？,从中国采购保护膜：为什么批发报价不同？ 按相同规格、各机型数量和交付范围比较中国供应商报价，核对以下六项成本因素后再选品或申请样品。 确认材料等级、成品厚度和强化信息，并问清厚度是否包含胶层。 曲面位于玻璃本体、抛光边缘还是添加材料？要求图纸及实际工艺说明。,
/es/screen-protectors/guides/price-differences/,es,information,context-only,Compre protectores de China: por qué varían los precios mayoristas | DDNZ,Compre protectores de China: por qué varían los precios mayoristas,"Compre protectores de China: por qué varían los precios mayoristas Compare ofertas de China con las mismas especificaciones, cantidades por teléfono y entrega. Revise seis factores antes de elegir productos o pedir muestras. Confirme grado, espesor final y refuerzo; pregunte si la medida incluye el adhesivo. ¿La curva está en el vidrio, en el borde pulido o en material añadido? Pida un plano y el proceso real.",
/ar/screen-protectors/guides/price-differences/,ar,information,context-only,شراء واقيات الشاشة من الصين: لماذا تختلف أسعار الجملة؟ | DDNZ,شراء واقيات الشاشة من الصين: لماذا تختلف أسعار الجملة؟,شراء واقيات الشاشة من الصين: لماذا تختلف أسعار الجملة؟ قارن عروض الصين بنفس المواصفات والكميات لكل هاتف ونطاق التسليم. راجع ستة عوامل قبل اختيار المنتج أو طلب العينات. أكد الدرجة والسماكة النهائية والتقوية، واسأل إن كانت السماكة تشمل اللاصق. هل الانحناء في جسم الزجاج أم الحافة المصقولة أم مادة مضافة؟ اطلب رسمًا ووصف العملية الفعلية.,
/ru/screen-protectors/guides/price-differences/,ru,information,context-only,Купить защитные стёкла из Китая: почему оптовые цены различаются | DDNZ,Купить защитные стёкла из Китая: почему оптовые цены различаются,"Купить защитные стёкла из Китая: почему оптовые цены различаются Сравнивайте предложения из Китая при одинаковых характеристиках, количестве по моделям и доставке. Проверьте шесть факторов до выбора товара или образцов. Подтвердите класс, итоговую толщину и усиление. Включён ли клей в измерение? Изгиб находится в стекле, полированной кромке или добавленном материале? Запросите чертёж и фактический процесс.",
/fr/screen-protectors/guides/price-differences/,fr,information,context-only,Acheter des protections en Chine : pourquoi les prix de gros diffèrent | DDNZ,Acheter des protections en Chine : pourquoi les prix de gros diffèrent,"Acheter des protections en Chine : pourquoi les prix de gros diffèrent Comparez les offres de Chine à spécifications, quantités par téléphone et livraison identiques. Vérifiez six facteurs avant de choisir ou demander des échantillons. Confirmez qualité, épaisseur finie et renforcement. La mesure comprend-elle l’adhésif ? La courbe est-elle dans le verre, le bord poli ou un matériau ajouté ? Demandez plan et procédé réel.",
/pt/screen-protectors/guides/price-differences/,pt,information,context-only,Compre películas da China: por que os preços no atacado variam? | DDNZ,Compre películas da China: por que os preços no atacado variam?,"Compre películas da China: por que os preços no atacado variam? Compare propostas da China com as mesmas especificações, quantidades por aparelho e entrega. Confira seis fatores antes de escolher produtos ou pedir amostras. Confirme classe, espessura final e reforço; verifique se a medida inclui o adesivo. A curva está no corpo do vidro, na borda polida ou em material acrescentado? Peça desenho e descrição do processo real.",
/tr/screen-protectors/guides/price-differences/,tr,information,context-only,Çin’den ekran koruyucu satın alın: toptan fiyatlar neden farklı? | DDNZ,Çin’den ekran koruyucu satın alın: toptan fiyatlar neden farklı?,"Çin’den ekran koruyucu satın alın: toptan fiyatlar neden farklı? Çin tekliflerini aynı özellikler, telefon başına miktar ve teslimat kapsamıyla karşılaştırın. Ürün veya numune seçmeden altı etkeni kontrol edin. Sınıfı, bitmiş kalınlığı ve güçlendirmeyi doğrulayın. Ölçüye yapışkanın dahil olup olmadığını sorun. Kavis cam gövdede, parlatılmış kenarda mı, ek malzemede mi? Çizim ve gerçek işlem açıklamasını isteyin.",
/zh-cn/screen-protectors/guides/curved-glass/,zh-cn,information,context-only,从中国采购 2.5D／3D 保护膜：形状、工艺与适配 | DDNZ,从中国采购 2.5D／3D 保护膜：形状、工艺与适配,从中国采购 2.5D／3D 保护膜：形状、工艺与适配 采购中国保护膜时，仅看产品名称不能判断制造方式、强度或贴合度；先看截面，再在目标手机上验样。 通常称为 2.5D；上沿圆角不等于贴屏面弯曲。 3D 曲面示意，形状本身不能证明工艺或机型适配。,
/es/screen-protectors/guides/curved-glass/,es,information,context-only,"Compre protectores 2.5D y 3D de China: forma, proceso y ajuste | DDNZ","Compre protectores 2.5D y 3D de China: forma, proceso y ajuste","Compre protectores 2.5D y 3D de China: forma, proceso y ajuste Al comprar protectores de China, el nombre no demuestra fabricación, resistencia ni ajuste. Empiece por la sección del vidrio y compruebe el teléfono exacto. Suele llamarse 2.5D. Un borde superior redondeado no significa que la superficie de contacto sea curva. Ilustración de forma 3D; no demuestra fabricación ni ajuste al modelo.",
/ar/screen-protectors/guides/curved-glass/,ar,information,context-only,شراء واقيات 2.5D و3D من الصين: الشكل والعملية والملاءمة | DDNZ,شراء واقيات 2.5D و3D من الصين: الشكل والعملية والملاءمة,شراء واقيات 2.5D و3D من الصين: الشكل والعملية والملاءمة عند الشراء من الصين، لا يثبت الاسم طريقة التصنيع أو القوة أو الملاءمة. ابدأ بالمقطع العرضي ثم تحقق على طراز الهاتف المحدد. يسمى غالبًا 2.5D. استدارة الحافة العليا لا تعني انحناء سطح ملامسة الشاشة. رسم لشكل 3D؛ لا يثبت طريقة التصنيع أو ملاءمة الطراز.,
/ru/screen-protectors/guides/curved-glass/,ru,information,context-only,"Купить стёкла 2.5D и 3D из Китая: форма, процесс и посадка | DDNZ","Купить стёкла 2.5D и 3D из Китая: форма, процесс и посадка","Купить стёкла 2.5D и 3D из Китая: форма, процесс и посадка При закупке из Китая название не доказывает способ производства, прочность или посадку. Изучите сечение и проверьте на точной модели телефона. Часто называется 2.5D. Скруглённый верхний край не означает изогнутую контактную поверхность. Иллюстрация 3D-формы не доказывает производственный метод или посадку.",
/fr/screen-protectors/guides/curved-glass/,fr,information,context-only,"Acheter des protections 2.5D et 3D en Chine : forme, procédé et ajustement | DDNZ","Acheter des protections 2.5D et 3D en Chine : forme, procédé et ajustement","Acheter des protections 2.5D et 3D en Chine : forme, procédé et ajustement Pour un achat en Chine, le nom ne prouve ni fabrication, ni résistance, ni ajustement. Examinez la section du verre puis testez le téléphone exact. Souvent appelé 2.5D. Un bord supérieur arrondi ne signifie pas une surface de contact courbe. Illustration 3D : la forme ne prouve ni procédé ni ajustement au téléphone.",
/pt/screen-protectors/guides/curved-glass/,pt,information,context-only,"Compre películas 2.5D e 3D da China: formato, processo e ajuste | DDNZ","Compre películas 2.5D e 3D da China: formato, processo e ajuste","Compre películas 2.5D e 3D da China: formato, processo e ajuste Ao comprar películas da China, o nome não comprova fabricação, resistência ou ajuste. Comece pela seção do vidro e valide no aparelho exato. Frequentemente chamado 2.5D. Borda superior arredondada não significa superfície de contato curva. Ilustração de formato 3D. A forma não comprova método de fabricação nem ajuste a um aparelho.",
/tr/screen-protectors/guides/curved-glass/,tr,information,context-only,"Çin’den 2.5D ve 3D ekran koruyucu alımı: şekil, işlem ve uyum | DDNZ","Çin’den 2.5D ve 3D ekran koruyucu alımı: şekil, işlem ve uyum","Çin’den 2.5D ve 3D ekran koruyucu alımı: şekil, işlem ve uyum Çin’den alımda ürün adı üretimi, dayanımı veya uyumu kanıtlamaz. Cam kesitinden başlayın ve tam telefon modelinde doğrulayın. Genellikle 2.5D denir. Yuvarlak üst kenar, ekran temas yüzeyinin kavisli olduğu anlamına gelmez. 3D şekil gösterimi; üretim yöntemini veya telefon uyumunu kanıtlamaz.",
/zh-cn/screen-protectors/videos/,zh-cn,information,context-only,从中国采购保护膜：生产流程实拍 | DDNZ,从中国采购保护膜：生产流程实拍,从中国采购保护膜：生产流程实拍 观看 DDNZ 团队拍摄的中国保护膜生产视频，按工序核对采购规格。各产品工艺与包装可能不同，需确认所选型号的实际流程。 完整录像 1 分 46 秒：钢球准备、释放及最终样品检查。确认球重、落高、支撑方式和验收标准；此视频不代表经过认证的抗冲击等级。 DDNZ 团队拍摄。连续视频展示可见操作及流转；需确认哪些工序适用于所选产品，视频不代表所有工艺或批次认证。,
/es/screen-protectors/videos/,es,information,context-only,Compre protectores de China: vídeos de producción | DDNZ,Compre protectores de China: vídeos de producción,"Compre protectores de China: vídeos de producción Vea la producción en China filmada por DDNZ y revise especificaciones antes de comprar. Procesos y embalajes varían; confirme la secuencia del artículo elegido. Grabación completa de 1 min 46 s: preparación, caída e inspección final. Confirme masa, altura, apoyo y criterios de aceptación. No acredita una clasificación de impacto certificada. Filmado por el equipo DDNZ. Los clips continuos muestran operaciones y movimiento visibles. Confirme etapas aplicables; no certifican todos los procesos o lotes.",
/ar/screen-protectors/videos/,ar,information,context-only,شراء واقيات الشاشة من الصين: فيديوهات الإنتاج | DDNZ,شراء واقيات الشاشة من الصين: فيديوهات الإنتاج,شراء واقيات الشاشة من الصين: فيديوهات الإنتاج شاهد الإنتاج في الصين بتصوير فريق DDNZ وراجع المواصفات قبل الشراء. تختلف العمليات والتغليف حسب المنتج؛ أكد المسار الفعلي للصنف المختار. تسجيل كامل مدته دقيقة و46 ثانية: التجهيز والإسقاط والفحص النهائي. أكد كتلة الكرة والارتفاع والدعم ومعايير القبول. الفيديو لا يثبت تصنيف صدمات معتمدًا. تصوير فريق DDNZ. تعرض المقاطع المتصلة العمليات والحركة المرئية. أكد المراحل التي تخص المنتج؛ لا تصادق المقاطع على كل العمليات أو الدفعات.,
/ru/screen-protectors/videos/,ru,information,context-only,Купить защитные стёкла из Китая: видео производства | DDNZ,Купить защитные стёкла из Китая: видео производства,"Купить защитные стёкла из Китая: видео производства Посмотрите производство в Китае, снятое командой DDNZ, и проверьте характеристики перед закупкой. Процессы и упаковка различаются; уточните маршрут выбранного товара. Полная запись 1 мин 46 с: подготовка, падение и итоговый осмотр. Подтвердите массу, высоту, опору и критерии приёмки. Видео не доказывает сертифицированный класс ударостойкости. Снято командой DDNZ. Непрерывные ролики показывают видимые операции и перемещения. Уточняйте применимость к товару; это не сертификация всех процессов или партий.",
/fr/screen-protectors/videos/,fr,information,context-only,Acheter des protections en Chine : vidéos de production | DDNZ,Acheter des protections en Chine : vidéos de production,"Acheter des protections en Chine : vidéos de production Découvrez la production en Chine filmée par DDNZ et vérifiez les spécifications avant achat. Procédés et emballages varient ; confirmez le parcours du produit choisi. Enregistrement complet de 1 min 46 s : préparation, chute et inspection finale. Confirmez masse, hauteur, support et critères d’acceptation. La vidéo ne prouve pas un classement de résistance certifié. Filmé par l’équipe DDNZ. Les séquences continues montrent gestes et déplacements visibles. Confirmez les étapes applicables ; elles ne certifient pas tous les procédés ou lots.",
/pt/screen-protectors/videos/,pt,information,context-only,Compre películas da China: vídeos de produção | DDNZ,Compre películas da China: vídeos de produção,"Compre películas da China: vídeos de produção Veja a produção de películas na China filmada pela equipe DDNZ e confira as especificações antes da compra. Processos e embalagens variam; confirme a sequência real do item escolhido. Gravação completa de 1 min 46 s: preparação, queda e inspeção final. Confirme massa da esfera, altura, apoio e critérios de aceitação. O vídeo não comprova uma classificação de impacto certificada. Filmado pela equipe DDNZ. Os vídeos contínuos mostram operações e movimentação visíveis; confirme as etapas aplicáveis ao produto. Não certificam todos os processos ou lotes.",
/tr/screen-protectors/videos/,tr,information,context-only,Çin’den ekran koruyucu alımı: üretim videoları | DDNZ,Çin’den ekran koruyucu alımı: üretim videoları,"Çin’den ekran koruyucu alımı: üretim videoları DDNZ ekibinin Çin’de çektiği üretimi izleyin ve alımdan önce özellikleri kontrol edin. Süreç ve ambalaj ürüne göre değişir; seçilen ürünün gerçek akışını doğrulayın. 1 dakika 46 saniyelik tam kayıt: hazırlık, bırakma ve son inceleme. Bilye kütlesi, yükseklik, destek ve kabul ölçütlerini doğrulayın. Video sertifikalı darbe sınıfını kanıtlamaz. DDNZ ekibi çekmiştir. Kesintisiz görüntüler görünür işlemleri ve hareketleri gösterir. Ürüne uygun aşamaları doğrulayın; tüm süreçleri veya partileri belgelemez.",
/sourcing/food-processing-machinery-from-china/,en,product,pass,Food Processing Machinery Sourcing from China | DDNZ Global,Food processing machinery from China. Selected for your operation.,"Food processing machinery from China. Selected for your operation. CHINA SOURCING / FOOD PREPARATION Source food processing machinery from China for dough, bakery, meat and vegetable preparation. Compare individual machines or buy a coordinated equipment package, with model-level wholesale prices and packing costs shown separately. Equipment for your next preparation step. Supplier catalogue imagery · configuration confirmed per model",
/zh-cn/sourcing/food-processing-machinery-from-china/,zh-cn,product,pass,从中国采购食品加工机械 | DDNZ Global,从中国采购食品加工机械,从中国采购食品加工机械 中国采购 · 食品加工 按和面、烘焙、肉类、蔬菜及谷物加工需求选择设备。从中国采购单机或场景组合，逐项比较型号、批发价与包装费用。 图片展示型号系列，具体配置以确认订单为准。,
/es/sourcing/food-processing-machinery-from-china/,es,product,pass,Compre maquinaria para procesar alimentos de China | DDNZ Global,Compre maquinaria para procesar alimentos de China,"Compre maquinaria para procesar alimentos de China Sourcing en China · Preparación de alimentos Seleccione maquinaria de China para masas, panadería, carnes, verduras y granos. Compare modelos y precios mayoristas o forme un conjunto, con el embalaje calculado por separado. Las imágenes representan familias de modelos; confirme la configuración del pedido.",
/ar/sourcing/food-processing-machinery-from-china/,ar,product,pass,شراء آلات تجهيز الأغذية من الصين | DDNZ Global,شراء آلات تجهيز الأغذية من الصين,شراء آلات تجهيز الأغذية من الصين توريد من الصين · تجهيز الأغذية اختر آلات من الصين للعجين والمخبوزات واللحوم والخضروات والحبوب. قارن الموديلات وأسعار الجملة منفردة أو ضمن مجموعة، مع احتساب التغليف بشكل منفصل. الصور تمثل عائلات الموديلات؛ أكد تجهيزات الطلب.,
/ru/sourcing/food-processing-machinery-from-china/,ru,product,pass,Купить оборудование для переработки продуктов из Китая | DDNZ Global,Купить оборудование для переработки продуктов из Китая,"Купить оборудование для переработки продуктов из Китая Закупки в Китае · Подготовка продуктов Подберите оборудование из Китая для теста, выпечки, мяса, овощей и зерновых. Сравните модели и оптовые цены отдельно или в составе комплекта; упаковка рассчитывается отдельно. Фото показывают семейства моделей; комплектацию подтвердите в заказе.",
/fr/sourcing/food-processing-machinery-from-china/,fr,product,pass,Achetez des machines de transformation alimentaire en Chine | DDNZ Global,Achetez des machines de transformation alimentaire en Chine,"Achetez des machines de transformation alimentaire en Chine Approvisionnement en Chine · Préparation alimentaire Sélectionnez des machines en Chine pour les pâtes, la boulangerie, la viande, les légumes et les céréales. Comparez modèles et prix de gros, seuls ou en ensembles, avec emballage chiffré séparément. Les images représentent des familles de modèles ; confirmez la configuration commandée.",
/pt/sourcing/food-processing-machinery-from-china/,pt,product,pass,Compre máquinas para processamento de alimentos da China | DDNZ Global,Compre máquinas para processamento de alimentos da China,"Compre máquinas para processamento de alimentos da China Sourcing na China · Preparação de alimentos Selecione máquinas da China para massas, panificação, carnes, vegetais e grãos. Compare modelos e preços de atacado ou monte uma combinação, com embalagem calculada separadamente. Imagens representam famílias de modelos; confirme a configuração do pedido.",
/tr/sourcing/food-processing-machinery-from-china/,tr,product,pass,Çin’den gıda işleme makineleri satın alın | DDNZ Global,Çin’den gıda işleme makineleri satın alın,"Çin’den gıda işleme makineleri satın alın Çin’den tedarik · Gıda hazırlığı Hamur, fırıncılık, et, sebze ve tahıl hazırlığı için Çin’den makine tedarik edin. Modelleri ve toptan fiyatları tek tek veya paket halinde karşılaştırın; ambalaj ayrı hesaplanır. Görseller model ailelerini gösterir; sipariş yapılandırmasını doğrulayın.",
/sourcing/food-processing-machinery-from-china/dough-and-bakery-machinery/,en,product,pass,Dough & bakery machinery from China | DDNZ Global,Dough & bakery machinery,"Dough & bakery machinery CHINA SOURCING / FOOD PREPARATION Source dough & bakery machinery from China for your equipment range or food business. Compare kneaders, spiral mixers, planetary mixers, dough rollers and bread slicers by the job they perform. Select a motor and guard configuration before comparing prices. Equipment for your next preparation step. Supplier catalogue imagery · configuration confirmed per model",
/zh-cn/sourcing/food-processing-machinery-from-china/dough-and-bakery-machinery/,zh-cn,product,pass,面团与烘焙机械 · 中国采购 · 食品加工 | DDNZ Global,面团与烘焙机械 · 中国采购 · 食品加工,面团与烘焙机械 · 中国采购 · 食品加工 中国采购 · 食品加工 从中国采购商用和面、搅拌、压面及面包切片机械。按工序比较电机、防护罩、联锁、变速和辊刀配置。和面机与行星搅拌机的功能不同，不能直接互换。料缸容积不是面粉容量；H20 为 20 L，最大面粉量 8 kg，需按配方、批重与含水量试机。YH-GT300 不含面刀，标准 1.5–6 mm 扁刀每把未税 CNY 150，其他刀具另报。 图片展示型号系列，具体配置以确认订单为准。,
/es/sourcing/food-processing-machinery-from-china/dough-and-bakery-machinery/,es,product,pass,Maquinaria para masas y panadería · Sourcing en China · Preparación de alimentos | DDNZ Global,Maquinaria para masas y panadería · Sourcing en China · Preparación de alimentos,"Maquinaria para masas y panadería · Sourcing en China · Preparación de alimentos Sourcing en China · Preparación de alimentos Compre maquinaria para masas y panadería de China. Compare amasadoras, batidoras, laminadoras y cortadoras según función, motor, protección, enclavamiento, velocidad y rodillos o cortadores. La batidora planetaria realiza una función distinta a la amasadora. El volumen de cuba no equivale a capacidad de harina: H20 tiene 20 L y un máximo de 8 kg de harina; valide receta, lote e hidratación. YH-GT300 no incluye cortador; el plano estándar de 1,5–6 mm cuesta CNY 150 antes de impuestos, otros se cotizan aparte. Las imágenes representan familias de modelos; confirme la configuración del pedido.",
/ar/sourcing/food-processing-machinery-from-china/dough-and-bakery-machinery/,ar,product,pass,آلات العجين والمخبوزات · توريد من الصين · تجهيز الأغذية | DDNZ Global,آلات العجين والمخبوزات · توريد من الصين · تجهيز الأغذية,آلات العجين والمخبوزات · توريد من الصين · تجهيز الأغذية توريد من الصين · تجهيز الأغذية اشترِ من الصين عجانات وخلاطات وآلات فرد العجين وقطاعات الخبز. قارن الوظيفة والمحرك والحماية والقفل الوقائي والسرعات والأسطوانات والقواطع. وظيفة الخلاط الكوكبي تختلف عن العجانة. حجم الوعاء لا يساوي سعة الدقيق: H20 بوعاء 20 L وحد أقصى 8 kg من الدقيق؛ اختبر الوصفة والدفعة ونسبة الماء. YH-GT300 لا يشمل القاطع؛ القاطع المسطح القياسي 1.5–6 mm بسعر CNY 150 قبل الضريبة، والأنواع الأخرى منفصلة. الصور تمثل عائلات الموديلات؛ أكد تجهيزات الطلب.,
/ru/sourcing/food-processing-machinery-from-china/dough-and-bakery-machinery/,ru,product,pass,Оборудование для теста и выпечки · Закупки в Китае · Подготовка продуктов | DDNZ Global,Оборудование для теста и выпечки · Закупки в Китае · Подготовка продуктов,"Оборудование для теста и выпечки · Закупки в Китае · Подготовка продуктов Закупки в Китае · Подготовка продуктов Закупайте в Китае тестомесы, миксеры, раскаточные машины и хлеборезки. Сравнивайте назначение, двигатель, защиту, блокировки, скорости, валки и ножи. Планетарный миксер выполняет другую функцию, чем тестомес. Объём чаши не равен загрузке муки: H20 имеет 20 л и максимум 8 кг муки; проверьте рецептуру, массу партии и гидратацию. YH-GT300 не включает нож для лапши; стандартный плоский нож 1,5–6 мм стоит CNY 150 до налогов, остальные оцениваются отдельно. Фото показывают семейства моделей; комплектацию подтвердите в заказе.",
/fr/sourcing/food-processing-machinery-from-china/dough-and-bakery-machinery/,fr,product,pass,Machines pour pâtes et boulangerie · Approvisionnement en Chine · Préparation alimentaire | DDNZ Global,Machines pour pâtes et boulangerie · Approvisionnement en Chine · Préparation alimentaire,"Machines pour pâtes et boulangerie · Approvisionnement en Chine · Préparation alimentaire Approvisionnement en Chine · Préparation alimentaire Achetez en Chine des pétrins, batteurs, laminoirs et trancheuses à pain. Comparez fonctions, moteurs, protections, verrouillages, vitesses et rouleaux ou coupeurs. Le batteur planétaire remplit une fonction différente du pétrin. Volume de cuve et capacité de farine diffèrent : H20 possède 20 L et accepte au maximum 8 kg de farine ; validez recette, lot et hydratation. YH-GT300 exclut le coupeur ; le plat standard 1,5–6 mm coûte CNY 150 hors taxes, les autres sont chiffrés à part. Les images représentent des familles de modèles ; confirmez la configuration commandée.",
/pt/sourcing/food-processing-machinery-from-china/dough-and-bakery-machinery/,pt,product,pass,Máquinas para massas e panificação · Sourcing na China · Preparação de alimentos | DDNZ Global,Máquinas para massas e panificação · Sourcing na China · Preparação de alimentos,"Máquinas para massas e panificação · Sourcing na China · Preparação de alimentos Sourcing na China · Preparação de alimentos Compre máquinas para massas e panificação da China. Compare amassadeiras, batedeiras, cilindros e fatiadoras conforme a etapa, motor, proteção, intertravamento, velocidades e rolos ou cortadores. A batedeira planetária exerce uma função diferente da amassadeira. Volume da cuba não equivale à capacidade de farinha: H20 tem cuba de 20 L e máximo de 8 kg de farinha; valide receita, lote e hidratação. YH-GT300 não inclui cortador; o plano padrão de 1,5–6 mm custa CNY 150 antes de impostos, e outros são cotados à parte. Imagens representam famílias de modelos; confirme a configuração do pedido.",
/tr/sourcing/food-processing-machinery-from-china/dough-and-bakery-machinery/,tr,product,pass,Hamur ve fırıncılık makineleri · Çin’den tedarik · Gıda hazırlığı | DDNZ Global,Hamur ve fırıncılık makineleri · Çin’den tedarik · Gıda hazırlığı,"Hamur ve fırıncılık makineleri · Çin’den tedarik · Gıda hazırlığı Çin’den tedarik · Gıda hazırlığı Çin’den hamur ve fırıncılık makineleri satın alın. Yoğurucu, mikser, hamur açıcı ve dilimleyicileri işlev, motor, koruma, emniyet kilidi, hız ve merdane ya da kesiciye göre karşılaştırın. Planet mikser yoğurucudan farklı işlev görür. Kazan hacmi un kapasitesi değildir: H20, 20 L kazan ve en fazla 8 kg un kapasitesiyle listelenir; reçete, parti ve hidrasyonu test edin. YH-GT300 kesici içermez; standart 1,5–6 mm düz kesici vergi öncesi CNY 150, diğerleri ayrı teklif edilir. Görseller model ailelerini gösterir; sipariş yapılandırmasını doğrulayın.",
/sourcing/food-processing-machinery-from-china/meat-processing-machinery/,en,product,pass,Meat processing machinery from China | DDNZ Global,Meat processing machinery,"Meat processing machinery CHINA SOURCING / FOOD PREPARATION Source meat processing machinery from China for your equipment range or food business. Compare dedicated meat slicers, grinders, paste mixers and meatball formers. Each stage has different material, blade and batch requirements. Equipment for your next preparation step. Supplier catalogue imagery · configuration confirmed per model",
/zh-cn/sourcing/food-processing-machinery-from-china/meat-processing-machinery/,zh-cn,product,pass,肉类加工机械 · 中国采购 · 食品加工 | DDNZ Global,肉类加工机械 · 中国采购 · 食品加工,"肉类加工机械 · 中国采购 · 食品加工 中国采购 · 食品加工 从中国采购切肉、绞肉、打浆及肉丸成型设备。说明鲜肉、冷藏肉或冻肉及是否带骨；普通切肉机不默认适用冻块。按成品选择刀距、孔板、附件与备件，并匹配配方和各工序批量。组合价格不代表整线产能。JR-GG22 为全钢绞肉部件，批发价 CNY 1,120，与 JR-G22 不同。肉丸组合不含蒸煮、冷却、储存及包装设备。 图片展示型号系列，具体配置以确认订单为准。",
/es/sourcing/food-processing-machinery-from-china/meat-processing-machinery/,es,product,pass,Maquinaria para procesar carne · Sourcing en China · Preparación de alimentos | DDNZ Global,Maquinaria para procesar carne · Sourcing en China · Preparación de alimentos,"Maquinaria para procesar carne · Sourcing en China · Preparación de alimentos Sourcing en China · Preparación de alimentos Compre cortadoras, picadoras, mezcladoras de pasta y formadoras de China. Indique carne fresca, refrigerada o congelada y presencia de huesos; no dé por hecho que una cortadora común procesa bloques congelados. Elija separación, discos, accesorios y repuestos. Ajuste lotes y recetas: el precio del conjunto no establece rendimiento de línea. JR-GG22 lleva piezas de picado de acero a CNY 1.120 y difiere de JR-G22. El conjunto de albóndigas no incluye cocción, enfriamiento, almacenamiento ni envasado. Las imágenes representan familias de modelos; confirme la configuración del pedido.",
/ar/sourcing/food-processing-machinery-from-china/meat-processing-machinery/,ar,product,pass,آلات تجهيز اللحوم · توريد من الصين · تجهيز الأغذية | DDNZ Global,آلات تجهيز اللحوم · توريد من الصين · تجهيز الأغذية,"آلات تجهيز اللحوم · توريد من الصين · تجهيز الأغذية توريد من الصين · تجهيز الأغذية اشترِ من الصين قطاعات ومفارم وخلاطات معجون وآلات تشكيل. حدد اللحم الطازج أو المبرد أو المجمد ووجود العظام؛ لا تفترض أن القطاعة العادية تعالج الكتل المجمدة. اختر تباعد الشفرات وأقراص الفرم والملحقات والقطع البديلة. وازن الوصفة والدفعات؛ سعر المجموعة لا يحدد إنتاجية الخط. JR-GG22 بأجزاء فرم فولاذية بسعر CNY 1,120 وتختلف عن JR-G22. مجموعة كرات اللحم لا تشمل الطهي أو التبريد أو التخزين أو التعبئة. الصور تمثل عائلات الموديلات؛ أكد تجهيزات الطلب.",
/ru/sourcing/food-processing-machinery-from-china/meat-processing-machinery/,ru,product,pass,Оборудование для переработки мяса · Закупки в Китае · Подготовка продуктов | DDNZ Global,Оборудование для переработки мяса · Закупки в Китае · Подготовка продуктов,"Оборудование для переработки мяса · Закупки в Китае · Подготовка продуктов Закупки в Китае · Подготовка продуктов Закупайте в Китае мясорезки, мясорубки, смесители массы и формовщики. Укажите свежее, охлаждённое или замороженное мясо и наличие костей; обычная мясорезка не подразумевает обработку замороженных блоков. Выберите шаг ножей, решётки, насадки и запасные детали. Согласуйте рецептуры и партии: цена комплекта не устанавливает производительность линии. JR-GG22 со стальными деталями стоит CNY 1 120 и отличается от JR-G22. Комплект для мясных шариков не включает варку, охлаждение, хранение и упаковку. Фото показывают семейства моделей; комплектацию подтвердите в заказе.",
/fr/sourcing/food-processing-machinery-from-china/meat-processing-machinery/,fr,product,pass,Machines de préparation de viande · Approvisionnement en Chine · Préparation alimentaire | DDNZ Global,Machines de préparation de viande · Approvisionnement en Chine · Préparation alimentaire,"Machines de préparation de viande · Approvisionnement en Chine · Préparation alimentaire Approvisionnement en Chine · Préparation alimentaire Achetez en Chine trancheuses, hachoirs, mélangeurs de pâte et formeuses. Précisez viande fraîche, réfrigérée ou congelée et présence d’os ; ne présumez pas qu’une trancheuse ordinaire traite des blocs congelés. Choisissez écartements, grilles, accessoires et rechanges. Équilibrez recettes et lots : le prix de l’ensemble ne définit pas le débit de ligne. JR-GG22 possède des éléments de hachage acier à CNY 1 120 et diffère de JR-G22. L’ensemble boulettes exclut cuisson, refroidissement, stockage et emballage. Les images représentent des familles de modèles ; confirmez la configuration commandée.",
/pt/sourcing/food-processing-machinery-from-china/meat-processing-machinery/,pt,product,pass,Máquinas para processamento de carnes · Sourcing na China · Preparação de alimentos | DDNZ Global,Máquinas para processamento de carnes · Sourcing na China · Preparação de alimentos,"Máquinas para processamento de carnes · Sourcing na China · Preparação de alimentos Sourcing na China · Preparação de alimentos Compre fatiadoras, moedores, misturadores de pasta e formadoras da China. Informe carne fresca, refrigerada ou congelada e presença de ossos; não presuma que a fatiadora comum processa blocos congelados. Escolha espaçamento, discos, acessórios e peças sobressalentes. Equilibre lotes e receitas; o preço da combinação não define a capacidade da linha. JR-GG22 tem peças de moagem em aço e preço de CNY 1.120; difere de JR-G22. A combinação para almôndegas não inclui cocção, resfriamento, armazenamento ou embalagem. Imagens representam famílias de modelos; confirme a configuração do pedido.",
/tr/sourcing/food-processing-machinery-from-china/meat-processing-machinery/,tr,product,pass,Et işleme makineleri · Çin’den tedarik · Gıda hazırlığı | DDNZ Global,Et işleme makineleri · Çin’den tedarik · Gıda hazırlığı,"Et işleme makineleri · Çin’den tedarik · Gıda hazırlığı Çin’den tedarik · Gıda hazırlığı Çin’den et dilimleyici, kıyma makinesi, et hamuru mikseri ve şekillendirici tedarik edin. Taze, soğutulmuş veya donmuş et ve kemik durumunu belirtin; sıradan dilimleyicinin donmuş blok işlediğini varsaymayın. Bıçak aralığı, ayna, aksesuar ve yedekleri seçin. Reçete ve partileri dengeleyin; paket fiyatı hat kapasitesini belirlemez. JR-GG22 çelik kıyma parçalarıyla CNY 1.120 olup JR-G22’den farklıdır. Köfte paketi pişirme, soğutma, depolama veya ambalajlama içermez. Görseller model ailelerini gösterir; sipariş yapılandırmasını doğrulayın.",
/sourcing/food-processing-machinery-from-china/vegetable-processing-machinery/,en,product,pass,Vegetable processing machinery from China | DDNZ Global,Vegetable processing machinery,"Vegetable processing machinery CHINA SOURCING / FOOD PREPARATION Source vegetable processing machinery from China for your equipment range or food business. Match peeling, slicing, shredding and chopping to the ingredient and the finished cut. Compare the selected copper-motor slicer with dedicated peeling and chopping machines. Equipment for your next preparation step. Supplier catalogue imagery · configuration confirmed per model",
/zh-cn/sourcing/food-processing-machinery-from-china/vegetable-processing-machinery/,zh-cn,product,pass,蔬菜加工机械 · 中国采购 · 食品加工 | DDNZ Global,蔬菜加工机械 · 中国采购 · 食品加工,蔬菜加工机械 · 中国采购 · 食品加工 中国采购 · 食品加工 从中国采购去皮、切片、切丝及切碎设备。说明根茎或叶菜、原料尺寸与成品切形，提供样品或尺寸，并确认报价内的刀组。DQ-PS300 所列为单向刀配置，不代表包含全套刀具。规划进水、排水、清洗与人工转运。三机组合是独立设备，并非自动生产线；清洗与布局需另行设计。 图片展示型号系列，具体配置以确认订单为准。,
/es/sourcing/food-processing-machinery-from-china/vegetable-processing-machinery/,es,product,pass,Maquinaria para preparar verduras · Sourcing en China · Preparación de alimentos | DDNZ Global,Maquinaria para preparar verduras · Sourcing en China · Preparación de alimentos,"Maquinaria para preparar verduras · Sourcing en China · Preparación de alimentos Sourcing en China · Preparación de alimentos Compre peladoras, cortadoras y picadoras de China. Indique raíces u hojas, tamaño inicial y corte final; aporte muestra o medidas y confirme cuchillas incluidas. DQ-PS300 figura con cuchilla unidireccional, sin acreditar un juego completo. Planifique agua, desagüe, limpieza y transferencias manuales. Las tres máquinas no constituyen una línea automática; lavado y distribución requieren diseño separado. Las imágenes representan familias de modelos; confirme la configuración del pedido.",
/ar/sourcing/food-processing-machinery-from-china/vegetable-processing-machinery/,ar,product,pass,آلات تجهيز الخضروات · توريد من الصين · تجهيز الأغذية | DDNZ Global,آلات تجهيز الخضروات · توريد من الصين · تجهيز الأغذية,آلات تجهيز الخضروات · توريد من الصين · تجهيز الأغذية توريد من الصين · تجهيز الأغذية اشترِ من الصين آلات التقشير والتقطيع إلى شرائح وشرائط والفرم. حدد الجذور أو الأوراق وأبعاد المدخلات والقطع النهائي؛ أرسل عينة أو قياسات وأكد الشفرات المشمولة. DQ-PS300 مدرجة بشفرة أحادية الاتجاه، وليس مجموعة شفرات كاملة مؤكدة. خطط للماء والصرف والتنظيف والنقل اليدوي. الآلات الثلاث ليست خطاً آلياً؛ الغسل وتوزيع مساحة العمل يحتاجان تخطيطاً منفصلاً. الصور تمثل عائلات الموديلات؛ أكد تجهيزات الطلب.,
/ru/sourcing/food-processing-machinery-from-china/vegetable-processing-machinery/,ru,product,pass,Оборудование для подготовки овощей · Закупки в Китае · Подготовка продуктов | DDNZ Global,Оборудование для подготовки овощей · Закупки в Китае · Подготовка продуктов,"Оборудование для подготовки овощей · Закупки в Китае · Подготовка продуктов Закупки в Китае · Подготовка продуктов Закупайте в Китае очистители, овощерезки и измельчители. Укажите корнеплоды или листовые овощи, исходный размер и готовую нарезку; приложите образец или размеры и подтвердите включённые ножи. DQ-PS300 указан с однонаправленным ножом, что не означает полный набор. Спланируйте воду, слив, очистку и ручные перемещения. Три отдельные машины не являются автоматической линией; мойка и расстановка планируются отдельно. Фото показывают семейства моделей; комплектацию подтвердите в заказе.",
/fr/sourcing/food-processing-machinery-from-china/vegetable-processing-machinery/,fr,product,pass,Machines de préparation de légumes · Approvisionnement en Chine · Préparation alimentaire | DDNZ Global,Machines de préparation de légumes · Approvisionnement en Chine · Préparation alimentaire,"Machines de préparation de légumes · Approvisionnement en Chine · Préparation alimentaire Approvisionnement en Chine · Préparation alimentaire Achetez en Chine éplucheuses, trancheuses, coupe-légumes et hachoirs. Précisez racines ou feuilles, dimensions d’entrée et coupe finale ; fournissez échantillon ou mesures et confirmez les lames incluses. DQ-PS300 est indiqué avec une lame unidirectionnelle, sans garantie d’un jeu complet. Prévoyez eau, évacuation, nettoyage et transferts manuels. Les trois machines ne forment pas une ligne automatique ; lavage et implantation se planifient séparément. Les images représentent des familles de modèles ; confirmez la configuration commandée.",
/pt/sourcing/food-processing-machinery-from-china/vegetable-processing-machinery/,pt,product,pass,Máquinas para preparação de vegetais · Sourcing na China · Preparação de alimentos | DDNZ Global,Máquinas para preparação de vegetais · Sourcing na China · Preparação de alimentos,"Máquinas para preparação de vegetais · Sourcing na China · Preparação de alimentos Sourcing na China · Preparação de alimentos Compre descascadoras, fatiadoras, cortadoras e picadores da China. Informe raízes ou folhas, tamanho de entrada e corte final; envie amostra ou medidas e confirme as lâminas incluídas. DQ-PS300 é listado com lâmina unidirecional, sem comprovação de um conjunto completo de lâminas. Planeje água, drenagem, limpeza e transferências manuais. A combinação de três máquinas não é uma linha automática; lavagem e disposição precisam de planejamento próprio. Imagens representam famílias de modelos; confirme a configuração do pedido.",
/tr/sourcing/food-processing-machinery-from-china/vegetable-processing-machinery/,tr,product,pass,Sebze hazırlama makineleri · Çin’den tedarik · Gıda hazırlığı | DDNZ Global,Sebze hazırlama makineleri · Çin’den tedarik · Gıda hazırlığı,"Sebze hazırlama makineleri · Çin’den tedarik · Gıda hazırlığı Çin’den tedarik · Gıda hazırlığı Çin’den soyma, dilimleme, şerit kesme ve doğrama makineleri satın alın. Kök veya yapraklı sebzeleri, giriş boyutunu ve son kesimi belirtin; numune veya ölçü verin ve dahil bıçakları doğrulayın. DQ-PS300 tek yönlü bıçakla listelenir; tam bıçak seti dahil olduğu varsayılamaz. Su, tahliye, temizlik ve elle aktarmayı planlayın. Üç makine otomatik hat değildir; yıkama ve yerleşim ayrıca tasarlanır. Görseller model ailelerini gösterir; sipariş yapılandırmasını doğrulayın.",
/sourcing/food-processing-machinery-from-china/bean-rice-and-juice-machinery/,en,product,pass,"Bean, rice & juice machinery from China | DDNZ Global","Bean, rice & juice machinery","Bean, rice & juice machinery CHINA SOURCING / FOOD PREPARATION Source bean, rice & juice machinery from China for your equipment range or food business. Compare pulp separation, wet rice grinding and sugarcane pressing as distinct preparation functions. Choose equipment around the ingredient and the next step in your process. Equipment for your next preparation step. Supplier catalogue imagery · configuration confirmed per model",
/zh-cn/sourcing/food-processing-machinery-from-china/bean-rice-and-juice-machinery/,zh-cn,product,pass,豆米与榨汁机械 · 中国采购 · 食品加工 | DDNZ Global,豆米与榨汁机械 · 中国采购 · 食品加工,豆米与榨汁机械 · 中国采购 · 食品加工 中国采购 · 食品加工 从中国采购浆渣分离、湿米磨浆及甘蔗榨汁设备。确认浸泡原料、细度、浆渣处理及后续工序；分离与湿磨不能互换。GZ-TC 为市电台式款，不含电池；GZ-TD 电池款、GZ-TS 双电源款单列。豆米组合仅含预处理设备，不含浸泡、蒸煮、过滤、灌装和储存。 图片展示型号系列，具体配置以确认订单为准。,
/es/sourcing/food-processing-machinery-from-china/bean-rice-and-juice-machinery/,es,product,pass,"Maquinaria para soja, arroz y jugos · Sourcing en China · Preparación de alimentos | DDNZ Global","Maquinaria para soja, arroz y jugos · Sourcing en China · Preparación de alimentos","Maquinaria para soja, arroz y jugos · Sourcing en China · Preparación de alimentos Sourcing en China · Preparación de alimentos Compre separadoras de pulpa, molinos de arroz húmedo y exprimidoras de caña de China. Especifique ingredientes remojados, finura, manejo de residuos y etapa siguiente. Separación y molienda húmeda no son intercambiables. GZ-TC funciona con red eléctrica y no incluye batería; GZ-TD es de batería y GZ-TS de doble alimentación. El conjunto de soja y arroz no incluye remojo, cocción, filtrado, llenado ni almacenamiento. Las imágenes representan familias de modelos; confirme la configuración del pedido.",
/ar/sourcing/food-processing-machinery-from-china/bean-rice-and-juice-machinery/,ar,product,pass,آلات الصويا والأرز والعصائر · توريد من الصين · تجهيز الأغذية | DDNZ Global,آلات الصويا والأرز والعصائر · توريد من الصين · تجهيز الأغذية,آلات الصويا والأرز والعصائر · توريد من الصين · تجهيز الأغذية توريد من الصين · تجهيز الأغذية اشترِ من الصين فواصل اللب ومطاحن الأرز الرطب وعصارات القصب. حدد المكونات المنقوعة والنعومة والتعامل مع البقايا والخطوة التالية. فصل اللب والطحن الرطب وظيفتان غير قابلتين للاستبدال. GZ-TC تعمل بالكهرباء العامة ولا تشمل بطارية؛ GZ-TD بالبطارية وGZ-TS مزدوجة الطاقة. مجموعة الصويا والأرز لا تشمل النقع أو الطهي أو الترشيح أو التعبئة أو التخزين. الصور تمثل عائلات الموديلات؛ أكد تجهيزات الطلب.,
/ru/sourcing/food-processing-machinery-from-china/bean-rice-and-juice-machinery/,ru,product,pass,"Оборудование для сои, риса и сока · Закупки в Китае · Подготовка продуктов | DDNZ Global","Оборудование для сои, риса и сока · Закупки в Китае · Подготовка продуктов","Оборудование для сои, риса и сока · Закупки в Китае · Подготовка продуктов Закупки в Китае · Подготовка продуктов Закупайте в Китае сепараторы мякоти, мельницы для влажного риса и прессы для тростника. Уточните замоченное сырьё, тонкость, обращение с остатками и следующий этап. Сепарация и влажный помол не взаимозаменяемы. GZ-TC питается от сети и не включает аккумулятор; GZ-TD аккумуляторная, GZ-TS с двойным питанием. Комплект соя-рис не включает замачивание, варку, фильтрацию, розлив и хранение. Фото показывают семейства моделей; комплектацию подтвердите в заказе.",
/fr/sourcing/food-processing-machinery-from-china/bean-rice-and-juice-machinery/,fr,product,pass,"Machines pour soja, riz et jus · Approvisionnement en Chine · Préparation alimentaire | DDNZ Global","Machines pour soja, riz et jus · Approvisionnement en Chine · Préparation alimentaire","Machines pour soja, riz et jus · Approvisionnement en Chine · Préparation alimentaire Approvisionnement en Chine · Préparation alimentaire Achetez en Chine séparateurs de pulpe, broyeurs de riz humide et presses à canne. Précisez ingrédients trempés, finesse, gestion des résidus et étape suivante. Séparation et broyage humide ne sont pas interchangeables. GZ-TC fonctionne sur secteur sans batterie ; GZ-TD est sur batterie et GZ-TS à double alimentation. L’ensemble soja-riz exclut trempage, cuisson, filtration, remplissage et stockage. Les images représentent des familles de modèles ; confirmez la configuration commandée.",
/pt/sourcing/food-processing-machinery-from-china/bean-rice-and-juice-machinery/,pt,product,pass,"Máquinas para soja, arroz e sucos · Sourcing na China · Preparação de alimentos | DDNZ Global","Máquinas para soja, arroz e sucos · Sourcing na China · Preparação de alimentos","Máquinas para soja, arroz e sucos · Sourcing na China · Preparação de alimentos Sourcing na China · Preparação de alimentos Compre separadores de polpa, moinhos de arroz úmido e moendas de cana da China. Defina ingredientes demolhados, finura, descarte de resíduos e etapa seguinte. Separação e moagem úmida não são intercambiáveis. GZ-TC usa rede elétrica e não inclui bateria; GZ-TD é a bateria e GZ-TS tem alimentação dupla. A combinação de soja e arroz não inclui molho, cocção, filtragem, envase ou armazenamento. Imagens representam famílias de modelos; confirme a configuração do pedido.",
/tr/sourcing/food-processing-machinery-from-china/bean-rice-and-juice-machinery/,tr,product,pass,"Soya, pirinç ve meyve suyu makineleri · Çin’den tedarik · Gıda hazırlığı | DDNZ Global","Soya, pirinç ve meyve suyu makineleri · Çin’den tedarik · Gıda hazırlığı","Soya, pirinç ve meyve suyu makineleri · Çin’den tedarik · Gıda hazırlığı Çin’den tedarik · Gıda hazırlığı Çin’den posa ayırıcı, ıslak pirinç öğütücü ve şeker kamışı sıkacağı tedarik edin. Islatılmış malzemeyi, inceliği, posa yönetimini ve sonraki adımı tanımlayın. Ayırma ve ıslak öğütme birbirinin yerine geçmez. GZ-TC şebekeden çalışır, batarya içermez; GZ-TD bataryalı, GZ-TS çift beslemelidir. Soya-pirinç paketi ıslatma, pişirme, süzme, dolum ve depolama içermez. Görseller model ailelerini gösterir; sipariş yapılandırmasını doğrulayın.",
/sourcing/food-processing-machinery-from-china/packages/noodles/,en,product,pass,Noodle & dough preparation equipment package from China | DDNZ Global,Noodle & dough preparation equipment package,"Noodle & dough preparation equipment package CHINA SOURCING / FOOD PREPARATION Buy a noodle & dough preparation equipment package from China, with models and quantities selected for your operation. Knead dough and roll sheets for fresh noodle preparation. Equipment for your next preparation step. Supplier catalogue imagery · configuration confirmed per model",
/zh-cn/sourcing/food-processing-machinery-from-china/packages/noodles/,zh-cn,product,pass,从中国采购面条与面团预处理设备组合 | DDNZ Global,从中国采购面条与面团预处理设备组合,从中国采购面条与面团预处理设备组合 中国采购 · 食品加工 和面、压面；切面刀另选。 按和面、烘焙、肉类、蔬菜及谷物加工需求选择设备。从中国采购单机或场景组合，逐项比较型号、批发价与包装费用。 图片展示型号系列，具体配置以确认订单为准。,
/es/sourcing/food-processing-machinery-from-china/packages/noodles/,es,product,pass,Compre un conjunto de Masas y fideos de China | DDNZ Global,Compre un conjunto de Masas y fideos de China,"Compre un conjunto de Masas y fideos de China Sourcing en China · Preparación de alimentos Amasado y laminado; cortador opcional. Seleccione maquinaria de China para masas, panadería, carnes, verduras y granos. Compare modelos y precios mayoristas o forme un conjunto, con el embalaje calculado por separado. Las imágenes representan familias de modelos; confirme la configuración del pedido.",
/ar/sourcing/food-processing-machinery-from-china/packages/noodles/,ar,product,pass,شراء مجموعة تحضير العجين والمعكرونة من الصين | DDNZ Global,شراء مجموعة تحضير العجين والمعكرونة من الصين,شراء مجموعة تحضير العجين والمعكرونة من الصين توريد من الصين · تجهيز الأغذية عجن وفرد؛ قاطع المعكرونة اختياري. اختر آلات من الصين للعجين والمخبوزات واللحوم والخضروات والحبوب. قارن الموديلات وأسعار الجملة منفردة أو ضمن مجموعة، مع احتساب التغليف بشكل منفصل. الصور تمثل عائلات الموديلات؛ أكد تجهيزات الطلب.,
/ru/sourcing/food-processing-machinery-from-china/packages/noodles/,ru,product,pass,Купить комплект «Тесто и лапша» из Китая | DDNZ Global,Купить комплект «Тесто и лапша» из Китая,"Купить комплект «Тесто и лапша» из Китая Закупки в Китае · Подготовка продуктов Замес и раскатка; лапшерезка приобретается отдельно. Подберите оборудование из Китая для теста, выпечки, мяса, овощей и зерновых. Сравните модели и оптовые цены отдельно или в составе комплекта; упаковка рассчитывается отдельно. Фото показывают семейства моделей; комплектацию подтвердите в заказе.",
/fr/sourcing/food-processing-machinery-from-china/packages/noodles/,fr,product,pass,Achetez un ensemble « Pâtes et nouilles » en Chine | DDNZ Global,Achetez un ensemble « Pâtes et nouilles » en Chine,"Achetez un ensemble « Pâtes et nouilles » en Chine Approvisionnement en Chine · Préparation alimentaire Pétrissage et laminage ; coupe-nouilles en option. Sélectionnez des machines en Chine pour les pâtes, la boulangerie, la viande, les légumes et les céréales. Comparez modèles et prix de gros, seuls ou en ensembles, avec emballage chiffré séparément. Les images représentent des familles de modèles ; confirmez la configuration commandée.",
/pt/sourcing/food-processing-machinery-from-china/packages/noodles/,pt,product,pass,Compre uma combinação de Massas e macarrão da China | DDNZ Global,Compre uma combinação de Massas e macarrão da China,"Compre uma combinação de Massas e macarrão da China Sourcing na China · Preparação de alimentos Mistura e laminação; cortador de macarrão opcional. Selecione máquinas da China para massas, panificação, carnes, vegetais e grãos. Compare modelos e preços de atacado ou monte uma combinação, com embalagem calculada separadamente. Imagens representam famílias de modelos; confirme a configuração do pedido.",
/tr/sourcing/food-processing-machinery-from-china/packages/noodles/,tr,product,pass,Çin’den Hamur ve erişte hazırlığı ekipman paketi satın alın | DDNZ Global,Çin’den Hamur ve erişte hazırlığı ekipman paketi satın alın,"Çin’den Hamur ve erişte hazırlığı ekipman paketi satın alın Çin’den tedarik · Gıda hazırlığı Yoğurma ve açma; erişte kesici isteğe bağlı. Hamur, fırıncılık, et, sebze ve tahıl hazırlığı için Çin’den makine tedarik edin. Modelleri ve toptan fiyatları tek tek veya paket halinde karşılaştırın; ambalaj ayrı hesaplanır. Görseller model ailelerini gösterir; sipariş yapılandırmasını doğrulayın.",
/sourcing/food-processing-machinery-from-china/packages/bakery/,en,product,pass,Bakery preparation equipment package from China | DDNZ Global,Bakery preparation equipment package,"Bakery preparation equipment package CHINA SOURCING / FOOD PREPARATION Buy a bakery preparation equipment package from China, with models and quantities selected for your operation. Prepare bread dough and other mixtures, then slice baked loaves. Equipment for your next preparation step. Supplier catalogue imagery · configuration confirmed per model",
/zh-cn/sourcing/food-processing-machinery-from-china/packages/bakery/,zh-cn,product,pass,从中国采购烘焙备料设备组合 | DDNZ Global,从中国采购烘焙备料设备组合,从中国采购烘焙备料设备组合 中国采购 · 食品加工 和面、搅拌与熟面包切片；烤箱另配。 按和面、烘焙、肉类、蔬菜及谷物加工需求选择设备。从中国采购单机或场景组合，逐项比较型号、批发价与包装费用。 图片展示型号系列，具体配置以确认订单为准。,
/es/sourcing/food-processing-machinery-from-china/packages/bakery/,es,product,pass,Compre un conjunto de Preparación de panadería de China | DDNZ Global,Compre un conjunto de Preparación de panadería de China,"Compre un conjunto de Preparación de panadería de China Sourcing en China · Preparación de alimentos Mezclado y corte de pan horneado; horno aparte. Seleccione maquinaria de China para masas, panadería, carnes, verduras y granos. Compare modelos y precios mayoristas o forme un conjunto, con el embalaje calculado por separado. Las imágenes representan familias de modelos; confirme la configuración del pedido.",
/ar/sourcing/food-processing-machinery-from-china/packages/bakery/,ar,product,pass,شراء مجموعة تحضير المخبوزات من الصين | DDNZ Global,شراء مجموعة تحضير المخبوزات من الصين,شراء مجموعة تحضير المخبوزات من الصين توريد من الصين · تجهيز الأغذية خلط وتقطيع الخبز المخبوز؛ الفرن منفصل. اختر آلات من الصين للعجين والمخبوزات واللحوم والخضروات والحبوب. قارن الموديلات وأسعار الجملة منفردة أو ضمن مجموعة، مع احتساب التغليف بشكل منفصل. الصور تمثل عائلات الموديلات؛ أكد تجهيزات الطلب.,
/ru/sourcing/food-processing-machinery-from-china/packages/bakery/,ru,product,pass,Купить комплект «Подготовка для пекарни» из Китая | DDNZ Global,Купить комплект «Подготовка для пекарни» из Китая,"Купить комплект «Подготовка для пекарни» из Китая Закупки в Китае · Подготовка продуктов Смешивание и нарезка готового хлеба; печь отдельно. Подберите оборудование из Китая для теста, выпечки, мяса, овощей и зерновых. Сравните модели и оптовые цены отдельно или в составе комплекта; упаковка рассчитывается отдельно. Фото показывают семейства моделей; комплектацию подтвердите в заказе.",
/fr/sourcing/food-processing-machinery-from-china/packages/bakery/,fr,product,pass,Achetez un ensemble « Préparation de boulangerie » en Chine | DDNZ Global,Achetez un ensemble « Préparation de boulangerie » en Chine,"Achetez un ensemble « Préparation de boulangerie » en Chine Approvisionnement en Chine · Préparation alimentaire Mélange et tranchage du pain cuit ; four séparé. Sélectionnez des machines en Chine pour les pâtes, la boulangerie, la viande, les légumes et les céréales. Comparez modèles et prix de gros, seuls ou en ensembles, avec emballage chiffré séparément. Les images représentent des familles de modèles ; confirmez la configuration commandée.",
/pt/sourcing/food-processing-machinery-from-china/packages/bakery/,pt,product,pass,Compre uma combinação de Preparação para panificação da China | DDNZ Global,Compre uma combinação de Preparação para panificação da China,"Compre uma combinação de Preparação para panificação da China Sourcing na China · Preparação de alimentos Mistura e corte de pão assado; forno à parte. Selecione máquinas da China para massas, panificação, carnes, vegetais e grãos. Compare modelos e preços de atacado ou monte uma combinação, com embalagem calculada separadamente. Imagens representam famílias de modelos; confirme a configuração do pedido.",
/tr/sourcing/food-processing-machinery-from-china/packages/bakery/,tr,product,pass,Çin’den Fırıncılık hazırlığı ekipman paketi satın alın | DDNZ Global,Çin’den Fırıncılık hazırlığı ekipman paketi satın alın,"Çin’den Fırıncılık hazırlığı ekipman paketi satın alın Çin’den tedarik · Gıda hazırlığı Karıştırma ve pişmiş ekmek dilimleme; fırın ayrı. Hamur, fırıncılık, et, sebze ve tahıl hazırlığı için Çin’den makine tedarik edin. Modelleri ve toptan fiyatları tek tek veya paket halinde karşılaştırın; ambalaj ayrı hesaplanır. Görseller model ailelerini gösterir; sipariş yapılandırmasını doğrulayın.",
/sourcing/food-processing-machinery-from-china/packages/meat-prep/,en,product,pass,Butcher & kitchen preparation equipment package from China | DDNZ Global,Butcher & kitchen preparation equipment package,"Butcher & kitchen preparation equipment package CHINA SOURCING / FOOD PREPARATION Buy a butcher & kitchen preparation equipment package from China, with models and quantities selected for your operation. Cover slicing and mincing with two dedicated tabletop machines. Equipment for your next preparation step. Supplier catalogue imagery · configuration confirmed per model",
/zh-cn/sourcing/food-processing-machinery-from-china/packages/meat-prep/,zh-cn,product,pass,从中国采购肉店与厨房备料设备组合 | DDNZ Global,从中国采购肉店与厨房备料设备组合,从中国采购肉店与厨房备料设备组合 中国采购 · 食品加工 切肉与绞肉；冷藏与锯骨另配。 按和面、烘焙、肉类、蔬菜及谷物加工需求选择设备。从中国采购单机或场景组合，逐项比较型号、批发价与包装费用。 图片展示型号系列，具体配置以确认订单为准。,
/es/sourcing/food-processing-machinery-from-china/packages/meat-prep/,es,product,pass,Compre un conjunto de Preparación de carne de China | DDNZ Global,Compre un conjunto de Preparación de carne de China,"Compre un conjunto de Preparación de carne de China Sourcing en China · Preparación de alimentos Corte y picado; frío y sierra aparte. Seleccione maquinaria de China para masas, panadería, carnes, verduras y granos. Compare modelos y precios mayoristas o forme un conjunto, con el embalaje calculado por separado. Las imágenes representan familias de modelos; confirme la configuración del pedido.",
/ar/sourcing/food-processing-machinery-from-china/packages/meat-prep/,ar,product,pass,شراء مجموعة تحضير اللحوم من الصين | DDNZ Global,شراء مجموعة تحضير اللحوم من الصين,شراء مجموعة تحضير اللحوم من الصين توريد من الصين · تجهيز الأغذية تقطيع وفرم؛ التبريد والمنشار منفصلان. اختر آلات من الصين للعجين والمخبوزات واللحوم والخضروات والحبوب. قارن الموديلات وأسعار الجملة منفردة أو ضمن مجموعة، مع احتساب التغليف بشكل منفصل. الصور تمثل عائلات الموديلات؛ أكد تجهيزات الطلب.,
/ru/sourcing/food-processing-machinery-from-china/packages/meat-prep/,ru,product,pass,Купить комплект «Подготовка мяса» из Китая | DDNZ Global,Купить комплект «Подготовка мяса» из Китая,"Купить комплект «Подготовка мяса» из Китая Закупки в Китае · Подготовка продуктов Нарезка и измельчение; холод и пила отдельно. Подберите оборудование из Китая для теста, выпечки, мяса, овощей и зерновых. Сравните модели и оптовые цены отдельно или в составе комплекта; упаковка рассчитывается отдельно. Фото показывают семейства моделей; комплектацию подтвердите в заказе.",
/fr/sourcing/food-processing-machinery-from-china/packages/meat-prep/,fr,product,pass,Achetez un ensemble « Préparation de viande » en Chine | DDNZ Global,Achetez un ensemble « Préparation de viande » en Chine,"Achetez un ensemble « Préparation de viande » en Chine Approvisionnement en Chine · Préparation alimentaire Tranchage et hachage ; froid et scie séparés. Sélectionnez des machines en Chine pour les pâtes, la boulangerie, la viande, les légumes et les céréales. Comparez modèles et prix de gros, seuls ou en ensembles, avec emballage chiffré séparément. Les images représentent des familles de modèles ; confirmez la configuration commandée.",
/pt/sourcing/food-processing-machinery-from-china/packages/meat-prep/,pt,product,pass,Compre uma combinação de Preparação de carnes da China | DDNZ Global,Compre uma combinação de Preparação de carnes da China,"Compre uma combinação de Preparação de carnes da China Sourcing na China · Preparação de alimentos Fatiamento e moagem; refrigeração e serra à parte. Selecione máquinas da China para massas, panificação, carnes, vegetais e grãos. Compare modelos e preços de atacado ou monte uma combinação, com embalagem calculada separadamente. Imagens representam famílias de modelos; confirme a configuração do pedido.",
/tr/sourcing/food-processing-machinery-from-china/packages/meat-prep/,tr,product,pass,Çin’den Et hazırlığı ekipman paketi satın alın | DDNZ Global,Çin’den Et hazırlığı ekipman paketi satın alın,"Çin’den Et hazırlığı ekipman paketi satın alın Çin’den tedarik · Gıda hazırlığı Dilimleme ve kıyma; soğutma ve testere ayrı. Hamur, fırıncılık, et, sebze ve tahıl hazırlığı için Çin’den makine tedarik edin. Modelleri ve toptan fiyatları tek tek veya paket halinde karşılaştırın; ambalaj ayrı hesaplanır. Görseller model ailelerini gösterir; sipariş yapılandırmasını doğrulayın.",
/sourcing/food-processing-machinery-from-china/packages/meatballs/,en,product,pass,Meatball preparation equipment package from China | DDNZ Global,Meatball preparation equipment package,"Meatball preparation equipment package CHINA SOURCING / FOOD PREPARATION Buy a meatball preparation equipment package from China, with models and quantities selected for your operation. Grind ingredients, prepare paste and form meatballs. Equipment for your next preparation step. Supplier catalogue imagery · configuration confirmed per model",
/zh-cn/sourcing/food-processing-machinery-from-china/packages/meatballs/,zh-cn,product,pass,从中国采购肉丸制作设备组合 | DDNZ Global,从中国采购肉丸制作设备组合,从中国采购肉丸制作设备组合 中国采购 · 食品加工 绞肉、打浆与成型；煮制和冷却另配。 按和面、烘焙、肉类、蔬菜及谷物加工需求选择设备。从中国采购单机或场景组合，逐项比较型号、批发价与包装费用。 图片展示型号系列，具体配置以确认订单为准。,
/es/sourcing/food-processing-machinery-from-china/packages/meatballs/,es,product,pass,Compre un conjunto de Preparación de albóndigas de China | DDNZ Global,Compre un conjunto de Preparación de albóndigas de China,"Compre un conjunto de Preparación de albóndigas de China Sourcing en China · Preparación de alimentos Picado, mezcla y formado; cocción y frío aparte. Seleccione maquinaria de China para masas, panadería, carnes, verduras y granos. Compare modelos y precios mayoristas o forme un conjunto, con el embalaje calculado por separado. Las imágenes representan familias de modelos; confirme la configuración del pedido.",
/ar/sourcing/food-processing-machinery-from-china/packages/meatballs/,ar,product,pass,شراء مجموعة تحضير كرات اللحم من الصين | DDNZ Global,شراء مجموعة تحضير كرات اللحم من الصين,شراء مجموعة تحضير كرات اللحم من الصين توريد من الصين · تجهيز الأغذية فرم وخلط وتشكيل؛ الطهي والتبريد منفصلان. اختر آلات من الصين للعجين والمخبوزات واللحوم والخضروات والحبوب. قارن الموديلات وأسعار الجملة منفردة أو ضمن مجموعة، مع احتساب التغليف بشكل منفصل. الصور تمثل عائلات الموديلات؛ أكد تجهيزات الطلب.,
/ru/sourcing/food-processing-machinery-from-china/packages/meatballs/,ru,product,pass,Купить комплект «Производство фрикаделек» из Китая | DDNZ Global,Купить комплект «Производство фрикаделек» из Китая,"Купить комплект «Производство фрикаделек» из Китая Закупки в Китае · Подготовка продуктов Измельчение, смешивание и формование; варка и охлаждение отдельно. Подберите оборудование из Китая для теста, выпечки, мяса, овощей и зерновых. Сравните модели и оптовые цены отдельно или в составе комплекта; упаковка рассчитывается отдельно. Фото показывают семейства моделей; комплектацию подтвердите в заказе.",
/fr/sourcing/food-processing-machinery-from-china/packages/meatballs/,fr,product,pass,Achetez un ensemble « Préparation de boulettes » en Chine | DDNZ Global,Achetez un ensemble « Préparation de boulettes » en Chine,"Achetez un ensemble « Préparation de boulettes » en Chine Approvisionnement en Chine · Préparation alimentaire Hachage, mélange et formage ; cuisson et refroidissement séparés. Sélectionnez des machines en Chine pour les pâtes, la boulangerie, la viande, les légumes et les céréales. Comparez modèles et prix de gros, seuls ou en ensembles, avec emballage chiffré séparément. Les images représentent des familles de modèles ; confirmez la configuration commandée.",
/pt/sourcing/food-processing-machinery-from-china/packages/meatballs/,pt,product,pass,Compre uma combinação de Produção de almôndegas da China | DDNZ Global,Compre uma combinação de Produção de almôndegas da China,"Compre uma combinação de Produção de almôndegas da China Sourcing na China · Preparação de alimentos Moagem, mistura e formação; cocção e resfriamento à parte. Selecione máquinas da China para massas, panificação, carnes, vegetais e grãos. Compare modelos e preços de atacado ou monte uma combinação, com embalagem calculada separadamente. Imagens representam famílias de modelos; confirme a configuração do pedido.",
/tr/sourcing/food-processing-machinery-from-china/packages/meatballs/,tr,product,pass,Çin’den Köfte hazırlığı ekipman paketi satın alın | DDNZ Global,Çin’den Köfte hazırlığı ekipman paketi satın alın,"Çin’den Köfte hazırlığı ekipman paketi satın alın Çin’den tedarik · Gıda hazırlığı Kıyma, karıştırma ve şekillendirme; pişirme ve soğutma ayrı. Hamur, fırıncılık, et, sebze ve tahıl hazırlığı için Çin’den makine tedarik edin. Modelleri ve toptan fiyatları tek tek veya paket halinde karşılaştırın; ambalaj ayrı hesaplanır. Görseller model ailelerini gösterir; sipariş yapılandırmasını doğrulayın.",
/sourcing/food-processing-machinery-from-china/packages/vegetables/,en,product,pass,Vegetable preparation equipment package from China | DDNZ Global,Vegetable preparation equipment package,"Vegetable preparation equipment package CHINA SOURCING / FOOD PREPARATION Buy a vegetable preparation equipment package from China, with models and quantities selected for your operation. Prepare roots and other ingredients with separate cutting options. Equipment for your next preparation step. Supplier catalogue imagery · configuration confirmed per model",
/zh-cn/sourcing/food-processing-machinery-from-china/packages/vegetables/,zh-cn,product,pass,从中国采购蔬菜预处理设备组合 | DDNZ Global,从中国采购蔬菜预处理设备组合,从中国采购蔬菜预处理设备组合 中国采购 · 食品加工 去皮、切片切丝与切碎；须选择合适刀具。 按和面、烘焙、肉类、蔬菜及谷物加工需求选择设备。从中国采购单机或场景组合，逐项比较型号、批发价与包装费用。 图片展示型号系列，具体配置以确认订单为准。,
/es/sourcing/food-processing-machinery-from-china/packages/vegetables/,es,product,pass,Compre un conjunto de Preparación de verduras de China | DDNZ Global,Compre un conjunto de Preparación de verduras de China,"Compre un conjunto de Preparación de verduras de China Sourcing en China · Preparación de alimentos Pelado y corte; seleccione las cuchillas. Seleccione maquinaria de China para masas, panadería, carnes, verduras y granos. Compare modelos y precios mayoristas o forme un conjunto, con el embalaje calculado por separado. Las imágenes representan familias de modelos; confirme la configuración del pedido.",
/ar/sourcing/food-processing-machinery-from-china/packages/vegetables/,ar,product,pass,شراء مجموعة تحضير الخضروات من الصين | DDNZ Global,شراء مجموعة تحضير الخضروات من الصين,شراء مجموعة تحضير الخضروات من الصين توريد من الصين · تجهيز الأغذية تقشير وتقطيع؛ اختر الشفرات المناسبة. اختر آلات من الصين للعجين والمخبوزات واللحوم والخضروات والحبوب. قارن الموديلات وأسعار الجملة منفردة أو ضمن مجموعة، مع احتساب التغليف بشكل منفصل. الصور تمثل عائلات الموديلات؛ أكد تجهيزات الطلب.,
/ru/sourcing/food-processing-machinery-from-china/packages/vegetables/,ru,product,pass,Купить комплект «Подготовка овощей» из Китая | DDNZ Global,Купить комплект «Подготовка овощей» из Китая,"Купить комплект «Подготовка овощей» из Китая Закупки в Китае · Подготовка продуктов Очистка и нарезка; подберите нужные ножи. Подберите оборудование из Китая для теста, выпечки, мяса, овощей и зерновых. Сравните модели и оптовые цены отдельно или в составе комплекта; упаковка рассчитывается отдельно. Фото показывают семейства моделей; комплектацию подтвердите в заказе.",
/fr/sourcing/food-processing-machinery-from-china/packages/vegetables/,fr,product,pass,Achetez un ensemble « Préparation de légumes » en Chine | DDNZ Global,Achetez un ensemble « Préparation de légumes » en Chine,"Achetez un ensemble « Préparation de légumes » en Chine Approvisionnement en Chine · Préparation alimentaire Épluchage et découpe ; choisir les lames. Sélectionnez des machines en Chine pour les pâtes, la boulangerie, la viande, les légumes et les céréales. Comparez modèles et prix de gros, seuls ou en ensembles, avec emballage chiffré séparément. Les images représentent des familles de modèles ; confirmez la configuration commandée.",
/pt/sourcing/food-processing-machinery-from-china/packages/vegetables/,pt,product,pass,Compre uma combinação de Preparação de vegetais da China | DDNZ Global,Compre uma combinação de Preparação de vegetais da China,"Compre uma combinação de Preparação de vegetais da China Sourcing na China · Preparação de alimentos Descascamento e corte; selecione as lâminas adequadas. Selecione máquinas da China para massas, panificação, carnes, vegetais e grãos. Compare modelos e preços de atacado ou monte uma combinação, com embalagem calculada separadamente. Imagens representam famílias de modelos; confirme a configuração do pedido.",
/tr/sourcing/food-processing-machinery-from-china/packages/vegetables/,tr,product,pass,Çin’den Sebze hazırlığı ekipman paketi satın alın | DDNZ Global,Çin’den Sebze hazırlığı ekipman paketi satın alın,"Çin’den Sebze hazırlığı ekipman paketi satın alın Çin’den tedarik · Gıda hazırlığı Soyma ve kesme; uygun bıçakları seçin. Hamur, fırıncılık, et, sebze ve tahıl hazırlığı için Çin’den makine tedarik edin. Modelleri ve toptan fiyatları tek tek veya paket halinde karşılaştırın; ambalaj ayrı hesaplanır. Görseller model ailelerini gösterir; sipariş yapılandırmasını doğrulayın.",
/sourcing/food-processing-machinery-from-china/packages/bean-rice/,en,product,pass,Bean & rice preparation equipment package from China | DDNZ Global,Bean & rice preparation equipment package,"Bean & rice preparation equipment package CHINA SOURCING / FOOD PREPARATION Buy a bean & rice preparation equipment package from China, with models and quantities selected for your operation. A paired selection for pulp separation and wet rice grinding. Equipment for your next preparation step. Supplier catalogue imagery · configuration confirmed per model",
/zh-cn/sourcing/food-processing-machinery-from-china/packages/bean-rice/,zh-cn,product,pass,从中国采购豆类与米浆预处理设备组合 | DDNZ Global,从中国采购豆类与米浆预处理设备组合,从中国采购豆类与米浆预处理设备组合 中国采购 · 食品加工 分离豆浆与湿米研磨；浸泡、煮制及储存另配。 按和面、烘焙、肉类、蔬菜及谷物加工需求选择设备。从中国采购单机或场景组合，逐项比较型号、批发价与包装费用。 图片展示型号系列，具体配置以确认订单为准。,
/es/sourcing/food-processing-machinery-from-china/packages/bean-rice/,es,product,pass,Compre un conjunto de Preparación de soja y arroz de China | DDNZ Global,Compre un conjunto de Preparación de soja y arroz de China,"Compre un conjunto de Preparación de soja y arroz de China Sourcing en China · Preparación de alimentos Separación de pulpa y molienda húmeda; remojo, cocción y almacenamiento aparte. Seleccione maquinaria de China para masas, panadería, carnes, verduras y granos. Compare modelos y precios mayoristas o forme un conjunto, con el embalaje calculado por separado. Las imágenes representan familias de modelos; confirme la configuración del pedido.",
/ar/sourcing/food-processing-machinery-from-china/packages/bean-rice/,ar,product,pass,شراء مجموعة تحضير الصويا والأرز من الصين | DDNZ Global,شراء مجموعة تحضير الصويا والأرز من الصين,شراء مجموعة تحضير الصويا والأرز من الصين توريد من الصين · تجهيز الأغذية فصل اللب والطحن الرطب؛ النقع والطهي والتخزين منفصلة. اختر آلات من الصين للعجين والمخبوزات واللحوم والخضروات والحبوب. قارن الموديلات وأسعار الجملة منفردة أو ضمن مجموعة، مع احتساب التغليف بشكل منفصل. الصور تمثل عائلات الموديلات؛ أكد تجهيزات الطلب.,
/ru/sourcing/food-processing-machinery-from-china/packages/bean-rice/,ru,product,pass,Купить комплект «Подготовка сои и риса» из Китая | DDNZ Global,Купить комплект «Подготовка сои и риса» из Китая,"Купить комплект «Подготовка сои и риса» из Китая Закупки в Китае · Подготовка продуктов Отделение мякоти и влажный помол; замачивание, варка и хранение отдельно. Подберите оборудование из Китая для теста, выпечки, мяса, овощей и зерновых. Сравните модели и оптовые цены отдельно или в составе комплекта; упаковка рассчитывается отдельно. Фото показывают семейства моделей; комплектацию подтвердите в заказе.",
/fr/sourcing/food-processing-machinery-from-china/packages/bean-rice/,fr,product,pass,Achetez un ensemble « Préparation du soja et du riz » en Chine | DDNZ Global,Achetez un ensemble « Préparation du soja et du riz » en Chine,"Achetez un ensemble « Préparation du soja et du riz » en Chine Approvisionnement en Chine · Préparation alimentaire Séparation de pulpe et mouture humide ; trempage, cuisson et stockage séparés. Sélectionnez des machines en Chine pour les pâtes, la boulangerie, la viande, les légumes et les céréales. Comparez modèles et prix de gros, seuls ou en ensembles, avec emballage chiffré séparément. Les images représentent des familles de modèles ; confirmez la configuration commandée.",
/pt/sourcing/food-processing-machinery-from-china/packages/bean-rice/,pt,product,pass,Compre uma combinação de Preparação de soja e arroz da China | DDNZ Global,Compre uma combinação de Preparação de soja e arroz da China,"Compre uma combinação de Preparação de soja e arroz da China Sourcing na China · Preparação de alimentos Separação de polpa e moagem úmida; molho, cocção e armazenamento à parte. Selecione máquinas da China para massas, panificação, carnes, vegetais e grãos. Compare modelos e preços de atacado ou monte uma combinação, com embalagem calculada separadamente. Imagens representam famílias de modelos; confirme a configuração do pedido.",
/tr/sourcing/food-processing-machinery-from-china/packages/bean-rice/,tr,product,pass,Çin’den Soya ve pirinç hazırlığı ekipman paketi satın alın | DDNZ Global,Çin’den Soya ve pirinç hazırlığı ekipman paketi satın alın,"Çin’den Soya ve pirinç hazırlığı ekipman paketi satın alın Çin’den tedarik · Gıda hazırlığı Posa ayırma ve ıslak öğütme; ıslatma, pişirme ve depolama ayrı. Hamur, fırıncılık, et, sebze ve tahıl hazırlığı için Çin’den makine tedarik edin. Modelleri ve toptan fiyatları tek tek veya paket halinde karşılaştırın; ambalaj ayrı hesaplanır. Görseller model ailelerini gösterir; sipariş yapılandırmasını doğrulayın.",
/sourcing/mobile-accessories-from-china/,en,product,pass,Mobile Accessories Sourcing from China | DDNZ Global,Wholesale Phone Cases & Screen Protectors from China,"Wholesale Phone Cases & Screen Protectors from China CHINA SOURCING / MOBILE ACCESSORIES Choose phone cases, straps and screen protectors for your next order. Send us the models, colours, quantities and destination. We’ll check stock, arrange samples and quote the goods and shipping. Choose a case, phone model and colour. Add the quantities to your order.",
/zh-cn/sourcing/mobile-accessories-from-china/,zh-cn,product,pass,中国手机配件采购服务 | DDNZ Global,从中国批发采购手机壳与屏幕保护膜,从中国批发采购手机壳与屏幕保护膜 中国采购／手机配件 选择需要采购的手机壳、挂绳和保护膜，并提供机型、颜色、数量及目的地。我们将核实库存、安排样品，并提供货物及运输报价。 选择手机壳、适用机型及颜色，再将数量加入采购清单。,
/es/sourcing/mobile-accessories-from-china/,es,product,pass,Accesorios móviles de China | DDNZ Global,Fundas y protectores de pantalla de China al por mayor,"Fundas y protectores de pantalla de China al por mayor COMPRAS EN CHINA / ACCESORIOS MÓVILES Elija fundas, correas y protectores para su próximo pedido. Indique modelos, colores, cantidades y destino. Revisamos existencias, coordinamos muestras y cotizamos mercancía y envío. Elija funda, modelo y color. Añada las cantidades al pedido.",
/ar/sourcing/mobile-accessories-from-china/,ar,product,pass,توريد ملحقات الهاتف من الصين | DDNZ Global,أغطية هواتف وواقيات شاشة بالجملة من الصين,أغطية هواتف وواقيات شاشة بالجملة من الصين التوريد من الصين / ملحقات الهاتف اختر أغطية وأحزمة وواقيات شاشة لطلبك القادم. أرسل الطرازات والألوان والكميات والوجهة. نراجع المخزون ونرتب العينات ونقدم عرض البضاعة والشحن. اختر الغطاء وطراز الهاتف واللون، ثم أضف الكميات إلى الطلب.,
/ru/sourcing/mobile-accessories-from-china/,ru,product,pass,Мобильные аксессуары из Китая | DDNZ Global,Чехлы и защитные стёкла оптом из Китая,"Чехлы и защитные стёкла оптом из Китая Китайские источники / МОБИЛЬНЫЕ АКЦЕССОРИИ Выберите чехлы для телефонов, ремни и защитные экраны для вашего следующего заказа. Отправьте нам модели, цвета, количества и назначения. Мы проверим запасы, организуем образцы и процитируем товары и доставку. Выберите корпус, модель телефона и цвет. Добавьте количество к вашему заказу.",
/fr/sourcing/mobile-accessories-from-china/,fr,product,pass,Accessoires Mobiles Approvisionnement de la Chine,Coques et protections d’écran en gros depuis la Chine,"Coques et protections d’écran en gros depuis la Chine ACCESSOIRES DE SOURCE DE LA CHINE / ACCESSOIRES MOBILES Choisissez des valises, des sangles et des protecteurs d'écran pour votre prochaine commande. Envoyez-nous les modèles, les couleurs, les quantités et la destination. Nous allons vérifier le stock, organiser des échantillons et citer les marchandises et l'expédition. Choisissez une valise, un modèle de téléphone et une couleur. Ajoutez les quantités à votre commande.",
/pt/sourcing/mobile-accessories-from-china/,pt,product,pass,Acessórios móveis Sourcing da China □ DDNZ Global,Capas e películas de proteção no atacado da China,"Capas e películas de proteção no atacado da China ACESSÓRIOS DA CHINA / MÓVEIS Escolha casos de telefone, alças e protetores de tela para o seu próximo pedido. Envie-nos os modelos, cores, quantidades e destino. Vamos verificar o estoque, organizar amostras e citar as mercadorias e transporte. Escolha uma caixa, modelo de telefone e cor. Adicione as quantidades ao seu pedido.",
/tr/sourcing/mobile-accessories-from-china/,tr,product,pass,Çin'den gelen mobil aksesuarlar | DDNZ Global,Çin’den toptan telefon kılıfı ve ekran koruyucu,"Çin’den toptan telefon kılıfı ve ekran koruyucu ÇİN’DEN TEDARİK / TELEFON AKSESUARLARI Telefon vakalarını seçin, bir sonraki siparişiniz için kayışlar ve ekran koruyucuları seçin. Bize modelleri, renkler, miktarlar ve varış gönderin. Borsaları kontrol edeceğiz, örnekleri düzenler ve malları ve nakliyeyi tekliflayacağız. Bir vaka seçin, telefon modeli ve rengi. Paraları siparişinize ekleyin.",
/phone-cases/,en,product,pass,Wholesale Phone Cases from China: Styles & MOQ | DDNZ,Choose the case. Check every detail.,"Choose the case. Check every detail. PHONE CASES / WHOLESALE & OWN BRAND Source wholesale phone cases from China, including colour frames, textured backs and foldable folios. Build a model-by-colour assortment, compare the buying cost and approve a sample before scaling. Products",
/zh-cn/phone-cases/,zh-cn,product,pass,中国批发电话手机壳:样式与MOQ QQ DDNZ,选择手机壳，核对每项细节。,选择手机壳，核对每项细节。 手机壳／批发与自有品牌 从中国批发采购彩色边框、纹理背板及折叠翻盖等手机壳。按机型和颜色搭配货品，比较采购成本，放量前先确认样品。 产品,
/es/phone-cases/,es,product,pass,Fundas de China al por mayor: modelos y mínimos | DDNZ,Elija la funda. Revise cada detalle.,"Elija la funda. Revise cada detalle. FUNDAS / MAYORISTAS Y MARCA PROPIA Compre fundas de teléfono al por mayor en China: marcos de color, traseras texturizadas y fundas plegables. Prepare su surtido por modelo y color, compare costos y apruebe una muestra. Productos",
/ar/phone-cases/,ar,product,pass,أغطية هواتف بالجملة من الصين: التصاميم والحدود | DDNZ,اختر الغطاء. وافحص كل تفصيل.,اختر الغطاء. وافحص كل تفصيل. أغطية الهاتف / الجملة والعلامات الخاصة اشتر أغطية هواتف بالجملة من الصين، بإطارات ملونة وظهور نسيجية وتصاميم قابلة للطي. جهز التشكيلة حسب الطراز واللون وقارن التكلفة واعتمد العينة. المنتجات,
/ru/phone-cases/,ru,product,pass,Оптовые телефонные чехлы из Китая: стили и MOQ,Выберите чехол. Проверьте каждую деталь.,"Выберите чехол. Проверьте каждую деталь. КАЗЫ ТЕЛЕФОНОВ / КОЛЛЕСАЛ И СОБСТВЕННЫЙ БРЭНД Источник оптовых телефонных чехлов из Китая, включая цветные рамы, текстурированные спинки и складные фолио. Постройте модельный ассортимент, сравните стоимость покупки и одобрите образец перед масштабированием. Товары",
/fr/phone-cases/,fr,product,pass,Valises de téléphone en gros de la Chine: Styles & MOQ-DDNZ,Choisissez la coque. Vérifiez chaque détail.,"Choisissez la coque. Vérifiez chaque détail. CAS DE PHONE / GRANDES ET GRANDES ANNÉES Source des étuis de téléphone en gros de Chine, y compris des cadres de couleur, des dos texturés et des folios pliables. Construire un assortiment modèle par couleur, comparer le coût d'achat et approuver un échantillon avant l'échelle. Produits",
/pt/phone-cases/,pt,product,pass,"Casos de telefone por atacado da China: Estilos e MOQ , DDNZ",Escolha a capa. Confira cada detalhe.,"Escolha a capa. Confira cada detalhe. CASOS DE TELEFONE / WHLESALE & PRÓPRIO BRAND Caixas de telefone de atacado fonte da China, incluindo quadros de cor, costas texturizadas e folios dobráveis. Construa uma variedade modelo-a-cor, compare o custo de compra e aprove uma amostra antes de escalar. Produtos",
/tr/phone-cases/,tr,product,pass,Çin'den Toptan Telefon Vakaları: Stil & Tavuk | DDNZ,Kılıfı seçin. Her ayrıntıyı kontrol edin.,"Kılıfı seçin. Her ayrıntıyı kontrol edin. PHONE CASES / WHOLESALE & OWN Palace Çin'den gelen toptan telefon vakaları, renkli çerçeveler, dokular geri döndü ve katlanabilir folios. Bir model-by-rengi türü inşa edin, satın alma maliyetini karşılaştırın ve ölçeklendirmeden önce bir örnek onaylayın. Ürünler",
/phone-cases/materials-and-pricing/,en,information,context-only,"Phone Case Materials, Prices & Supplier Comparison | DDNZ",Same phone. Different case. Different cost.,"Same phone. Different case. Different cost. PHONE CASE BUYING GUIDE Buying phone cases from China? Separate material, construction, finish and packaging before comparing quotes. Then use the same model, colour split and test requirements with every supplier. The listed flip wallet combines a PU surface with a TPU holder. Its cost includes a cover, card pocket and closure construction. Ask about bonding, stitch finish and card-pocket size. Comparing it with a simple back cover requires adjusting the specification.",
/zh-cn/phone-cases/materials-and-pricing/,zh-cn,information,context-only,电话手机壳材料、价格和供应商比较,同一机型，不同手机壳，不同采购成本。,"同一机型，不同手机壳，不同采购成本。 手机壳采购指南 从中国采购手机壳，比较报价前先区分材质、结构、表面工艺和包装。向各供应商提供一致的机型、颜色配比及测试要求。 列出的翻转钱包将 PU 表面和 TPU 持有器结合. 其费用包括盖面、卡片袋和封闭建筑。 问结交,缝合完结和卡片尺寸. 将它与简单的背面封面相比较,需要调整规格.",
/es/phone-cases/materials-and-pricing/,es,information,context-only,Materiales y precios de fundas: compare proveedores | DDNZ,Mismo móvil. Otra funda. Otro costo.,"Mismo móvil. Otra funda. Otro costo. GUÍA DE COMPRA DE FUNDAS Separe material, construcción, acabado y embalaje al comparar. Use el mismo modelo, colores y requisitos de prueba con cada proveedor. La cartera publicada combina superficie PU y soporte TPU. El costo incluye tapa, bolsillo y cierre. Consulte adhesión, costuras y tamaño del bolsillo. Compararla con una trasera simple exige ajustar especificaciones.",
/ar/phone-cases/materials-and-pricing/,ar,information,context-only,مواد وأسعار أغطية الهاتف ومقارنة الموردين | DDNZ,الهاتف نفسه. غطاء مختلف. تكلفة مختلفة.,الهاتف نفسه. غطاء مختلف. تكلفة مختلفة. دليل شراء أغطية الهاتف افصل المادة والبناء والتشطيب والتغليف عند المقارنة. ثم استخدم الطراز نفسه وتوزيع الألوان ومتطلبات الاختبار مع كل مورد. يجمع غطاء المحفظة المنشور سطح PU مع حامل TPU. تشمل تكلفته الغطاء الأمامي وجيب البطاقة والإغلاق. اسأل عن الالتصاق والخياطة وحجم الجيب. المقارنة بغطاء خلفي بسيط تتطلب توحيد المواصفات.,
/ru/phone-cases/materials-and-pricing/,ru,information,context-only,"Материалы для телефонов, цены и сравнение поставщиков | DDNZ",Один телефон. Разные чехлы и закупочные цены.,"Один телефон. Разные чехлы и закупочные цены. Телефонный кейс, покупающий гид Покупка телефонных чехлов из Китая? Отдельный материал, конструкция, отделка и упаковка перед сравнением котировок. Затем используйте одну и ту же модель, цветовое разделение и требования к тестированию с каждым поставщиком. Перечисленный кошелек flip сочетает в себе поверхность PU с держателем TPU. Его стоимость включает в себя крышку, карточный карман и закрытие конструкции. Спросите о склеивании, отделке швов и размере карточки. Сравнение его с простой задней крышкой требует корректировки спецификации.",
/fr/phone-cases/materials-and-pricing/,fr,information,context-only,"Téléphone Case Matériaux, prix et comparaison avec le fournisseur","Un même téléphone, des coques et des coûts différents.","Un même téléphone, des coques et des coûts différents. GUIDE D'ACHETEMENT DES CAS DE PHONE Vous achetez des valises de téléphone en Chine ? Matériaux séparés, construction, finition et emballage avant de comparer les devis. Ensuite, utilisez le même modèle, la même couleur et les mêmes exigences de test avec chaque fournisseur. Le portefeuille flip répertorié combine une surface PU avec un support TPU. Son coût comprend une couverture, une poche de carte et une construction de fermeture. Demandez-vous au sujet du collage, de la finition du point et de la taille de la poche de carte. La comparaison avec une simple couverture arrière nécessite un ajustement de la spécification.",
/pt/phone-cases/materials-and-pricing/,pt,information,context-only,"Materiais de Caso Telefone, Comparação de preços e fornecedores .","Mesmo telefone, capas e custos diferentes.","Mesmo telefone, capas e custos diferentes. GUIA DE COMPRAÇÃO DE CASOS DE TELEFONE A comprar caixas telefónicas da China? Material separado, construção, acabamento e embalagem antes de comparar citações. Em seguida, use o mesmo modelo, repartição de cores e requisitos de teste com cada fornecedor. A carteira flip listada combina uma superfície PU com um suporte TPU. Seu custo inclui uma capa, bolso de cartão e construção de fechamento. Pergunte sobre ligação, acabamento de ponto e tamanho do bolso de cartão. Comparando-o com uma capa traseira simples requer ajustar a especificação.",
/tr/phone-cases/materials-and-pricing/,tr,information,context-only,"Telefon Vaka Malzemeleri, Fiyatlar ve Tedarikçi Karşılaştırması | DDNZ","Aynı telefon, farklı kılıflar ve maliyetler.","Aynı telefon, farklı kılıflar ve maliyetler. PHONE CASE HING GUIDE Çin'den telefon vakalarını satın almak? Ayrı malzeme, inşaat, bitirme ve teklifları karşılaştırmadan önce paketleme. Sonra aynı modeli, renk bölmesini ve her tedarikçi ile test gerekliliklerini kullanın. Listelenen dönüş cüzdanı bir PU yüzeyini bir radyatör sahibi ile birleştirir. Maliyeti bir kapak, kart cebi ve kapatma inşaatı içerir. Bağ hakkında sorun, dik bitirmek ve kart-pocket büyüklüğü. Basit bir arka kapak ile karşılaştırma, spesifikasyonları ayarlamayı gerektirir.",
/phone-straps-charms/,en,product,pass,Wholesale Phone Straps & Charms from China | DDNZ,More ways to carry. Clearer ways to buy.,"More ways to carry. Clearer ways to buy. PHONE STRAPS / CHAINS / CHARMS Buy wholesale phone straps, chains and charms from China for accessory stores, gift ranges and online brands. Know exactly which parts belong in the price. Products",
/zh-cn/phone-straps-charms/,zh-cn,product,pass,中国的批发电话草条和魅力 QQ DDNZ,选好手机挂绳，明确配件与采购范围。,选好手机挂绳，明确配件与采购范围。 手机挂绳／链条／挂饰 为配件门店、礼品系列和电商品牌从中国批发采购手机挂绳、链条及挂饰，逐项确认报价包含的配件。 产品,
/es/phone-straps-charms/,es,product,pass,"Correas, cadenas y adornos de móvil al por mayor | DDNZ",Más formas de llevarlo. Más claridad al comprar.,"Más formas de llevarlo. Más claridad al comprar. CORREAS / CADENAS / ADORNOS Compre correas, cadenas y adornos para móviles al por mayor en China para tiendas de accesorios, regalos y marcas online. Sepa qué piezas incluye el precio. Productos",
/ar/phone-straps-charms/,ar,product,pass,أحزمة وسلاسل وزينة الهاتف بالجملة | DDNZ Global,طرق أكثر للحمل. ووضوح أكبر للشراء.,طرق أكثر للحمل. ووضوح أكبر للشراء. أحزمة الهاتف / السلاسل / الزينة اشتر أحزمة وسلاسل وزينة هواتف بالجملة من الصين لمتاجر الملحقات والهدايا والعلامات الإلكترونية. اعرف الأجزاء التي يشملها السعر. المنتجات,
/ru/phone-straps-charms/,ru,product,pass,Оптовые телефонные трапы и шармы из Китая,Выбирайте ремешки и уточняйте комплектацию закупки.,"Выбирайте ремешки и уточняйте комплектацию закупки. Шины / ШАЙНЫ / ШАРМЫ Купите оптовые телефонные ремни, цепи и шармы из Китая для магазинов аксессуаров, подарочных диапазонов и онлайн-брендов. Узнайте, какие именно детали входят в цену. Товары",
/fr/phone-straps-charms/,fr,product,pass,Vente en gros de bandes de téléphone et de charmes de la Chine,Choisissez vos cordons et précisez votre achat.,"Choisissez vos cordons et précisez votre achat. ÉCHANGES DE PHONE / CHAINS / CHARMES Acheter en gros bracelets de téléphone, chaînes et charmes de la Chine pour les magasins d'accessoires, les gammes de cadeaux et les marques en ligne. Savoir exactement quelles pièces appartiennent au prix. Produits",
/pt/phone-straps-charms/,pt,product,pass,Correias de telefone por atacado e encantos da China,Escolha as alças e confirme os itens da compra.,"Escolha as alças e confirme os itens da compra. ESTRUTURAS DE TELEFONE / CADELAS / CHARMS Comprar atacado pulseiras de telefone, correntes e encantos da China para lojas de acessórios, gamas de presentes e marcas online. Saiba exatamente quais partes pertencem ao preço. Produtos",
/tr/phone-straps-charms/,tr,product,pass,Çin'den Toptan Telefon Rafları ve Charms | DDNZ,"Askıları seçin, satın alma kapsamını netleştirin.","Askıları seçin, satın alma kapsamını netleştirin. TELEFON ASKI İPLERİ / ZİNCİRLER / SÜSLER Çin'den erişim mağazaları, hediye aralıkları ve online markalar için toptan telefon torbaları, zincirler ve çekicilikler satın alın. Tam olarak hangi parçaların fiyatta ait olduğunu bilin. Ürünler",
/zh-cn/screen-protectors/,zh-cn,product,pass,中国手机保护膜批发采购 | DDNZ Global,从中国批发采购屏幕保护膜,从中国批发采购屏幕保护膜 手机配件 · 批发采购 比较四种配置、参考价格和包装。选好产品，填写各手机型号，为目的地准备询价。 先比较膜面、安装器和包装，再比较价格。,
/es/screen-protectors/,es,product,pass,Protectores de pantalla al por mayor | DDNZ Global,Protectores de pantalla al por mayor desde China,"Protectores de pantalla al por mayor desde China Accesorios móviles · Compra al por mayor Compare cuatro configuraciones reales, sus precios de referencia y el embalaje. Elija el producto, indique cada modelo de teléfono y prepare una consulta para su destino. Compare acabado, instalador y embalaje antes de elegir solo por precio.",
/ar/screen-protectors/,ar,product,pass,واقيات شاشة بالجملة من الصين | DDNZ Global,واقيات شاشة بالجملة من الصين,واقيات شاشة بالجملة من الصين ملحقات الهواتف · توريد بالجملة قارن بين أربعة خيارات فعلية وأسعارها المرجعية وتغليفها. اختر المنتج، وحدد كل طراز هاتف وكميته، ثم جهّز استفسارك وفق وجهتك. قارن نوع الواقي وأداة التركيب والتغليف قبل الاختيار على أساس السعر وحده.,
/ru/screen-protectors/,ru,product,pass,Оптовые защитные экраны Китая | DDNZ Global,Защитные стёкла оптом из Китая,"Защитные стёкла оптом из Китая АКСЕССУАРЫ ДЛЯ ТЕЛЕФОНОВ · ОПТОВЫЕ ЗАКУПКИ Сравните четыре варианта, ориентировочные цены и упаковку. Выберите товары, укажите модели телефонов и подготовьте запрос для своей страны. Сравните стекло, аппликатор и упаковку, затем цену.",
/fr/screen-protectors/,fr,product,pass,Protège-écrans en gros de Chine,Protections d’écran en gros depuis la Chine,"Protections d’écran en gros depuis la Chine ACCESSOIRES MOBILES · ACHAT EN GROS Comparez quatre configurations, leurs prix indicatifs et emballages. Choisissez les produits, précisez les modèles de téléphone et préparez une demande pour votre destination. Comparez la finition, l’applicateur et l’emballage avant le prix.",
/pt/screen-protectors/,pt,product,pass,Protetores de tela por atacado da China,Películas de proteção no atacado da China,"Películas de proteção no atacado da China ACESSÓRIOS PARA CELULAR · COMPRA NO ATACADO Compare quatro configurações, preços de referência e embalagens. Escolha os produtos, informe os modelos de celular e prepare a cotação para o destino. Compare acabamento, aplicador e embalagem antes do preço.",
/tr/screen-protectors/,tr,product,pass,Çin'den Toptan ekran koruyucuları | DDNZ Global,Çin’den toptan ekran koruyucu,"Çin’den toptan ekran koruyucu TELEFON AKSESUARLARI · TOPTAN TEDARİK Dört yapılandırmayı, referans fiyatları ve ambalajı karşılaştırın. Ürünleri seçin, telefon modellerini belirtin ve varış yeriniz için teklif talebi hazırlayın. Fiyattan önce yüzeyi, uygulama aparatını ve ambalajı karşılaştırın.",
/zh-cn/screen-protectors/compare/,zh-cn,product,pass,中国批发手机保护膜配置对比 | DDNZ Global,比较价格、包装和起订量,比较价格、包装和起订量 手机配件 · 批发采购 从中国批发采购保护膜，比较高清与防窥配置。下单前须逐一确认手机型号的供货情况和适配性。 参考数据日期：2026年9月11日 人民币（CNY）单价包含所示包装，不含运输、税费和目的地派送；以最终报价为准。,
/es/screen-protectors/compare/,es,product,pass,Compare protectores de pantalla y precios | DDNZ Global,"Compare precios, embalaje y cantidades mínimas","Compare precios, embalaje y cantidades mínimas Accesorios móviles · Compra al por mayor Revise las diferencias entre protectores transparentes y de privacidad. La disponibilidad y el ajuste se confirman para cada modelo de teléfono antes del pedido. Datos de referencia: 11 de septiembre de 2026 Precios en yuanes chinos (CNY) por pieza, con el embalaje indicado. No incluyen transporte, impuestos ni entrega en destino. La cotización final requiere confirmación.",
/ar/screen-protectors/compare/,ar,product,pass,مقارنة واقيات الشاشة وأسعار الجملة | DDNZ Global,قارن الأسعار والتغليف والحد الأدنى للطلب,قارن الأسعار والتغليف والحد الأدنى للطلب ملحقات الهواتف · توريد بالجملة راجع الفروق بين الواقيات الشفافة وواقيات الخصوصية. يُؤكَّد توفر المنتج وملاءمته لكل طراز هاتف قبل الطلب. تاريخ البيانات المرجعية: ١١ سبتمبر ٢٠٢٦ الأسعار باليوان الصيني (CNY) للقطعة وتشمل التغليف الموضح. لا تشمل الشحن أو الضرائب أو التوصيل إلى الوجهة. يلزم تأكيد عرض السعر النهائي.,
/ru/screen-protectors/compare/,ru,product,pass,Сравнение оптовых защитных экранов из Китая | DDNZ Global,"Сравните цены, упаковку и минимальные партии","Сравните цены, упаковку и минимальные партии АКСЕССУАРЫ ДЛЯ ТЕЛЕФОНОВ · ОПТОВЫЕ ЗАКУПКИ Закупайте защитные стёкла оптом в Китае. Сравните прозрачные и антишпионские варианты. Перед заказом подтвердите наличие и совместимость для каждой модели телефона. Дата справочных данных: 11 сентября 2026 г. Цена за штуку в CNY включает указанную упаковку. Перевозка, налоги и доставка по месту назначения не включены. Итоговую цену подтвердим в предложении.",
/fr/screen-protectors/compare/,fr,product,pass,Comparer les protecteurs d'écran en gros de Chine,"Comparez prix, emballages et minimums","Comparez prix, emballages et minimums ACCESSOIRES MOBILES · ACHAT EN GROS Achetez des protections d’écran en gros en Chine. Comparez les versions transparentes et anti-regards. Confirmez disponibilité et compatibilité pour chaque téléphone avant de commander. Données de référence : 11 septembre 2026 Le prix unitaire en CNY comprend l’emballage indiqué, hors transport, taxes et livraison à destination. Le prix final est à confirmer par devis.",
/pt/screen-protectors/compare/,pt,product,pass,Compare protetores de tela atacado da China □ DDNZ Global,"Compare preços, embalagens e mínimos","Compare preços, embalagens e mínimos ACESSÓRIOS PARA CELULAR · COMPRA NO ATACADO Compre películas no atacado da China. Compare versões transparentes e de privacidade. Confirme disponibilidade e compatibilidade para cada modelo antes de pedir. Dados de referência: 11 de setembro de 2026 O preço unitário em CNY inclui a embalagem indicada, sem transporte, impostos ou entrega no destino. O preço final depende da cotação.",
/tr/screen-protectors/compare/,tr,product,pass,Çin'den toptan ekran koruyucuları karşılaştırıldığında | DDNZ Global,"Fiyatları, ambalajı ve minimum miktarları karşılaştırın","Fiyatları, ambalajı ve minimum miktarları karşılaştırın TELEFON AKSESUARLARI · TOPTAN TEDARİK Çin’den toptan ekran koruyucu tedarik edin. Şeffaf ve gizlilik seçeneklerini karşılaştırın. Siparişten önce her telefon modeli için stok ve uyumu doğrulayın. Referans verileri: 11 Eylül 2026 CNY cinsinden adet fiyatı belirtilen ambalajı içerir. Nakliye, vergiler ve varışta teslimat dahil değildir. Nihai fiyat teklifle doğrulanır.",
/sourcing/kitchen-equipment-for-distributors/,en,product,pass,Kitchen Equipment for Distributors | China Sourcing | DDNZ,Build a range your customers can buy again.,"Build a range your customers can buy again. FOR IMPORTERS & EQUIPMENT DEALERS Source wholesale kitchen equipment from China for your distribution range. Bring together the equipment your customers ask for, then compare each model on the same purchasing basis. Start with a trial line, a restock or a broader assortment. Separate an entry model from a larger-capacity option. For ice machines, compare rated daily output and footprint; for fryers, compare each tank. Add expected quantities before judging the price.",
/zh-cn/sourcing/kitchen-equipment-for-distributors/,zh-cn,product,pass,从中国批发采购经销用厨房设备 | DDNZ,从中国批发采购经销用厨房设备,从中国批发采购经销用厨房设备 进口商与设备经销商 为经销业务从中国采购厨房设备。按客户需求整理型号，以一致的配置、数量和交付范围比较试单、补货或扩充系列。 区分入门款和大容量款。制冰机比较额定日产量与占地，炸炉逐缸比较容量；先列数量，再评估价格。,
/es/sourcing/kitchen-equipment-for-distributors/,es,product,pass,Equipos de cocina para distribuidores desde China | DDNZ,Una línea de equipos que sus clientes puedan volver a comprar.,"Una línea de equipos que sus clientes puedan volver a comprar. PARA IMPORTADORES Y DISTRIBUIDORES Compre equipos de cocina al por mayor en China para su catálogo de distribución. Reúna los equipos que buscan sus clientes y compare cada modelo con las mismas condiciones de compra. Empiece con un pedido de prueba, una reposición o una ampliación de su catálogo. Distinga una opción de entrada de otra de mayor capacidad. En máquinas de hielo, compare producción diaria nominal y dimensiones; en freidoras, la capacidad de cada tanque. Añada las cantidades antes de comparar precios.",
/ar/sourcing/kitchen-equipment-for-distributors/,ar,product,pass,توريد معدات المطابخ للموزعين من الصين | DDNZ Global,كوّن تشكيلة يعود عملاؤك لشرائها.,كوّن تشكيلة يعود عملاؤك لشرائها. للمستوردين وموزعي المعدات احصل على معدات مطابخ بالجملة من الصين لتشكيلة التوزيع لديك. اجمع المعدات التي يطلبها عملاؤك، ثم قارن الموديلات على أساس شراء موحد. ابدأ بطلب تجريبي أو إعادة تزويد المخزون أو توسيع التشكيلة. ميّز بين خيار أساسي وآخر بسعة أكبر. في صانعات الثلج، قارن الإنتاج اليومي المقنن والأبعاد؛ وفي القلايات، قارن سعة كل حوض. حدد الكميات قبل تقييم السعر.,
/ru/sourcing/kitchen-equipment-for-distributors/,ru,product,pass,Купить кухонное оборудование оптом из Китая для дистрибуции | DDNZ,Купить кухонное оборудование оптом из Китая для дистрибуции,"Купить кухонное оборудование оптом из Китая для дистрибуции Импортёры и дилеры оборудования Закупайте кухонное оборудование оптом из Китая для своего ассортимента. Сравнивайте модели на одинаковой основе: комплектация, количество и доставка для пробной партии, пополнения или расширения линейки. Разделите базовые и более вместительные варианты. У льдогенераторов сравните номинальную суточную выработку и габариты, у фритюрниц — каждую ванну. Укажите количество до оценки цены.",
/fr/sourcing/kitchen-equipment-for-distributors/,fr,product,pass,Acheter en gros des équipements de cuisine en Chine pour la distribution | DDNZ,Acheter en gros des équipements de cuisine en Chine pour la distribution,"Acheter en gros des équipements de cuisine en Chine pour la distribution Importateurs et distributeurs d’équipements Achetez des équipements de cuisine en Chine pour votre réseau de distribution. Comparez modèles, quantités, configurations et livraison sur une même base pour un essai, un réassort ou une extension de gamme. Distinguez entrée de gamme et capacité supérieure. Pour les machines à glaçons, comparez production quotidienne nominale et encombrement ; pour les friteuses, chaque cuve. Fixez les quantités avant de juger le prix.",
/pt/sourcing/kitchen-equipment-for-distributors/,pt,product,pass,Compre equipamentos de cozinha da China para distribuição | DDNZ,Compre equipamentos de cozinha da China para distribuição,"Compre equipamentos de cozinha da China para distribuição Importadores e distribuidores de equipamentos Compre equipamentos de cozinha no atacado da China para sua linha de distribuição. Compare os modelos com a mesma configuração, quantidade e escopo de entrega, seja para testar, repor ou ampliar a linha. Separe modelos básicos de opções de maior capacidade. Compare produção diária nominal e dimensões nas máquinas de gelo e cada cuba nas fritadeiras. Defina quantidades antes de avaliar preços.",
/tr/sourcing/kitchen-equipment-for-distributors/,tr,product,pass,Distribütörler için Çin’den toptan mutfak ekipmanı tedariki | DDNZ,Distribütörler için Çin’den toptan mutfak ekipmanı tedariki,"Distribütörler için Çin’den toptan mutfak ekipmanı tedariki İthalatçılar ve ekipman distribütörleri Dağıtım ürün grubunuz için Çin’den toptan mutfak ekipmanı satın alın. Deneme, stok yenileme veya ürün grubu genişletme için modelleri aynı yapılandırma, miktar ve teslimat kapsamıyla karşılaştırın. Başlangıç modellerini yüksek kapasiteli seçeneklerden ayırın. Buz makinelerinde nominal günlük üretim ve ölçüleri, fritözlerde her hazneyi karşılaştırın. Fiyatı değerlendirmeden miktarları yazın.",
/sourcing/restaurant-project-equipment/,en,product,pass,Restaurant Project Equipment from China | DDNZ Global,Turn an equipment list into a coordinated order.,"Turn an equipment list into a coordinated order. FOR PROJECT BUYERS & KITCHEN CONTRACTORS Source restaurant project equipment from China against your equipment schedule. Share the project, the spaces and the equipment you need. We help organize sourcing around a defined list so model choices and delivery requirements can be reviewed together. Group the list into cooking, cold storage, preparation and drinks. Note what is already specified and where you need alternatives. Send equipment quantities and available counter or cabinet space.",
/zh-cn/sourcing/restaurant-project-equipment/,zh-cn,product,pass,从中国采购餐饮工程设备 | DDNZ,从中国采购餐饮工程设备,从中国采购餐饮工程设备 餐饮项目与厨房工程商 按项目设备清单从中国采购餐厅、咖啡馆或酒店设备。提供场地、空间及设备需求，将型号选择和交付要求一起核对。 按烹饪、冷藏、备餐和饮品整理清单，区分固定规格与可替代项，提供数量和台面或柜体空间。,
/es/sourcing/restaurant-project-equipment/,es,product,pass,Equipos para proyectos de restaurantes desde China | DDNZ,De una lista de equipos a una compra coordinada.,"De una lista de equipos a una compra coordinada. PARA COMPRADORES DE PROYECTOS E INTEGRADORES Adquiera equipos para proyectos de restaurantes en China según su lista de necesidades. Comparta el proyecto, los espacios y los equipos necesarios. Organizamos la búsqueda a partir de una lista definida para revisar modelos y requisitos de entrega de forma conjunta. Agrupe la lista en cocción, almacenamiento en frío, preparación y bebidas. Indique qué equipos ya están especificados y dónde acepta alternativas. Añada cantidades y espacio disponible para mesas o gabinetes.",
/ar/sourcing/restaurant-project-equipment/,ar,product,pass,توريد معدات مشاريع المطاعم من الصين | DDNZ Global,حوّل قائمة المعدات إلى طلب منسق.,حوّل قائمة المعدات إلى طلب منسق. لمشتري المشاريع ومقاولي تجهيز المطابخ احصل على معدات مشاريع المطاعم من الصين وفق جدول المعدات المطلوب. شاركنا نوع المشروع والمساحات والمعدات المطلوبة. ننظم البحث بناءً على قائمة محددة لمراجعة اختيار الموديلات ومتطلبات التسليم معاً. قسّم القائمة إلى طهي وتخزين مبرد وتحضير ومشروبات. وضح المعدات المحددة مسبقاً وتلك التي تقبل فيها بدائل. أضف الكميات والمساحة المتاحة للطاولات أو الخزائن.,
/ru/sourcing/restaurant-project-equipment/,ru,product,pass,Купить оборудование для ресторанных проектов из Китая | DDNZ,Купить оборудование для ресторанных проектов из Китая,"Купить оборудование для ресторанных проектов из Китая Ресторанные и гостиничные проекты Закупайте оборудование из Китая по ведомости ресторана, кафе или отеля. Укажите проект, пространство и потребности, чтобы совместно проверить модели и условия доставки. Разделите приготовление, охлаждение, подготовку и напитки. Отметьте фиксированные позиции и допустимые аналоги, количество и место на столах или в шкафах.",
/fr/sourcing/restaurant-project-equipment/,fr,product,pass,Acheter des équipements de projets de restauration en Chine | DDNZ,Acheter des équipements de projets de restauration en Chine,"Acheter des équipements de projets de restauration en Chine Projets de restauration et d’hôtellerie Achetez en Chine selon la liste d’équipements de votre restaurant, café ou hôtel. Présentez projet, espaces et besoins pour examiner ensemble choix des modèles et livraison. Regroupez cuisson, froid, préparation et boissons. Distinguez références imposées et alternatives possibles ; indiquez quantités et espace de comptoir ou de meuble.",
/pt/sourcing/restaurant-project-equipment/,pt,product,pass,Compre equipamentos para projetos de restaurantes da China | DDNZ,Compre equipamentos para projetos de restaurantes da China,"Compre equipamentos para projetos de restaurantes da China Projetos de restaurantes e hotelaria Compre equipamentos da China conforme a lista do seu restaurante, café ou hotel. Informe projeto, espaços e necessidades para avaliar modelos e entrega em conjunto. Separe cocção, refrigeração, preparo e bebidas. Indique especificações fixas e itens que aceitam alternativas, quantidades e espaço disponível em bancadas ou armários.",
/tr/sourcing/restaurant-project-equipment/,tr,product,pass,Restoran projeleri için Çin’den ekipman tedariki | DDNZ,Restoran projeleri için Çin’den ekipman tedariki,"Restoran projeleri için Çin’den ekipman tedariki Restoran ve konaklama projeleri Restoran, kafe veya otel listenize göre Çin’den ekipman satın alın. Model seçimlerini ve teslimatı birlikte değerlendirmek için proje, alan ve ihtiyaçlarınızı paylaşın. Pişirme, soğuk depolama, hazırlık ve içecek gruplarını ayırın. Sabit şartları ve alternatif kabul edilen ürünleri, adetleri ve tezgâh veya dolap alanını belirtin.",
/screen-protectors/wholesale-for-stores/,en,product,pass,Wholesale Screen Protectors for Stores & Chains | DDNZ,Plan the phone mix before you place the order.,"Plan the phone mix before you place the order. FOR ACCESSORY STORES & REPAIR CHAINS Buy wholesale screen protectors from China for phone stores and repair chains. Build a replenishment list around the phones your stores actually serve. Compare clear and privacy options, installation methods and quantities per phone model. Include the phone name and generation, then assign a quantity to each protector and phone combination. Avoid treating all variants of one phone series as the same fit. The existing product minimums still apply.",
/zh-cn/screen-protectors/wholesale-for-stores/,zh-cn,product,pass,从中国批发采购门店用手机保护膜 | DDNZ,从中国批发采购门店用手机保护膜,从中国批发采购门店用手机保护膜 配件门店与维修连锁 为手机配件店和维修连锁从中国批发采购保护膜。按门店实际服务的手机机型补货，比较高清与防窥、安装方式及各机型数量。 列明名称和代际，为每种膜与机型组合分配数量。同系列不同版本不能视为通用；现有起订量仍适用。,
/es/screen-protectors/wholesale-for-stores/,es,product,pass,Micas por mayoreo para tiendas y cadenas | DDNZ Global,Defina la mezcla de celulares antes de comprar.,"Defina la mezcla de celulares antes de comprar. PARA TIENDAS DE ACCESORIOS Y CADENAS DE REPARACIÓN Compre protectores de pantalla al por mayor en China para tiendas y cadenas de reparación. Prepare la reposición según los celulares que atienden sus tiendas. Compare opciones transparentes y de privacidad, métodos de instalación y cantidades por modelo de celular. Anote nombre y generación y asigne una cantidad a cada combinación de mica y celular. No suponga que todas las variantes de una serie tienen el mismo ajuste. Se mantienen los mínimos de cada producto.",
/ar/screen-protectors/wholesale-for-stores/,ar,product,pass,واقيات شاشة بالجملة للمتاجر وسلاسل الصيانة | DDNZ,حدد تشكيلة الهواتف قبل تقديم الطلب.,حدد تشكيلة الهواتف قبل تقديم الطلب. لمتاجر الملحقات وسلاسل صيانة الهواتف اشتر واقيات شاشة بالجملة من الصين لمتاجر الهواتف وسلاسل الصيانة. جهز قائمة إعادة التزويد وفق الهواتف التي تخدمها متاجرك فعلياً. قارن الواقيات الشفافة وواقيات الخصوصية وطرق التركيب والكميات لكل موديل هاتف. أدرج اسم الهاتف وجيله، ثم حدد الكمية لكل مجموعة من نوع الواقي وموديل الهاتف. لا تفترض أن جميع إصدارات السلسلة الواحدة تتطابق في المقاس. تبقى الحدود الدنيا الخاصة بكل منتج سارية.,
/ru/screen-protectors/wholesale-for-stores/,ru,product,pass,Купить защитные стёкла оптом из Китая для магазинов | DDNZ,Купить защитные стёкла оптом из Китая для магазинов,"Купить защитные стёкла оптом из Китая для магазинов Магазины аксессуаров и ремонтные сети Покупайте защитные стёкла оптом из Китая для магазинов и ремонтных сетей. Планируйте пополнение по обслуживаемым телефонам: прозрачные и антишпионские варианты, установка и количество по моделям. Укажите название, поколение и количество для каждого сочетания стекла и телефона. Варианты одной серии могут иметь разную посадку. Существующие минимумы сохраняются.",
/fr/screen-protectors/wholesale-for-stores/,fr,product,pass,Acheter en gros des protections d’écran en Chine pour les magasins | DDNZ,Acheter en gros des protections d’écran en Chine pour les magasins,"Acheter en gros des protections d’écran en Chine pour les magasins Magasins d’accessoires et réseaux de réparation Achetez des protections d’écran en Chine pour magasins et réseaux de réparation. Organisez le réassort selon les téléphones servis : transparent ou confidentialité, pose et quantité par modèle. Indiquez nom, génération et quantité par combinaison protection/téléphone. Les variantes d’une même série ne sont pas nécessairement compatibles. Les minimums existants restent applicables.",
/pt/screen-protectors/wholesale-for-stores/,pt,product,pass,Compre películas da China no atacado para lojas | DDNZ,Compre películas da China no atacado para lojas,"Compre películas da China no atacado para lojas Lojas de acessórios e redes de reparo Compre películas de proteção da China no atacado para lojas e redes de reparo. Planeje reposição pelos aparelhos atendidos e compare opções transparentes e de privacidade, instalação e quantidades por modelo. Inclua nome e geração, com quantidade por combinação de película e aparelho. Variantes de uma mesma linha não têm necessariamente o mesmo encaixe. Os mínimos existentes continuam válidos.",
/tr/screen-protectors/wholesale-for-stores/,tr,product,pass,Mağazalar için Çin’den toptan ekran koruyucu satın alın | DDNZ,Mağazalar için Çin’den toptan ekran koruyucu satın alın,"Mağazalar için Çin’den toptan ekran koruyucu satın alın Aksesuar mağazaları ve tamir zincirleri Telefon mağazaları ve tamir zincirleri için Çin’den toptan ekran koruyucu satın alın. Yenilemeyi hizmet verdiğiniz telefonlara göre planlayın; şeffaf ve gizlilik seçeneklerini, uygulama yöntemini ve model başına adetleri karşılaştırın. Ad, nesil ve her koruyucu/telefon birleşimi için adet yazın. Aynı serinin varyantları aynı uyuma sahip olmayabilir. Mevcut asgari siparişler geçerlidir.",
/screen-protectors/private-label/,en,product,pass,Private Label Screen Protector Sourcing | DDNZ Global,Build the product behind your brand.,"Build the product behind your brand. FOR OWN-BRAND & ONLINE SELLERS Source private-label screen protectors from China with product and packaging specifications for your brand. Use the current screen-protector range as a starting point. Describe the product, packaging and customer experience you want, then request a supplier review of the changes. Choose clear or privacy glass, the intended phone models and the installation format. Use samples to review fit, edge coverage, touch response and case compatibility before approving a production specification.",
/zh-cn/screen-protectors/private-label/,zh-cn,product,pass,从中国采购自有品牌手机保护膜 | DDNZ,从中国采购自有品牌手机保护膜,从中国采购自有品牌手机保护膜 自有品牌与电商卖家 为自有品牌从中国采购保护膜，明确产品与包装规格。以现有系列为起点，说明产品、包装及安装体验，再由供应商评估定制。 选择高清或防窥、手机机型和安装方式；通过样品核对贴合、边缘覆盖、触控和手机壳兼容性，再批准生产规格。,
/es/screen-protectors/private-label/,es,product,pass,Micas de marca propia desde China | DDNZ Global,Defina el producto que llevará su marca.,"Defina el producto que llevará su marca. PARA MARCAS PROPIAS Y VENDEDORES EN LÍNEA Obtenga protectores de pantalla de marca propia de China con especificaciones de producto y embalaje. Use la gama actual de micas como punto de partida. Describa el producto, el empaque y la experiencia de instalación que busca y solicite al proveedor una revisión de los cambios. Elija vidrio transparente o de privacidad, los modelos de celular y la forma de instalación. Revise muestras para comprobar ajuste, cobertura de bordes, respuesta táctil y compatibilidad con fundas antes de aprobar la especificación.",
/ar/screen-protectors/private-label/,ar,product,pass,توريد واقيات شاشة بعلامتك التجارية من الصين | DDNZ,حدد المنتج الذي سيحمل علامتك.,حدد المنتج الذي سيحمل علامتك. لأصحاب العلامات التجارية والبائعين عبر الإنترنت احصل على واقيات شاشة بعلامتك التجارية من الصين وفق مواصفات المنتج والتغليف. استخدم تشكيلة واقيات الشاشة الحالية كنقطة بداية. صف المنتج والتغليف وتجربة الاستخدام المطلوبة، ثم اطلب من المورد مراجعة التعديلات. اختر زجاجاً شفافاً أو للخصوصية وموديلات الهواتف وطريقة التركيب. راجع العينات للتحقق من المقاس وتغطية الحواف واستجابة اللمس والتوافق مع الأغطية قبل اعتماد مواصفات الإنتاج.,
/ru/screen-protectors/private-label/,ru,product,pass,Купить защитные стёкла собственной марки из Китая | DDNZ,Купить защитные стёкла собственной марки из Китая,"Купить защитные стёкла собственной марки из Китая Собственные марки и интернет-продавцы Закупайте защитные стёкла из Китая под своей маркой с заданными характеристиками товара и упаковки. Начните с текущей линейки и опишите изменения для проверки поставщиком. Выберите прозрачное или антишпионское стекло, телефоны и способ установки. На образцах проверьте посадку, края, сенсор и совместимость с чехлами до утверждения производства.",
/fr/screen-protectors/private-label/,fr,product,pass,Acheter des protections d’écran de marque propre en Chine | DDNZ,Acheter des protections d’écran de marque propre en Chine,"Acheter des protections d’écran de marque propre en Chine Marques propres et vendeurs en ligne Achetez en Chine des protections d’écran pour votre marque avec des spécifications de produit et d’emballage. Partez de la gamme actuelle et décrivez les modifications pour examen par le fournisseur. Choisissez verre transparent ou confidentialité, téléphones et mode de pose. Vérifiez sur échantillon ajustement, couverture des bords, réponse tactile et compatibilité coque avant validation de production.",
/pt/screen-protectors/private-label/,pt,product,pass,Compre películas de marca própria da China | DDNZ,Compre películas de marca própria da China,"Compre películas de marca própria da China Marcas próprias e vendedores on-line Compre películas de marca própria da China com especificações de produto e embalagem. Use a linha atual como ponto de partida e descreva alterações e experiência de aplicação para análise do fornecedor. Escolha vidro transparente ou de privacidade, aparelhos e formato de aplicação. Avalie encaixe, bordas, toque e compatibilidade com capas em amostras antes de aprovar a produção.",
/tr/screen-protectors/private-label/,tr,product,pass,Çin’den özel markalı ekran koruyucu tedariki | DDNZ,Çin’den özel markalı ekran koruyucu tedariki,"Çin’den özel markalı ekran koruyucu tedariki Kendi markasıyla ve çevrim içi satış yapanlar Markanız için Çin’den ekran koruyucu satın alın; ürün ve ambalaj şartlarını belirleyin. Mevcut gruptan başlayarak değişiklikleri ve kullanım deneyimini tedarikçi incelemesine sunun. Şeffaf veya gizlilik camı, telefonlar ve uygulama biçimini seçin. Üretimi onaylamadan numunede uyumu, kenar kapsamını, dokunmatiği ve kılıf uyumunu kontrol edin.",
/sourcing/commercial-ice-machines-from-china/,en,product,pass,Commercial Ice Machines from China: Compare Models | DDNZ,Commercial ice machines. Find your output range.,"Commercial ice machines. Find your output range. CHINA SOURCING · FOR IMPORTERS & DISTRIBUTORS Source commercial ice machines from China for cafés, restaurants and hospitality buyers. Compare six models by rated daily output and footprint, then request a configuration for your market. Sourcing for the UAE, Singapore, Mexico and other destinations.",
/zh-cn/sourcing/commercial-ice-machines-from-china/,zh-cn,product,pass,从中国采购商用制冰机 | DDNZ,从中国采购商用制冰机,从中国采购商用制冰机 中国执行服务 为咖啡馆、餐厅与酒店采购中国商用方冰机。比较 6 款设备的额定日产量、外形尺寸和安装要求，并按销售市场确认配置。 图片经过修整。价格仅供所列参考数量使用，运费及税费另计；最终价格、库存、电气配置与包装以报价确认为准。,
/es/sourcing/commercial-ice-machines-from-china/,es,product,pass,Compre máquinas de hielo comerciales de China | DDNZ,Compre máquinas de hielo comerciales de China,"Compre máquinas de hielo comerciales de China Servicios en China Adquiera máquinas de cubitos de China para cafeterías, restaurantes y hoteles. Compare seis modelos por producción diaria nominal, dimensiones e instalación; confirme la configuración para su mercado. Imágenes retocadas. Precios orientativos para las cantidades indicadas; transporte e impuestos aparte. Confirme precio final, disponibilidad, configuración eléctrica y embalaje en la oferta.",
/ar/sourcing/commercial-ice-machines-from-china/,ar,product,pass,شراء آلات ثلج تجارية من الصين | DDNZ,شراء آلات ثلج تجارية من الصين,شراء آلات ثلج تجارية من الصين خدمات في الصين اشترِ آلات مكعبات الثلج من الصين للمقاهي والمطاعم والفنادق. قارن ستة موديلات حسب الإنتاج اليومي الاسمي والأبعاد والتركيب ثم أكد التجهيز المناسب لسوقك. الصور منقحة. الأسعار استرشادية للكميات المحددة؛ الشحن والضرائب منفصلان. أكد السعر النهائي والتوفر والتجهيز الكهربائي والتغليف في العرض.,
/ru/sourcing/commercial-ice-machines-from-china/,ru,product,pass,Купить коммерческие льдогенераторы из Китая | DDNZ,Купить коммерческие льдогенераторы из Китая,"Купить коммерческие льдогенераторы из Китая Услуги в Китае Закупайте кубиковые льдогенераторы из Китая для кафе, ресторанов и отелей. Сравните шесть моделей по номинальной выработке, габаритам и установке; подтвердите комплектацию для своего рынка. Изображения отретушированы. Цены ориентировочные для указанного количества, без перевозки и налогов. Итоговая цена, наличие, электрика и упаковка подтверждаются предложением.",
/fr/sourcing/commercial-ice-machines-from-china/,fr,product,pass,Achetez des machines à glaçons professionnelles en Chine | DDNZ,Achetez des machines à glaçons professionnelles en Chine,"Achetez des machines à glaçons professionnelles en Chine Services en Chine Achetez en Chine des machines à glaçons pour cafés, restaurants et hôtels. Comparez six modèles selon production nominale, dimensions et installation, puis confirmez la configuration de votre marché. Images retouchées. Prix indicatifs pour les quantités précisées, hors transport et taxes. Confirmez prix final, disponibilité, configuration électrique et emballage dans l’offre.",
/pt/sourcing/commercial-ice-machines-from-china/,pt,product,pass,Compre máquinas de gelo comerciais da China | DDNZ,Compre máquinas de gelo comerciais da China,"Compre máquinas de gelo comerciais da China Serviços na China Adquira máquinas de gelo em cubos da China para cafés, restaurantes e hotéis. Compare seis modelos por produção diária nominal, dimensões e instalação; confirme a configuração para seu mercado. Imagens retocadas. Preços indicativos para as quantidades informadas; frete e tributos à parte. Confirme preço final, disponibilidade, configuração elétrica e embalagem na proposta.",
/tr/sourcing/commercial-ice-machines-from-china/,tr,product,pass,Çin’den ticari buz makineleri satın alın | DDNZ,Çin’den ticari buz makineleri satın alın,"Çin’den ticari buz makineleri satın alın Çin’de hizmetler Kafe, restoran ve oteller için Çin’den küp buz makinesi tedarik edin. Altı modeli nominal günlük üretim, ölçüler ve kurulum açısından karşılaştırıp pazarınıza uygun yapılandırmayı doğrulayın. Görseller rötuşludur. Fiyatlar belirtilen adetler için göstergedir; navlun ve vergiler hariçtir. Son fiyat, stok, elektrik yapılandırması ve ambalaj teklifte doğrulanır.",
/sourcing/commercial-electric-fryers-from-china/,en,product,pass,Commercial Electric Fryers from China: 10L & Twin Tank | DDNZ,Commercial electric fryers. Choose the tank layout.,"Commercial electric fryers. Choose the tank layout. CHINA SOURCING · FOR IMPORTERS & DISTRIBUTORS Buy commercial electric fryers from China for your restaurant equipment range. Compare a compact single-tank model with a twin-tank option. See the listed capacity, counter space and starting order quantities side by side. Sourcing for the UAE, Singapore, Mexico and other destinations.",
/zh-cn/sourcing/commercial-electric-fryers-from-china/,zh-cn,product,pass,从中国采购商用电炸炉 | DDNZ,从中国采购商用电炸炉,从中国采购商用电炸炉 中国执行服务 为餐饮设备采购与经销选择中国商用电炸炉。比较 10 L 单缸与双 10 L 油缸，核对台面空间、参考数量和实际烹饪需求。 图片经过修整。价格仅供所列参考数量使用，运费及税费另计；最终价格、库存、电气配置与包装以报价确认为准。,
/es/sourcing/commercial-electric-fryers-from-china/,es,product,pass,Compre freidoras eléctricas comerciales de China | DDNZ,Compre freidoras eléctricas comerciales de China,"Compre freidoras eléctricas comerciales de China Servicios en China Adquiera freidoras eléctricas de China para su gama profesional. Compare un tanque de 10 L y dos de 10 L, espacio de encimera, cantidades de referencia y necesidades de cocina. Imágenes retocadas. Precios orientativos para las cantidades indicadas; transporte e impuestos aparte. Confirme precio final, disponibilidad, configuración eléctrica y embalaje en la oferta.",
/ar/sourcing/commercial-electric-fryers-from-china/,ar,product,pass,شراء قلايات كهربائية تجارية من الصين | DDNZ,شراء قلايات كهربائية تجارية من الصين,شراء قلايات كهربائية تجارية من الصين خدمات في الصين اشترِ قلايات كهربائية من الصين لتشكيلة المعدات المهنية. قارن حوضاً واحداً 10 L وحوضين سعة كل منهما 10 L ومساحة المنضدة والكميات المرجعية ومتطلبات الطهي. الصور منقحة. الأسعار استرشادية للكميات المحددة؛ الشحن والضرائب منفصلان. أكد السعر النهائي والتوفر والتجهيز الكهربائي والتغليف في العرض.,
/ru/sourcing/commercial-electric-fryers-from-china/,ru,product,pass,Купить профессиональные электрические фритюрницы из Китая | DDNZ,Купить профессиональные электрические фритюрницы из Китая,"Купить профессиональные электрические фритюрницы из Китая Услуги в Китае Закупайте электрические фритюрницы из Китая для профессионального ассортимента. Сравните одну ванну 10 л и две по 10 л, место на столе, ценовые количества и задачи меню. Изображения отретушированы. Цены ориентировочные для указанного количества, без перевозки и налогов. Итоговая цена, наличие, электрика и упаковка подтверждаются предложением.",
/fr/sourcing/commercial-electric-fryers-from-china/,fr,product,pass,Achetez des friteuses électriques professionnelles en Chine | DDNZ,Achetez des friteuses électriques professionnelles en Chine,"Achetez des friteuses électriques professionnelles en Chine Services en Chine Achetez en Chine des friteuses pour votre gamme professionnelle. Comparez une cuve de 10 L et deux cuves de 10 L, espace de comptoir, quantités de référence et besoins culinaires. Images retouchées. Prix indicatifs pour les quantités précisées, hors transport et taxes. Confirmez prix final, disponibilité, configuration électrique et emballage dans l’offre.",
/pt/sourcing/commercial-electric-fryers-from-china/,pt,product,pass,Compre fritadeiras elétricas comerciais da China | DDNZ,Compre fritadeiras elétricas comerciais da China,"Compre fritadeiras elétricas comerciais da China Serviços na China Adquira fritadeiras elétricas da China para sua linha de equipamentos profissionais. Compare tanque único de 10 L e dois tanques de 10 L, espaço de bancada, quantidades de referência e necessidades de preparo. Imagens retocadas. Preços indicativos para as quantidades informadas; frete e tributos à parte. Confirme preço final, disponibilidade, configuração elétrica e embalagem na proposta.",
/tr/sourcing/commercial-electric-fryers-from-china/,tr,product,pass,Çin’den ticari elektrikli fritözler satın alın | DDNZ,Çin’den ticari elektrikli fritözler satın alın,"Çin’den ticari elektrikli fritözler satın alın Çin’de hizmetler Profesyonel ürün yelpazeniz için Çin’den elektrikli fritöz tedarik edin. Tek 10 L ve çift 10 L hazneyi, tezgâh alanını, referans adetleri ve pişirme ihtiyacını karşılaştırın. Görseller rötuşludur. Fiyatlar belirtilen adetler için göstergedir; navlun ve vergiler hariçtir. Son fiyat, stok, elektrik yapılandırması ve ambalaj teklifte doğrulanır.",
/sourcing/commercial-electric-griddles-from-china/,en,product,pass,Commercial Electric Griddles from China: Compare Sizes | DDNZ,Commercial electric griddles. Make the surface count.,"Commercial electric griddles. Make the surface count. CHINA SOURCING · FOR IMPORTERS & DISTRIBUTORS Source commercial electric griddles from China for your countertop cooking range. Choose between two flat-plate sizes. Compare the usable cooking surface, overall footprint and listed power before requesting your order price. Sourcing for the UAE, Singapore, Mexico and other destinations.",
/zh-cn/sourcing/commercial-electric-griddles-from-china/,zh-cn,product,pass,从中国采购商用电扒炉 | DDNZ,从中国采购商用电扒炉,从中国采购商用电扒炉 中国执行服务 为台式烹饪设备采购选择中国商用电扒炉。比较 ZH-818 与 ZH-820 的平面烹饪面积、整机尺寸和功率，再按数量申请报价。 图片经过修整。价格仅供所列参考数量使用，运费及税费另计；最终价格、库存、电气配置与包装以报价确认为准。,
/es/sourcing/commercial-electric-griddles-from-china/,es,product,pass,Compre planchas eléctricas comerciales de China | DDNZ,Compre planchas eléctricas comerciales de China,"Compre planchas eléctricas comerciales de China Servicios en China Adquiera planchas eléctricas de China para cocción de sobremesa. Compare ZH-818 y ZH-820 por área plana útil, dimensiones externas y potencia antes de pedir precio por cantidad. Imágenes retocadas. Precios orientativos para las cantidades indicadas; transporte e impuestos aparte. Confirme precio final, disponibilidad, configuración eléctrica y embalaje en la oferta.",
/ar/sourcing/commercial-electric-griddles-from-china/,ar,product,pass,شراء صاجات طهي كهربائية تجارية من الصين | DDNZ,شراء صاجات طهي كهربائية تجارية من الصين,شراء صاجات طهي كهربائية تجارية من الصين خدمات في الصين اشترِ صاجات كهربائية مكتبية من الصين. قارن ZH-818 وZH-820 حسب مساحة الطهي المسطحة والأبعاد الخارجية والقدرة قبل طلب سعر الكمية المطلوبة. الصور منقحة. الأسعار استرشادية للكميات المحددة؛ الشحن والضرائب منفصلان. أكد السعر النهائي والتوفر والتجهيز الكهربائي والتغليف في العرض.,
/ru/sourcing/commercial-electric-griddles-from-china/,ru,product,pass,Купить профессиональные электрические жарочные поверхности из Китая | DDNZ,Купить профессиональные электрические жарочные поверхности из Китая,"Купить профессиональные электрические жарочные поверхности из Китая Услуги в Китае Закупайте настольные электрические жарочные поверхности из Китая. Сравните ZH-818 и ZH-820 по рабочей площади, габаритам и мощности перед запросом цены на нужное количество. Изображения отретушированы. Цены ориентировочные для указанного количества, без перевозки и налогов. Итоговая цена, наличие, электрика и упаковка подтверждаются предложением.",
/fr/sourcing/commercial-electric-griddles-from-china/,fr,product,pass,Achetez des plaques à snacker électriques en Chine | DDNZ,Achetez des plaques à snacker électriques en Chine,"Achetez des plaques à snacker électriques en Chine Services en Chine Achetez en Chine des plaques électriques de comptoir. Comparez ZH-818 et ZH-820 selon surface lisse utile, encombrement et puissance avant de demander un prix par quantité. Images retouchées. Prix indicatifs pour les quantités précisées, hors transport et taxes. Confirmez prix final, disponibilité, configuration électrique et emballage dans l’offre.",
/pt/sourcing/commercial-electric-griddles-from-china/,pt,product,pass,Compre chapas elétricas comerciais da China | DDNZ,Compre chapas elétricas comerciais da China,"Compre chapas elétricas comerciais da China Serviços na China Adquira chapas elétricas da China para cocção de bancada. Compare ZH-818 e ZH-820 por área lisa de cocção, dimensões externas e potência antes de solicitar preço por quantidade. Imagens retocadas. Preços indicativos para as quantidades informadas; frete e tributos à parte. Confirme preço final, disponibilidade, configuração elétrica e embalagem na proposta.",
/tr/sourcing/commercial-electric-griddles-from-china/,tr,product,pass,Çin’den ticari elektrikli ızgaralar satın alın | DDNZ,Çin’den ticari elektrikli ızgaralar satın alın,"Çin’den ticari elektrikli ızgaralar satın alın Çin’de hizmetler Tezgâh üstü pişirme için Çin’den elektrikli düz ızgara tedarik edin. ZH-818 ve ZH-820 modellerini pişirme alanı, dış ölçüler ve güç açısından karşılaştırıp adede göre fiyat isteyin. Görseller rötuşludur. Fiyatlar belirtilen adetler için göstergedir; navlun ve vergiler hariçtir. Son fiyat, stok, elektrik yapılandırması ve ambalaj teklifte doğrulanır.",
/,en,home,pass,China Sourcing & International Freight Forwarding | DDNZ Global,Source in China. Connect every step to international freight.,"Source in China. Connect every step to international freight. DDNZ GLOBAL × HEAVEN BORN SOURCING + INTERNATIONAL FREIGHT Source products, inspect supplier orders and consolidate cargo in China with DDNZ. Heaven Born handles international freight within the agreed shipment scope. Guangzhou origin-control team · Arabic, English, French and Spanish support",
/zh-cn/,zh-cn,home,pass,中国采购与国际货运代理 | DDNZ Global,中国采购与国际货运，从需求到出运衔接。,中国采购与国际货运，从需求到出运衔接。 DDNZ GLOBAL × HEAVEN BORN 采购 + 国际货运 DDNZ 协调中国产品采购、供应商验货和集货；华正邦泰按确认的运输范围执行国际货运。 广州源头控制团队 · 支持中文、英语、阿拉伯语、法语和西语,
/ru/,ru,home,pass,Закупки в Китае и международные перевозки | DDNZ Global,Закупки в Китае. Связь каждого этапа с международной перевозкой.,"Закупки в Китае. Связь каждого этапа с международной перевозкой. DDNZ GLOBAL × HEAVEN BORN ЗАКУПКИ + МЕЖДУНАРОДНЫЕ ПЕРЕВОЗКИ DDNZ координирует закупки, инспекции и консолидацию в Китае. Heaven Born выполняет международную перевозку в согласованных пределах. Контроль в Гуанчжоу · Поддержка на нескольких языках",
/fr/,fr,home,pass,Sourcing en Chine et fret international | DDNZ Global,Sourcer en Chine. Relier chaque étape au fret international.,"Sourcer en Chine. Relier chaque étape au fret international. DDNZ GLOBAL × HEAVEN BORN SOURCING + TRANSPORT INTERNATIONAL DDNZ coordonne achats, inspection des commandes et consolidation en Chine. Heaven Born exécute le fret international selon le périmètre convenu. Équipe de contrôle à Guangzhou · Support multilingue",
/es/,es,home,pass,Compras en China y transporte internacional | DDNZ Global,Compre en China. Conecte cada paso con el transporte internacional.,"Compre en China. Conecte cada paso con el transporte internacional. DDNZ GLOBAL × HEAVEN BORN SOURCING + TRANSPORTE INTERNACIONAL DDNZ coordina compras, inspección de proveedores y consolidación en China. Heaven Born ejecuta el transporte internacional dentro del alcance acordado. Equipo de control en Guangzhou · Atención multilingüe",
/ar/,ar,home,pass,التوريد من الصين والشحن الدولي | DDNZ Global,توريد من الصين. اربط كل خطوة بالشحن الدولي.,توريد من الصين. اربط كل خطوة بالشحن الدولي. DDNZ GLOBAL × HEAVEN BORN التوريد + الشحن الدولي تنسق DDNZ شراء المنتجات وفحص طلبات الموردين وتجميع البضائع في الصين. تتولى Heaven Born الشحن الدولي ضمن النطاق المتفق عليه. فريق مراقبة في قوانغتشو · دعم متعدد اللغات,
/pt/,pt,home,pass,Sourcing na China e transporte internacional | DDNZ Global,Compre na China. Conecte cada etapa ao transporte internacional.,"Compre na China. Conecte cada etapa ao transporte internacional. DDNZ GLOBAL × HEAVEN BORN SOURCING + FRETE INTERNACIONAL A DDNZ coordena compras, inspeções e consolidação na China. A Heaven Born executa o frete internacional no escopo acordado. Equipe de controle em Guangzhou · Atendimento em português e outros idiomas",
/tr/,tr,home,pass,Çin’den tedarik ve uluslararası taşımacılık | DDNZ Global,Çin’den tedarik edin. Her adımı uluslararası taşımaya bağlayın.,"Çin’den tedarik edin. Her adımı uluslararası taşımaya bağlayın. DDNZ GLOBAL × HEAVEN BORN TEDARİK + ULUSLARARASI TAŞIMACILIK DDNZ Çin’de satın alma, denetim ve konsolidasyonu koordine eder. Heaven Born, uluslararası taşımayı kararlaştırılan kapsamda yürütür. Guangzhou kaynak kontrol ekibi · Türkçe ve çok dilli destek",
/how-we-work/,en,information,context-only,How China Sourcing Works | DDNZ Global,One brief. Six accountable checkpoints from supplier search to export handoff.,"One brief. Six accountable checkpoints from supplier search to export handoff. How DDNZ works An order does not move forward simply because a supplier says it is ready. Each stage has a defined input, a responsible action, a recorded output and a release decision. Real field material · China origin",
/zh-cn/how-we-work/,zh-cn,information,context-only,中国采购服务流程 | DDNZ Global 大递诺展,一份采购需求，六个责任节点，从供应商搜索到出口交接。,一份采购需求，六个责任节点，从供应商搜索到出口交接。 DDNZ 如何工作 供应商说“已经完成”并不代表订单可以进入下一环节。每个阶段都应有明确输入、责任动作、记录输出和放行决定。 真实现场素材 · 中国源头,
/ru/how-we-work/,ru,information,context-only,Как работает закупка в Китае | DDNZ Global,Один бриф. Шесть ответственных этапов — от поставщика до экспортной передачи.,"Один бриф. Шесть ответственных этапов — от поставщика до экспортной передачи. Как работает DDNZ Заказ не переходит дальше только потому, что поставщик сообщил о готовности. На каждом этапе есть входные данные, ответственное действие, запись и решение о выпуске. Реальные материалы · Китай",
/fr/how-we-work/,fr,information,context-only,Processus de sourcing en Chine | DDNZ Global,"Un brief. Six points de contrôle, de la recherche fournisseur à la transmission export.","Un brief. Six points de contrôle, de la recherche fournisseur à la transmission export. Comment travaille DDNZ Une commande n’avance pas uniquement parce qu’un fournisseur la déclare prête. Chaque étape possède une entrée, une action responsable, un résultat consigné et une décision de libération. Matériel réel · origine Chine",
/es/how-we-work/,es,information,context-only,Cómo funciona la compra en China | DDNZ Global,Un brief. Seis puntos responsables desde la búsqueda del proveedor hasta la entrega de exportación.,"Un brief. Seis puntos responsables desde la búsqueda del proveedor hasta la entrega de exportación. Cómo trabaja DDNZ Un pedido no avanza solo porque el proveedor diga que está listo. Cada etapa tiene entrada, acción responsable, resultado registrado y decisión de liberación. Material real · origen China",
/ar/how-we-work/,ar,information,context-only,كيف تعمل عملية التوريد من الصين | DDNZ Global,موجز واحد وست نقاط مسؤولية من البحث عن المورد إلى تسليم التصدير.,موجز واحد وست نقاط مسؤولية من البحث عن المورد إلى تسليم التصدير. كيف تعمل DDNZ لا ينتقل الطلب لمجرد إعلان المورد جاهزيته. لكل مرحلة مدخل واضح وإجراء مسؤول ومخرج مسجل وقرار إفراج. مواد ميدانية حقيقية · منشأ الصين,
/pt/how-we-work/,pt,information,context-only,Como funciona o sourcing na China | DDNZ Global,"Um brief. Seis pontos de responsabilidade, da busca à entrega para exportação.","Um brief. Seis pontos de responsabilidade, da busca à entrega para exportação. Como a DDNZ trabalha O pedido não avança apenas porque o fornecedor diz que está pronto. Cada fase tem entrada, ação responsável, resultado registrado e decisão de liberação. Material real · Origem China",
/tr/how-we-work/,tr,information,context-only,Çin tedarik süreci nasıl işler | DDNZ Global,Tek talep. Tedarikçi aramadan ihracat teslimine altı sorumlu kontrol noktası.,"Tek talep. Tedarikçi aramadan ihracat teslimine altı sorumlu kontrol noktası. DDNZ nasıl çalışır Sipariş yalnızca tedarikçi hazır dediği için ilerlemez. Her aşamada tanımlı girdi, sorumlu eylem, kayıtlı çıktı ve serbest bırakma kararı vardır. Gerçek saha materyali · Çin çıkışı",
/insights/,en,information,context-only,China Sourcing & Shipping Guides | DDNZ Global,China sourcing and shipping guides for importers.,"China sourcing and shipping guides for importers. DDNZ GLOBAL INSIGHTS Compare products and supplier quotations, plan order costs, and review packing and shipping decisions before importing from China. Compare products, understand the price and bring a clearer brief to your supplier.",
/zh-cn/insights/,zh-cn,information,context-only,中国采购与国际运输指南 | DDNZ Global,面向进口商的中国采购与运输指南。,面向进口商的中国采购与运输指南。 华正邦泰 HEAVEN BORN GLOBAL 前沿资讯 比较产品与供应商报价，规划订单成本，在从中国进口前核对包装与运输安排。 比较产品、了解价格差异，带着明确需求询价。,
/ru/insights/,ru,information,context-only,Руководства по закупкам и доставке из Китая | DDNZ Global,Закупки и доставка из Китая: руководства для импортеров.,"Закупки и доставка из Китая: руководства для импортеров. ГЛОБАЛЬНАЯ АНАЛИТИКА HEAVEN BORN Сравнивайте товары и предложения, планируйте затраты и проверяйте упаковку и перевозку до импорта из Китая. Сравните товары и цены, чтобы подготовить понятный запрос поставщику.",
/fr/insights/,fr,information,context-only,Guides sourcing et transport depuis la Chine | DDNZ Global,Guides sourcing et transport de Chine pour importateurs.,"Guides sourcing et transport de Chine pour importateurs. ACTUALITÉS GLOBALES HEAVEN BORN Comparez produits et offres fournisseurs, préparez les coûts et vérifiez emballage et transport avant d’importer de Chine. Comparez les produits, comprenez les prix et préparez une demande précise.",
/es/insights/,es,information,context-only,Guías de compras y envíos desde China | DDNZ Global,Guías de compras y envíos desde China para importadores.,"Guías de compras y envíos desde China para importadores. ANÁLISIS GLOBALES DE DDNZ Compare productos y ofertas, planifique costes y revise embalaje y transporte antes de importar desde China. Compare productos, entienda los precios y prepare una solicitud clara.",
/ar/insights/,ar,information,context-only,أدلة التوريد والشحن من الصين | DDNZ Global,أدلة التوريد والشحن من الصين للمستوردين.,أدلة التوريد والشحن من الصين للمستوردين. رؤى DDNZ العالمية قارن المنتجات وعروض الموردين وخطط تكاليف الطلب وراجع التغليف والشحن قبل الاستيراد من الصين. قارن المنتجات وافهم الأسعار وحدد طلبك للمورد بوضوح.,
/pt/insights/,pt,information,context-only,Guias de compras e transporte da China | DDNZ Global,Guias de compras e transporte da China para importadores.,"Guias de compras e transporte da China para importadores. CONTEÚDOS DDNZ Compare produtos e propostas, planeje custos e confira embalagem e transporte antes de importar da China. Compare produtos, entenda os preços e prepare um pedido claro.",
/tr/insights/,tr,information,context-only,Çin’den tedarik ve nakliye rehberleri | DDNZ Global,İthalatçılar için Çin’den tedarik ve nakliye rehberleri.,"İthalatçılar için Çin’den tedarik ve nakliye rehberleri. DDNZ İÇERİKLERİ Çin’den ithalat öncesinde ürün ve teklifleri karşılaştırın, maliyetleri planlayın, ambalaj ve nakliye kararlarını inceleyin. Ürünleri ve fiyatları karşılaştırarak tedarikçinize net bir talep iletin.",
/services/sea-freight/,en,freight,pass,"Sea Freight from China | FCL, LCL & Loading Plans | DDNZ Global",One container. Every detail counts.,"One container. Every detail counts. DDNZ / HEAVEN BORN · SEA FREIGHT FROM CHINA From several suppliers to one shipment plan. Full containers, shared loads and consolidation—see the work behind the booking. FCL / LCL / CONSOLIDATION",
/zh-cn/services/sea-freight/,zh-cn,freight,pass,中国海运｜整柜、拼箱与装载规划 | DDNZ Global,一柜货。 每一步，都算数。,一柜货。 每一步，都算数。 DDNZ / HEAVEN BORN · 中国海运 从几家工厂的货，到一票清楚的出运安排。整柜、拼箱、集货与装载，先看现场，再谈方案。 整箱 / 拼箱 / 集货,
/ru/services/sea-freight/,ru,freight,pass,Морские перевозки из Китая: важна каждая деталь | DDNZ Global,Морские перевозки из Китая: важна каждая деталь,"Морские перевозки из Китая: важна каждая деталь DDNZ / HEAVEN BORN · FCL / LCL От нескольких поставщиков — к единому плану отправки. Полные контейнеры, сборные грузы и консолидация: посмотрите, какая работа стоит за бронированием. Погрузка, размещение и проверка маркировки. Три отдельных записи показывают обработку груза на площадке.",
/fr/services/sea-freight/,fr,freight,pass,Fret maritime depuis la Chine : chaque détail compte | DDNZ Global,Fret maritime depuis la Chine : chaque détail compte,"Fret maritime depuis la Chine : chaque détail compte DDNZ / HEAVEN BORN · FCL / LCL De plusieurs fournisseurs à un plan d’expédition. Conteneurs complets, groupage et consolidation : découvrez le travail derrière la réservation. Chargement, positionnement et contrôle des marques. Trois séquences distinctes montrent les opérations sur le terrain.",
/es/services/sea-freight/,es,freight,pass,"Transporte marítimo desde China | FCL, LCL y carga | DDNZ Global",Un contenedor. Cada detalle cuenta.,"Un contenedor. Cada detalle cuenta. DDNZ / HEAVEN BORN · TRANSPORTE MARÍTIMO DESDE CHINA De varios proveedores a un plan de envío. Contenedor completo, carga consolidada y preparación: conoce el trabajo antes de reservar. FCL / LCL / CONSOLIDACIÓN",
/ar/services/sea-freight/,ar,freight,pass,الشحن البحري من الصين: كل تفصيل مهم | DDNZ Global,الشحن البحري من الصين: كل تفصيل مهم,الشحن البحري من الصين: كل تفصيل مهم DDNZ / HEAVEN BORN · FCL / LCL من عدة موردين إلى خطة شحن واحدة. حاويات كاملة وشحن جزئي وتجميع: شاهد العمل الذي يسبق الحجز. تحميل وترتيب وفحص علامات الطرود. ثلاثة مقاطع منفصلة توضح المناولة في الموقع.,
/pt/services/sea-freight/,pt,freight,pass,Frete marítimo da China: cada detalhe conta | DDNZ Global,Frete marítimo da China: cada detalhe conta,"Frete marítimo da China: cada detalhe conta DDNZ / HEAVEN BORN · FCL / LCL De vários fornecedores a um plano de embarque. Contêineres completos, carga compartilhada e consolidação: conheça o trabalho por trás da reserva. Carregamento, posicionamento e conferência de marcas. Três registros separados mostram o manuseio no local.",
/tr/services/sea-freight/,tr,freight,pass,Çin’den denizyolu taşımacılığı: her ayrıntı önemli | DDNZ Global,Çin’den denizyolu taşımacılığı: her ayrıntı önemli,"Çin’den denizyolu taşımacılığı: her ayrıntı önemli DDNZ / HEAVEN BORN · FCL / LCL Birden fazla tedarikçiden tek sevkiyat planına. Komple konteyner, parsiyel yük ve konsolidasyon: rezervasyonun arkasındaki işi görün. Yükleme, yerleştirme ve işaret kontrolü. Üç ayrı saha kaydı elleçleme işlerini gösteriyor.",
/services/lcl-shipping-from-china/,en,freight,pass,"LCL Shipping from China | Costs, Packing & Delivery | DDNZ Global",Less than a container. Plan the whole journey.,"Less than a container. Plan the whole journey. LCL / FROM CHINA A few cartons, several pallets or cargo from several suppliers? Start with final packing and the delivery address, then compare freight, warehouse handling and destination delivery together. CARTONS → CFS → DESTINATION",
/zh-cn/services/lcl-shipping-from-china/,zh-cn,freight,pass,中国 LCL 拼箱与集运｜费用、包装与交付 | DDNZ Global,不满一柜， 也要把每一步算清。,不满一柜， 也要把每一步算清。 海运拼箱 / 中国起运 从中国发货，要发几箱、几托，还是多家供应商一起走？从最终包装和收货地址开始，把拼箱运费、仓库操作和目的地交付放在同一份方案里比较。 纸箱 → 拼箱仓 → 目的地,
/ru/services/lcl-shipping-from-china/,ru,freight,pass,Сборные морские грузы из Китая: планируйте весь путь | DDNZ Global,Сборные морские грузы из Китая: планируйте весь путь,"Сборные морские грузы из Китая: планируйте весь путь LCL · DDNZ GLOBAL Несколько коробок, паллет или заказы от разных поставщиков? Начните с окончательной упаковки и адреса получателя. Сравнивайте морской фрахт, складские операции и выдачу груза в одной смете. Укажите габариты и массу брутто каждого места, приложите фотографии упаковки. Заранее сообщите о хрупком, длинномерном, тяжёлом или нештабелируемом грузе. Приём батарей и жидкостей согласуется отдельно.",
/fr/services/lcl-shipping-from-china/,fr,freight,pass,Groupage maritime depuis la Chine : prévoir tout le trajet | DDNZ Global,Groupage maritime depuis la Chine : prévoir tout le trajet,"Groupage maritime depuis la Chine : prévoir tout le trajet LCL · DDNZ GLOBAL Quelques cartons, plusieurs palettes ou des commandes de plusieurs fournisseurs ? Partez de l’emballage final et de l’adresse de réception. Comparez le fret, les opérations d’entrepôt et la remise à destination dans un même devis. Indiquez les dimensions et le poids brut de chaque colis, avec des photos. Signalez les marchandises fragiles, longues, lourdes ou non gerbables. Confirmez séparément l’acceptation des batteries et liquides.",
/es/services/lcl-shipping-from-china/,es,freight,pass,"Envíos LCL desde China | Costos, embalaje y entrega | DDNZ Global",Menos de un contenedor. Planifica todo el recorrido.,"Menos de un contenedor. Planifica todo el recorrido. LCL / DESDE CHINA ¿Unas cajas, varios palés o varios proveedores? Parte del embalaje final y la dirección; compara flete, almacén y entrega en una misma propuesta. CAJAS → CFS → DESTINO",
/ar/services/lcl-shipping-from-china/,ar,freight,pass,الشحن البحري الجزئي من الصين: خطط للرحلة كاملة | DDNZ Global,الشحن البحري الجزئي من الصين: خطط للرحلة كاملة,الشحن البحري الجزئي من الصين: خطط للرحلة كاملة LCL · DDNZ GLOBAL بضع صناديق أم عدة منصات أم طلبات من موردين مختلفين؟ ابدأ بالتغليف النهائي وعنوان الاستلام. قارن أجرة البحر وعمليات المستودع والتسليم ضمن عرض واحد. قدم الأبعاد والوزن الإجمالي لكل طرد وصور التغليف. وضح مسبقاً إن كانت البضاعة هشة أو طويلة أو ثقيلة أو لا تقبل التكديس. يجب تأكيد قبول البطاريات والسوائل بشكل منفصل.,
/pt/services/lcl-shipping-from-china/,pt,freight,pass,Carga marítima LCL da China: planeje todo o percurso | DDNZ Global,Carga marítima LCL da China: planeje todo o percurso,"Carga marítima LCL da China: planeje todo o percurso LCL · DDNZ GLOBAL Algumas caixas, vários paletes ou pedidos de fornecedores diferentes? Comece pela embalagem final e pelo endereço de recebimento. Compare frete, operações de armazém e entrega no mesmo orçamento. Informe dimensões e peso bruto por volume, com fotos da embalagem. Avise sobre itens frágeis, compridos, pesados ou não empilháveis. Confirme separadamente a aceitação de baterias e líquidos.",
/tr/services/lcl-shipping-from-china/,tr,freight,pass,Çin’den parsiyel denizyolu taşımacılığı: tüm süreci planlayın | DDNZ Global,Çin’den parsiyel denizyolu taşımacılığı: tüm süreci planlayın,"Çin’den parsiyel denizyolu taşımacılığı: tüm süreci planlayın LCL · DDNZ GLOBAL Birkaç koli, birkaç palet veya farklı tedarikçilerin siparişleri mi? Son ambalaj ve teslimat adresiyle başlayın. Navlun, depo işlemleri ve varış teslimini tek teklifte karşılaştırın. Her parçanın ölçülerini, brüt ağırlığını ve ambalaj fotoğraflarını paylaşın. Kırılgan, uzun, ağır veya istiflenemeyen yükü önceden belirtin. Pil ve sıvı kabulünü ayrıca teyit edin.",
/services/dangerous-goods-shipping-from-china/,en,freight,pass,Dangerous goods shipping & container securing | DDNZ Global,Dangerous goods shipping from China & container securing,"Dangerous goods shipping from China & container securing Specialist freight services · HEAVEN BORN Review the information needed before dispatch and see loading records showing lashing, bracing and void filling for different packaging formats. Real loading records",
/zh-cn/services/dangerous-goods-shipping-from-china/,zh-cn,freight,pass,危险品运输与装柜加固 | DDNZ Global,中国危险品出口运输与装柜加固,中国危险品出口运输与装柜加固 专项货运服务 · HEAVEN BORN 从货物资料核对到装柜现场，了解危险品出运需要确认的信息，以及不同包装的绑扎、支撑与填充方式。 实际装柜记录,
/ru/services/dangerous-goods-shipping-from-china/,ru,freight,pass,Перевозка опасных грузов из Китая и крепление в контейнере | DDNZ Global,Перевозка опасных грузов из Китая и крепление в контейнере,"Перевозка опасных грузов из Китая и крепление в контейнере DDNZ / HEAVEN BORN Какие сведения нужны до отправки и как выглядят крепление, распорки и заполнение промежутков при разных видах упаковки: примеры с площадки погрузки. Способ крепления зависит от прочности упаковки, распределения массы, свойств груза и маршрута. Прокладки, упоры и крепёж подбирают для конкретной отправки.",
/fr/services/dangerous-goods-shipping-from-china/,fr,freight,pass,Transport de marchandises dangereuses depuis la Chine et arrimage | DDNZ Global,Transport de marchandises dangereuses depuis la Chine et arrimage,"Transport de marchandises dangereuses depuis la Chine et arrimage DDNZ / HEAVEN BORN Consultez les informations nécessaires avant le départ et des photos d’arrimage, de calage et de remplissage des vides pour différents emballages. La méthode dépend de la résistance de l’emballage, de la répartition du poids, des propriétés de la marchandise et de la route. Calage, blocage et arrimage sont définis pour chaque expédition.",
/es/services/dangerous-goods-shipping-from-china/,es,freight,pass,Mercancías peligrosas y sujeción de carga | DDNZ Global,Transporte de mercancías peligrosas desde China y sujeción de carga,"Transporte de mercancías peligrosas desde China y sujeción de carga Servicios de carga especializada · HEAVEN BORN Consulta la información necesaria antes del embarque y los registros de amarre, refuerzo y relleno para distintos embalajes. Registros reales de carga",
/ar/services/dangerous-goods-shipping-from-china/,ar,freight,pass,شحن البضائع الخطرة من الصين وتثبيتها داخل الحاوية | DDNZ Global,شحن البضائع الخطرة من الصين وتثبيتها داخل الحاوية,شحن البضائع الخطرة من الصين وتثبيتها داخل الحاوية DDNZ / HEAVEN BORN تعرف على المعلومات المطلوبة قبل الإرسال، وشاهد صور الربط والتدعيم وملء الفراغات لأنواع مختلفة من التغليف. تختلف طريقة التثبيت حسب قوة التغليف وتوزيع الوزن وخصائص البضاعة والمسار. تحدد الفواصل والدعامات والأربطة لكل شحنة على حدة.,
/pt/services/dangerous-goods-shipping-from-china/,pt,freight,pass,Transporte de cargas perigosas da China e fixação em contêiner | DDNZ Global,Transporte de cargas perigosas da China e fixação em contêiner,"Transporte de cargas perigosas da China e fixação em contêiner DDNZ / HEAVEN BORN Consulte os dados necessários antes do embarque e fotos de amarração, travamento e preenchimento de espaços para diferentes embalagens. A fixação varia conforme resistência da embalagem, distribuição de peso, propriedades da carga e rota. Apoios, bloqueios e amarrações são definidos para cada embarque.",
/tr/services/dangerous-goods-shipping-from-china/,tr,freight,pass,Çin’den tehlikeli madde taşımacılığı ve konteyner içi sabitleme | DDNZ Global,Çin’den tehlikeli madde taşımacılığı ve konteyner içi sabitleme,"Çin’den tehlikeli madde taşımacılığı ve konteyner içi sabitleme DDNZ / HEAVEN BORN Sevkiyat öncesi gerekli bilgileri inceleyin; farklı ambalajlarda bağlama, destekleme ve boşluk doldurma uygulamalarının saha fotoğraflarını görün. Sabitleme yöntemi ambalaj dayanımı, ağırlık dağılımı, yük özellikleri ve rotaya göre değişir. Ara malzemeler, takozlar ve bağlar her sevkiyat için planlanır.",
/services/air-freight/,en,freight,pass,Air freight from China | DDNZ Global,"Air freight from China. Urgent cargo, with the acceptance checked first.","Air freight from China. Urgent cargo, with the acceptance checked first. DDNZ / HEAVEN BORN · Air freight from China. Choose express, standard or economy air only after chargeable weight, carrier acceptance and destination handover are clear. 01 / SERVICE DECISION",
/zh-cn/services/air-freight/,zh-cn,freight,pass,中国空运服务。 | DDNZ Global,中国空运服务。 紧急货，也要先把承运条件核对清楚。,中国空运服务。 紧急货，也要先把承运条件核对清楚。 DDNZ / HEAVEN BORN · 中国空运服务。 特快、标准或经济空运，都应在计费重、航司收货条件和目的地交接范围明确后再选择。 01 / 服务决策,
/ru/services/air-freight/,ru,freight,pass,Авиаперевозки из Китая | DDNZ Global,Авиаперевозки из Китая. Срочный груз — только после проверки допуска.,"Авиаперевозки из Китая. Срочный груз — только после проверки допуска. DDNZ / HEAVEN BORN · Авиаперевозки из Китая. Экспресс, стандарт или эконом выбираются после расчёта оплачиваемого веса, допуска перевозчика и передачи в пункте назначения. 01 / ВЫБОР УСЛУГИ",
/fr/services/air-freight/,fr,freight,pass,Fret aérien depuis la Chine | DDNZ Global,Fret aérien depuis la Chine. L’urgence commence par l’acceptation du fret.,"Fret aérien depuis la Chine. L’urgence commence par l’acceptation du fret. DDNZ / HEAVEN BORN · Fret aérien depuis la Chine. Express, standard ou économique : le choix vient après le poids taxable, l’acceptation du transporteur et la remise à destination. 01 / CHOIX DU SERVICE",
/es/services/air-freight/,es,freight,pass,Carga aérea desde China | DDNZ Global,Carga aérea desde China. La urgencia empieza por confirmar la aceptación.,"Carga aérea desde China. La urgencia empieza por confirmar la aceptación. DDNZ / HEAVEN BORN · Carga aérea desde China. Exprés, estándar o económica: la opción se decide después de confirmar peso facturable, aceptación y entrega en destino. 01 / DECISIÓN DE SERVICIO",
/ar/services/air-freight/,ar,freight,pass,الشحن الجوي من الصين | DDNZ Global,الشحن الجوي من الصين. الشحنة العاجلة تبدأ أولاً بتأكيد القبول.,الشحن الجوي من الصين. الشحنة العاجلة تبدأ أولاً بتأكيد القبول. DDNZ / HEAVEN BORN · الشحن الجوي من الصين. يُختار السريع أو القياسي أو الاقتصادي بعد تحديد الوزن المحاسبي وقبول الناقل وتسليم الوجهة. 01 / قرار الخدمة,
/pt/services/air-freight/,pt,freight,pass,Frete aéreo da China | DDNZ Global,"Frete aéreo da China. Carga urgente, com aceitação verificada primeiro.","Frete aéreo da China. Carga urgente, com aceitação verificada primeiro. DDNZ / HEAVEN BORN · Frete aéreo da China. Escolha frete aéreo expresso, padrão ou econômico depois de esclarecer peso tarifável, aceitação pelo transportador e entrega no destino. 01 / ESCOLHA DO SERVIÇO",
/tr/services/air-freight/,tr,freight,pass,Çin’den hava kargo | DDNZ Global,Çin’den hava kargo. Acil yükte önce taşıma kabulü kontrol edilir.,"Çin’den hava kargo. Acil yükte önce taşıma kabulü kontrol edilir. DDNZ / HEAVEN BORN · Çin’den hava kargo. Ekspres, standart veya ekonomik hava kargoyu; ücretlendirilebilir ağırlık, taşıyıcı kabulü ve varıştaki teslim kapsamı netleştikten sonra seçin. 01 / HİZMET SEÇİMİ",
/services/amazon-fba/,en,freight,pass,Amazon FBA logistics from China | DDNZ Global,"Amazon FBA logistics from China. Prep, transport and appointment—one controlled handover.","Amazon FBA logistics from China. Prep, transport and appointment—one controlled handover. DDNZ / HEAVEN BORN · Amazon FBA logistics from China. Build the plan around the shipment ID, carton rules, importer setup and receiving appointment instead of treating FBA as an ordinary door delivery. 01 / SERVICE DECISION",
/zh-cn/services/amazon-fba/,zh-cn,freight,pass,中国至 Amazon FBA 物流。 | DDNZ Global,中国至 Amazon FBA 物流。 贴标、运输、预约入仓，一次交接管清楚。,中国至 Amazon FBA 物流。 贴标、运输、预约入仓，一次交接管清楚。 DDNZ / HEAVEN BORN · 中国至 Amazon FBA 物流。 围绕 Shipment ID、外箱规则、进口安排与送仓预约规划，不把 FBA 当成普通到门运输。 01 / 服务决策,
/ru/services/amazon-fba/,ru,freight,pass,Логистика Amazon FBA из Китая | DDNZ Global,"Логистика Amazon FBA из Китая. Prep, перевозка и запись — одна контролируемая передача.","Логистика Amazon FBA из Китая. Prep, перевозка и запись — одна контролируемая передача. DDNZ / HEAVEN BORN · Логистика Amazon FBA из Китая. План строится вокруг Shipment ID, правил коробок, импортёра и записи на приёмку, а не как обычная доставка до двери. 01 / ВЫБОР УСЛУГИ",
/fr/services/amazon-fba/,fr,freight,pass,Logistique Amazon FBA depuis la Chine | DDNZ Global,"Logistique Amazon FBA depuis la Chine. Prep, transport et rendez-vous sous un même contrôle.","Logistique Amazon FBA depuis la Chine. Prep, transport et rendez-vous sous un même contrôle. DDNZ / HEAVEN BORN · Logistique Amazon FBA depuis la Chine. Le plan repose sur le Shipment ID, les règles cartons, l’importateur et le rendez-vous, pas sur une simple livraison porte-à-porte. 01 / CHOIX DU SERVICE",
/es/services/amazon-fba/,es,freight,pass,Logística Amazon FBA desde China | DDNZ Global,"Logística Amazon FBA desde China. Preparación, transporte y cita en una entrega controlada.","Logística Amazon FBA desde China. Preparación, transporte y cita en una entrega controlada. DDNZ / HEAVEN BORN · Logística Amazon FBA desde China. El plan parte del Shipment ID, reglas de cajas, importador y cita de recepción; no de una entrega a domicilio genérica. 01 / DECISIÓN DE SERVICIO",
/ar/services/amazon-fba/,ar,freight,pass,لوجستيات Amazon FBA من الصين | DDNZ Global,لوجستيات Amazon FBA من الصين. التجهيز والنقل والموعد ضمن تسليم واحد مضبوط.,لوجستيات Amazon FBA من الصين. التجهيز والنقل والموعد ضمن تسليم واحد مضبوط. DDNZ / HEAVEN BORN · لوجستيات Amazon FBA من الصين. تُبنى الخطة على Shipment ID وقواعد الكراتين والمستورد وموعد الاستلام، لا كأنها توصيل عادي إلى الباب. 01 / قرار الخدمة,
/pt/services/amazon-fba/,pt,freight,pass,Logística Amazon FBA a partir da China | DDNZ Global,"Logística Amazon FBA a partir da China. Preparação, etiquetas e entrega conforme o plano do vendedor.","Logística Amazon FBA a partir da China. Preparação, etiquetas e entrega conforme o plano do vendedor. DDNZ / HEAVEN BORN · Logística Amazon FBA a partir da China. Coordene preparação, etiquetagem, consolidação e transporte com o plano de envio FBA confirmado. A identificação do estoque e a aceitação no destino precisam ser verificadas antes da saída. 01 / ESCOLHA DO SERVIÇO",
/tr/services/amazon-fba/,tr,freight,pass,Çin’den Amazon FBA lojistiği | DDNZ Global,"Çin’den Amazon FBA lojistiği. Satıcının planına uygun hazırlık, etiketleme ve teslim.","Çin’den Amazon FBA lojistiği. Satıcının planına uygun hazırlık, etiketleme ve teslim. DDNZ / HEAVEN BORN · Çin’den Amazon FBA lojistiği. Hazırlık, etiketleme, konsolidasyon ve taşımayı teyit edilmiş FBA gönderim planıyla koordine edin. Stok kimliği ve varıştaki kabul koşulları sevkten önce kontrol edilmelidir. 01 / HİZMET SEÇİMİ",
/services/warehouse-services/,en,freight,pass,Warehouse and consolidation in China | DDNZ Global,Warehouse and consolidation in China. One origin-control point for several suppliers.,"Warehouse and consolidation in China. One origin-control point for several suppliers. DDNZ / HEAVEN BORN · Warehouse and consolidation in China. Receive, identify, check and prepare supplier batches before export—without losing track of what arrived, what changed or what was released. 01 / SERVICE DECISION",
/zh-cn/services/warehouse-services/,zh-cn,freight,pass,中国仓储与集货服务。 | DDNZ Global,中国仓储与集货服务。 多家供应商，一个始发端控制点。,中国仓储与集货服务。 多家供应商，一个始发端控制点。 DDNZ / HEAVEN BORN · 中国仓储与集货服务。 出口前完成收货、分批标识、核对与准备，清楚记录到货、变更和最终放行数量。 01 / 服务决策,
/ru/services/warehouse-services/,ru,freight,pass,Склад и консолидация в Китае | DDNZ Global,Склад и консолидация в Китае. Одна точка контроля для нескольких поставщиков.,"Склад и консолидация в Китае. Одна точка контроля для нескольких поставщиков. DDNZ / HEAVEN BORN · Склад и консолидация в Китае. Принять, идентифицировать, проверить и подготовить партии до экспорта, сохранив учёт поступлений, изменений и выпуска. 01 / ВЫБОР УСЛУГИ",
/fr/services/warehouse-services/,fr,freight,pass,Entrepôt et consolidation en Chine | DDNZ Global,Entrepôt et consolidation en Chine. Un point de contrôle pour plusieurs fournisseurs.,"Entrepôt et consolidation en Chine. Un point de contrôle pour plusieurs fournisseurs. DDNZ / HEAVEN BORN · Entrepôt et consolidation en Chine. Recevoir, identifier, contrôler et préparer les lots avant export sans perdre la trace des arrivées, modifications et quantités libérées. 01 / CHOIX DU SERVICE",
/es/services/warehouse-services/,es,freight,pass,Almacén y consolidación en China | DDNZ Global,Almacén y consolidación en China. Un punto de control para varios proveedores.,"Almacén y consolidación en China. Un punto de control para varios proveedores. DDNZ / HEAVEN BORN · Almacén y consolidación en China. Recibir, identificar, revisar y preparar lotes antes de exportar, manteniendo registro de llegadas, cambios y cantidades liberadas. 01 / DECISIÓN DE SERVICIO",
/ar/services/warehouse-services/,ar,freight,pass,التخزين والتجميع في الصين | DDNZ Global,التخزين والتجميع في الصين. نقطة تحكم واحدة لعدة موردين.,التخزين والتجميع في الصين. نقطة تحكم واحدة لعدة موردين. DDNZ / HEAVEN BORN · التخزين والتجميع في الصين. استلام الدفعات وتعريفها وفحصها وتجهيزها قبل التصدير مع حفظ سجل ما وصل وما تغيّر وما تم الإفراج عنه. 01 / قرار الخدمة,
/pt/services/warehouse-services/,pt,freight,pass,Armazenagem e consolidação na China | DDNZ Global,Armazenagem e consolidação na China. Um ponto de controle para vários fornecedores.,"Armazenagem e consolidação na China. Um ponto de controle para vários fornecedores. DDNZ / HEAVEN BORN · Armazenagem e consolidação na China. Receba, identifique, confira e prepare lotes antes da exportação, mantendo um registro do que chegou, do que mudou e do que foi liberado. 01 / ESCOLHA DO SERVIÇO",
/tr/services/warehouse-services/,tr,freight,pass,Çin’de depolama ve konsolidasyon | DDNZ Global,Çin’de depolama ve konsolidasyon. Birden fazla tedarikçi için tek kontrol noktası.,"Çin’de depolama ve konsolidasyon. Birden fazla tedarikçi için tek kontrol noktası. DDNZ / HEAVEN BORN · Çin’de depolama ve konsolidasyon. İhracattan önce partileri teslim alın, tanımlayın, kontrol edin ve hazırlayın. Gelen, değiştirilen ve serbest bırakılan miktarların kaydını koruyun. 01 / HİZMET SEÇİMİ",
/shipping-from-china-to-middle-east/,en,freight,pass,Shipping from China to the Middle East | DDNZ Global Port and gateway network,Shipping from China to the Middle East.,"Shipping from China to the Middle East. CHINA → DESTINATION One region does not mean one shipping or import plan. Review cargo, importer, delivery address and available transport for each country. 01 / Port and gateway network",
/zh-cn/shipping-from-china-to-middle-east/,zh-cn,freight,pass,中国至 中东 | DDNZ Global 港口与门户网络,从中国发往 中东.,从中国发往 中东. 中国 → 目的地 同在一个地区，不代表可以套用同一套运输与进口方案。按目的国核对货物、收货主体、交付地址与可用运输方式。 01 / 港口与门户网络,
/ru/shipping-from-china-to-middle-east/,ru,freight,pass,Доставка из Китая на Ближний Восток | DDNZ Global Сеть портов и переходов,Доставка из Китая на Ближний Восток.,"Доставка из Китая на Ближний Восток. КИТАЙ → НАЗНАЧЕНИЕ Сначала выберите страну. Затем согласуем груз, порт, импортёра и границы доставки в одном плане. 01 / Сеть портов и переходов",
/fr/shipping-from-china-to-middle-east/,fr,freight,pass,Expédier de Chine vers le Moyen-Orient | DDNZ Global Réseau de ports et passages,Expédier de Chine vers le Moyen-Orient.,"Expédier de Chine vers le Moyen-Orient. CHINE → DESTINATION Choisissez d’abord le pays. Nous alignons ensuite le fret, le port, l’importateur et le périmètre de livraison. 01 / Réseau de ports et passages",
/es/shipping-from-china-to-middle-east/,es,freight,pass,Envíos de China a Oriente Medio | DDNZ Global Red de puertos y accesos,Envíos de China a Oriente Medio.,"Envíos de China a Oriente Medio. CHINA → DESTINO Una región no implica un único plan de transporte o importación. Revisar carga, importador, dirección y modalidades por país. 01 / Red de puertos y accesos",
/ar/shipping-from-china-to-middle-east/,ar,freight,pass,الشحن من الصين إلى الشرق الأوسط | DDNZ Global شبكة الموانئ والبوابات,الشحن من الصين إلى الشرق الأوسط.,الشحن من الصين إلى الشرق الأوسط. الصين ← الوجهة اختر بلد الوجهة أولاً، ثم نحدد البضاعة والميناء والمستورد ونطاق التسليم ضمن خطة قابلة للتنفيذ. 01 / شبكة الموانئ والبوابات,
/pt/shipping-from-china-to-middle-east/,pt,freight,pass,Envio da China para o Oriente Médio | DDNZ Global Rede de portos,Envio da China para o Oriente Médio.,"Envio da China para o Oriente Médio. CHINA → DESTINO Escolha primeiro o país. Depois alinhamos carga, porto, importador e escopo de entrega. 01 / Rede de portos",
/tr/shipping-from-china-to-middle-east/,tr,freight,pass,Çin’den sevkiyat: Orta Doğu | DDNZ Global Liman ve geçit ağı,Çin’den sevkiyat: Orta Doğu.,"Çin’den sevkiyat: Orta Doğu. ÇİN → VARIŞ Önce ülkeyi seçin. Sonra yük, liman, ithalatçı ve teslim kapsamını birlikte netleştirelim. 01 / Liman ve geçit ağı",
/shipping-from-china-to-central-asia/,en,freight,pass,Shipping from China to Central Asia and Russia. | DDNZ Global China to Central Asia border gateways and destinations,Shipping from China to Central Asia and Russia.,"Shipping from China to Central Asia and Russia. Central Asia & Russia Kazakhstan, Uzbekistan and neighboring markets do not share one border, clearance or delivery plan. Select your destination, cargo and mode before asking for a transit estimate. BUILD YOUR ROUTE",
/zh-cn/shipping-from-china-to-central-asia/,zh-cn,freight,pass,中国到中亚五国及俄罗斯，按货物设计路线。 | DDNZ Global 中国至中亚主要跨境运输口岸与城市,中国到中亚五国及俄罗斯，按货物设计路线。,中国到中亚五国及俄罗斯，按货物设计路线。 中亚五国及俄罗斯 哈萨克斯坦、乌兹别克斯坦及周边国家不能套用同一套口岸、清关和交付安排。先选目的国、货物与运输方式，再谈时效。 组合你的路线,
/ru/shipping-from-china-to-central-asia/,ru,freight,pass,Доставка из Китая в Центральную Азию и Россию. | DDNZ Global Пограничные переходы и пункты назначения Центральной Азии,Доставка из Китая в Центральную Азию и Россию.,"Доставка из Китая в Центральную Азию и Россию. Центральная Азия и Россия Казахстан, Узбекистан и соседние рынки требуют разных переходов, оформления и схем выдачи. Укажите страну, груз и способ перевозки до оценки срока. СОБРАТЬ МАРШРУТ",
/fr/shipping-from-china-to-central-asia/,fr,freight,pass,Expédier de Chine vers l’Asie centrale et la Russie. | DDNZ Global Passages et destinations entre Chine et Asie centrale,Expédier de Chine vers l’Asie centrale et la Russie.,"Expédier de Chine vers l’Asie centrale et la Russie. Asie centrale et Russie Kazakhstan, Ouzbékistan et marchés voisins n’ont pas les mêmes passages ni modalités de livraison. Précisez pays, fret et mode avant de demander un délai. CONSTRUIRE L’ITINÉRAIRE",
/es/shipping-from-china-to-central-asia/,es,freight,pass,Envíos de China a Asia Central y Rusia. | DDNZ Global Pasos fronterizos y destinos de Asia Central,Envíos de China a Asia Central y Rusia.,"Envíos de China a Asia Central y Rusia. Asia Central y Rusia Kazajistán, Uzbekistán y mercados vecinos tienen pasos, despachos y entregas distintos. Indica destino, carga y modo antes de estimar el plazo. CONFIGURAR RUTA",
/ar/shipping-from-china-to-central-asia/,ar,freight,pass,الشحن من الصين إلى آسيا الوسطى وروسيا. | DDNZ Global معابر ووجهات الصين وآسيا الوسطى,الشحن من الصين إلى آسيا الوسطى وروسيا.,الشحن من الصين إلى آسيا الوسطى وروسيا. آسيا الوسطى وروسيا تختلف كازاخستان وأوزبكستان والأسواق المجاورة في المعابر والتخليص والتسليم. حدد الوجهة والبضاعة والوسيلة قبل تقدير المدة. كوّن مسارك,
/pt/shipping-from-china-to-central-asia/,pt,freight,pass,Envio da China para a Ásia Central e Rússia. | DDNZ Global Passagens e destinos entre China e Ásia Central,Envio da China para a Ásia Central e Rússia.,"Envio da China para a Ásia Central e Rússia. Ásia Central e Rússia Cazaquistão, Uzbequistão e vizinhos exigem passagens e entregas distintas. Defina destino, carga e modo antes do prazo. MONTE SUA ROTA",
/tr/shipping-from-china-to-central-asia/,tr,freight,pass,Çin’den Orta Asya ve Rusya’ya yük taşımacılığı. | DDNZ Global Çin–Orta Asya sınır geçitleri ve varış noktaları,Çin’den Orta Asya ve Rusya’ya yük taşımacılığı.,"Çin’den Orta Asya ve Rusya’ya yük taşımacılığı. Orta Asya ve Rusya Kazakistan, Özbekistan ve komşu pazarların sınır ve teslim planları farklıdır. Süre istemeden önce ülke, yük ve modu belirleyin. ROTANIZI OLUŞTURUN",
/shipping-from-china-to-west-africa/,en,freight,pass,Shipping from China to West Africa | DDNZ Global Port and gateway network,Shipping from China to West Africa.,"Shipping from China to West Africa. CHINA → DESTINATION Arrival at port is only one stage. Compare clearance responsibilities, collection, inland delivery and replenishment as one shipment plan. 01 / Port and gateway network",
/zh-cn/shipping-from-china-to-west-africa/,zh-cn,freight,pass,中国至 西非 | DDNZ Global 港口与门户网络,从中国发往 西非.,从中国发往 西非. 中国 → 目的地 海运到港只是其中一段。把清关分工、提货、内陆配送与补货安排放在一起，才能比较一票货的完整成本。 01 / 港口与门户网络,
/ru/shipping-from-china-to-west-africa/,ru,freight,pass,Доставка из Китая в Западную Африку | DDNZ Global Сеть портов и переходов,Доставка из Китая в Западную Африку.,"Доставка из Китая в Западную Африку. КИТАЙ → НАЗНАЧЕНИЕ Сначала выберите страну. Затем согласуем груз, порт, импортёра и границы доставки в одном плане. 01 / Сеть портов и переходов",
/fr/shipping-from-china-to-west-africa/,fr,freight,pass,Expédier de Chine vers l’Afrique de l’Ouest | DDNZ Global Réseau de ports et passages,Expédier de Chine vers l’Afrique de l’Ouest.,"Expédier de Chine vers l’Afrique de l’Ouest. CHINE → DESTINATION Choisissez d’abord le pays. Nous alignons ensuite le fret, le port, l’importateur et le périmètre de livraison. 01 / Réseau de ports et passages",
/es/shipping-from-china-to-west-africa/,es,freight,pass,Envíos de China a África Occidental | DDNZ Global Red de puertos y accesos,Envíos de China a África Occidental.,"Envíos de China a África Occidental. CHINA → DESTINO La llegada al puerto es solo una etapa. Compara despacho, retiro, entrega interior y reposición dentro de un mismo plan. 01 / Red de puertos y accesos",
/ar/shipping-from-china-to-west-africa/,ar,freight,pass,الشحن من الصين إلى غرب أفريقيا | DDNZ Global شبكة الموانئ والبوابات,الشحن من الصين إلى غرب أفريقيا.,الشحن من الصين إلى غرب أفريقيا. الصين ← الوجهة اختر بلد الوجهة أولاً، ثم نحدد البضاعة والميناء والمستورد ونطاق التسليم ضمن خطة قابلة للتنفيذ. 01 / شبكة الموانئ والبوابات,
/pt/shipping-from-china-to-west-africa/,pt,freight,pass,Envio da China para a África Ocidental | DDNZ Global Rede de portos,Envio da China para a África Ocidental.,"Envio da China para a África Ocidental. CHINA → DESTINO Escolha primeiro o país. Depois alinhamos carga, porto, importador e escopo de entrega. 01 / Rede de portos",
/tr/shipping-from-china-to-west-africa/,tr,freight,pass,Çin’den sevkiyat: Batı Afrika | DDNZ Global Liman ve geçit ağı,Çin’den sevkiyat: Batı Afrika.,"Çin’den sevkiyat: Batı Afrika. ÇİN → VARIŞ Önce ülkeyi seçin. Sonra yük, liman, ithalatçı ve teslim kapsamını birlikte netleştirelim. 01 / Liman ve geçit ağı",
/shipping-from-china-to-latin-america/,en,freight,pass,Shipping from China to Latin America | DDNZ Global Port and gateway network,Shipping from China to Latin America.,"Shipping from China to Latin America. CHINA → DESTINATION The destination country shapes document requirements; the delivery address shapes the final leg. Select your market, then review the cargo, origin port and delivery scope. 01 / Port and gateway network",
/zh-cn/shipping-from-china-to-latin-america/,zh-cn,freight,pass,中国至 拉美 | DDNZ Global 港口与门户网络,从中国发往 拉美.,从中国发往 拉美. 中国 → 目的地 目的国决定文件要求，交付地址决定后半程。先选市场，再一起确认货物、起运港与交付范围。 01 / 港口与门户网络,
/ru/shipping-from-china-to-latin-america/,ru,freight,pass,Доставка из Китая в Латинскую Америку | DDNZ Global Сеть портов и переходов,Доставка из Китая в Латинскую Америку.,"Доставка из Китая в Латинскую Америку. КИТАЙ → НАЗНАЧЕНИЕ Сначала выберите страну. Затем согласуем груз, порт, импортёра и границы доставки в одном плане. 01 / Сеть портов и переходов",
/fr/shipping-from-china-to-latin-america/,fr,freight,pass,Expédier de Chine vers l’Amérique latine | DDNZ Global Réseau de ports et passages,Expédier de Chine vers l’Amérique latine.,"Expédier de Chine vers l’Amérique latine. CHINE → DESTINATION Choisissez d’abord le pays. Nous alignons ensuite le fret, le port, l’importateur et le périmètre de livraison. 01 / Réseau de ports et passages",
/es/shipping-from-china-to-latin-america/,es,freight,pass,Envíos de China a Latinoamérica | DDNZ Global Red de puertos y accesos,Envíos de China a Latinoamérica.,"Envíos de China a Latinoamérica. CHINA → DESTINO El país define los requisitos documentales; la dirección define el tramo final. Elige tu mercado y revisemos la carga, el puerto de origen y el alcance de entrega. 01 / Red de puertos y accesos",
/ar/shipping-from-china-to-latin-america/,ar,freight,pass,الشحن من الصين إلى أمريكا اللاتينية | DDNZ Global شبكة الموانئ والبوابات,الشحن من الصين إلى أمريكا اللاتينية.,الشحن من الصين إلى أمريكا اللاتينية. الصين ← الوجهة اختر بلد الوجهة أولاً، ثم نحدد البضاعة والميناء والمستورد ونطاق التسليم ضمن خطة قابلة للتنفيذ. 01 / شبكة الموانئ والبوابات,
/pt/shipping-from-china-to-latin-america/,pt,freight,pass,Envio da China para a América Latina | DDNZ Global Rede de portos,Envio da China para a América Latina.,"Envio da China para a América Latina. CHINA → DESTINO Escolha primeiro o país. Depois alinhamos carga, porto, importador e escopo de entrega. 01 / Rede de portos",
/tr/shipping-from-china-to-latin-america/,tr,freight,pass,Çin’den sevkiyat: Latin Amerika | DDNZ Global Liman ve geçit ağı,Çin’den sevkiyat: Latin Amerika.,"Çin’den sevkiyat: Latin Amerika. ÇİN → VARIŞ Önce ülkeyi seçin. Sonra yük, liman, ithalatçı ve teslim kapsamını birlikte netleştirelim. 01 / Liman ve geçit ağı",
/get-a-quote/,en,utility,context-only,"Request China Sourcing, Inspection or Freight Support | DDNZ",,,
/zh-cn/get-a-quote/,zh-cn,utility,context-only,提交中国采购、验货、集货或货运需求 | DDNZ Global,,,
/ru/get-a-quote/,ru,utility,context-only,"Запрос на закупку, инспекцию или доставку из Китая | DDNZ",,,
/fr/get-a-quote/,fr,utility,context-only,"Demande sourcing, inspection ou fret depuis la Chine | DDNZ",,,
/es/get-a-quote/,es,utility,context-only,Solicite una cotización de compras y transporte desde China | DDNZ,,,
/ar/get-a-quote/,ar,utility,context-only,اطلب عرض توريد أو شحن من الصين | DDNZ Global,,,
/pt/get-a-quote/,pt,utility,context-only,"Solicite suporte de sourcing, inspeção ou frete | DDNZ",,,
/tr/get-a-quote/,tr,utility,context-only,"Çin tedarik, denetim veya navlun desteği talep edin | DDNZ",,,
/products/,en,product,pass,Product Sourcing from China | DDNZ Global,Source products from China. Build a range you can compare.,"Source products from China. Build a range you can compare. PRODUCT SOURCING · CATEGORY INDEX Buy commercial kitchen equipment, food processing machinery, speakers, mobile accessories and outdoor products from China. Compare models and buying requirements, then send one brief for supplier sourcing, inspection and export coordination. Compare products, understand the price and bring a clearer brief to your supplier.",
/zh-cn/products/,zh-cn,product,pass,从中国采购产品，建立可比较的产品组合。 | DDNZ,从中国采购产品，建立可比较的产品组合。,从中国采购产品，建立可比较的产品组合。 DDNZ GLOBAL · 采购品类 采购中国商用厨房设备、食品加工机械、音响、手机配件和户外产品。先比较型号、配置与采购要求，再统一安排供应商寻找、验货、集货和出口。 按菜单、产能和使用环境搭配烹饪、备餐与冷藏设备。,
/es/products/,es,product,pass,Compre productos de China y construya una gama comparable. | DDNZ,Compre productos de China y construya una gama comparable.,"Compre productos de China y construya una gama comparable. DDNZ GLOBAL · Categorías de compra Busque equipos de cocina, maquinaria alimentaria, altavoces, accesorios móviles y productos de exterior en China. Compare modelos y requisitos antes de coordinar proveedores, inspección, consolidación y exportación. Combine cocción, preparación y frío según menú, capacidad y entorno.",
/ar/products/,ar,product,pass,اشترِ منتجات من الصين وابنِ تشكيلة قابلة للمقارنة. | DDNZ,اشترِ منتجات من الصين وابنِ تشكيلة قابلة للمقارنة.,اشترِ منتجات من الصين وابنِ تشكيلة قابلة للمقارنة. DDNZ GLOBAL · فئات الشراء ابحث عن معدات المطابخ وآلات تجهيز الأغذية ومكبرات الصوت وإكسسوارات الهواتف ومنتجات الرحلات من الصين. قارن الموديلات والمتطلبات قبل تنسيق الموردين والفحص وتجميع الشحنات والتصدير. اجمع معدات الطهي والتحضير والتبريد حسب قائمة الطعام والطاقة الإنتاجية وبيئة التشغيل.,
/ru/products/,ru,product,pass,Закупайте товары из Китая и формируйте сопоставимый ассортимент. | DDNZ,Закупайте товары из Китая и формируйте сопоставимый ассортимент.,"Закупайте товары из Китая и формируйте сопоставимый ассортимент. DDNZ GLOBAL · Категории закупок Подбирайте в Китае кухонное оборудование, пищевые машины, акустику, мобильные аксессуары и товары для отдыха. Сравните модели и требования перед поиском поставщиков, инспекцией, консолидацией и экспортом. Подбирайте тепловое, подготовительное и холодильное оборудование под меню, производительность и условия эксплуатации.",
/fr/products/,fr,product,pass,Achetez en Chine et constituez une gamme comparable. | DDNZ,Achetez en Chine et constituez une gamme comparable.,"Achetez en Chine et constituez une gamme comparable. DDNZ GLOBAL · Catégories d’achat Trouvez en Chine du matériel de cuisine, des machines alimentaires, des enceintes, des accessoires mobiles et des équipements de plein air. Comparez modèles et exigences avant de coordonner fournisseurs, inspection, groupage et exportation. Associez cuisson, préparation et froid selon le menu, la capacité et les conditions d’utilisation.",
/pt/products/,pt,product,pass,Compre produtos da China e monte uma seleção comparável. | DDNZ,Compre produtos da China e monte uma seleção comparável.,"Compre produtos da China e monte uma seleção comparável. DDNZ GLOBAL · Categorias de compra Encontre equipamentos de cozinha, máquinas para alimentos, caixas de som, acessórios para celular e produtos para atividades ao ar livre na China. Compare modelos e requisitos antes de coordenar fornecedores, inspeção, consolidação e exportação. Combine cocção, preparação e refrigeração conforme cardápio, capacidade e ambiente.",
/tr/products/,tr,product,pass,"Çin’den ürün satın alın, karşılaştırılabilir bir ürün grubu oluşturun. | DDNZ","Çin’den ürün satın alın, karşılaştırılabilir bir ürün grubu oluşturun.","Çin’den ürün satın alın, karşılaştırılabilir bir ürün grubu oluşturun. DDNZ GLOBAL · Satın alma kategorileri Çin’den ticari mutfak ekipmanı, gıda işleme makineleri, hoparlör, telefon aksesuarı ve açık hava ürünleri tedarik edin. Tedarikçi, denetim, konsolidasyon ve ihracatı planlamadan önce modelleri ve satın alma şartlarını karşılaştırın. Pişirme, hazırlık ve soğutmayı menüye, kapasiteye ve çalışma ortamına göre birleştirin.",
/sourcing-services/,en,sourcing-service,pass,China Sourcing Services for Retailers & Importers | DDNZ,China sourcing services. From supplier search to export handoff.,"China sourcing services. From supplier search to export handoff. CHINA SOURCING SERVICES · TWO BUYING PATHS Buying products from China for a retail range or import project? DDNZ helps you find suppliers, compare quotations, approve samples and coordinate inspection, consolidation and export handoff. Lower quantity per SKU · multiple colorways · air replenishment",
/zh-cn/sourcing-services/,zh-cn,sourcing-service,pass,中国采购服务：从寻找供应商到出口交接。 | DDNZ,中国采购服务：从寻找供应商到出口交接。,中国采购服务：从寻找供应商到出口交接。 DDNZ GLOBAL · 中国执行服务 面向零售商、进口商和项目采购方，DDNZ 在中国协调供应商比较、样品确认、生产跟进、质检与出口准备。商业决策由买家确认，执行范围和交接责任逐项记录。 适合多门店经营者试销新品、混合款式和频繁补货。请提供每款数量、颜色、包装及补货节奏，逐项确认最低订购量。,
/es/sourcing-services/,es,sourcing-service,pass,Compras en China: de la búsqueda de proveedores a la exportación. | DDNZ,Compras en China: de la búsqueda de proveedores a la exportación.,"Compras en China: de la búsqueda de proveedores a la exportación. DDNZ GLOBAL · Servicios en China DDNZ coordina comparación de proveedores, muestras, seguimiento de producción, inspección y preparación para exportar desde China para minoristas, importadores y proyectos. El comprador aprueba las decisiones comerciales; el alcance y las responsabilidades quedan registrados. Para probar productos, combinar referencias y reponer varias tiendas. Indique unidades por referencia, colores, embalaje y frecuencia; confirme el mínimo de cada configuración.",
/ar/sourcing-services/,ar,sourcing-service,pass,خدمات التوريد من الصين: من البحث عن المورد إلى تسليم شحنة التصدير. | DDNZ,خدمات التوريد من الصين: من البحث عن المورد إلى تسليم شحنة التصدير.,خدمات التوريد من الصين: من البحث عن المورد إلى تسليم شحنة التصدير. DDNZ GLOBAL · خدمات في الصين تنسق DDNZ في الصين مقارنة الموردين والعينات ومتابعة الإنتاج والفحص والتحضير للتصدير لتجار التجزئة والمستوردين ومشتري المشاريع. يعتمد المشتري القرارات التجارية، مع توثيق نطاق العمل والمسؤوليات. لتجربة المنتجات ومزج الأصناف وتجديد مخزون عدة متاجر. حدد الكمية لكل صنف والألوان والتغليف ودورية الطلب، وأكد الحد الأدنى لكل تكوين.,
/ru/sourcing-services/,ru,sourcing-service,pass,Закупки в Китае: от поиска поставщика до передачи на экспорт. | DDNZ,Закупки в Китае: от поиска поставщика до передачи на экспорт.,"Закупки в Китае: от поиска поставщика до передачи на экспорт. DDNZ GLOBAL · Услуги в Китае DDNZ координирует в Китае сравнение поставщиков, образцы, контроль производства, инспекции и подготовку к экспорту для розничных сетей, импортёров и проектов. Коммерческие решения утверждает покупатель; объём работ и ответственность фиксируются. Для тестовых продаж, смешанного ассортимента и регулярного пополнения нескольких магазинов. Укажите количество по артикулу, цвета, упаковку и частоту; уточните минимальный заказ каждой конфигурации.",
/fr/sourcing-services/,fr,sourcing-service,pass,Sourcing en Chine : des fournisseurs à la remise pour exportation. | DDNZ,Sourcing en Chine : des fournisseurs à la remise pour exportation.,"Sourcing en Chine : des fournisseurs à la remise pour exportation. DDNZ GLOBAL · Services en Chine Pour les détaillants, importateurs et acheteurs de projets, DDNZ coordonne en Chine la comparaison des fournisseurs, les échantillons, le suivi de production, les inspections et la préparation à l’export. L’acheteur valide les décisions commerciales ; le périmètre et les responsabilités sont consignés. Pour tester des produits, panacher les références et réapprovisionner plusieurs magasins. Indiquez quantités par référence, couleurs, emballage et fréquence ; vérifiez chaque minimum de commande.",
/pt/sourcing-services/,pt,sourcing-service,pass,Sourcing na China: da busca de fornecedores à exportação. | DDNZ,Sourcing na China: da busca de fornecedores à exportação.,"Sourcing na China: da busca de fornecedores à exportação. DDNZ GLOBAL · Serviços na China Para varejistas, importadores e compradores de projetos, a DDNZ coordena comparação de fornecedores, amostras, acompanhamento da produção, inspeção e preparação para exportação na China. O comprador aprova as decisões comerciais; escopo e responsabilidades ficam registrados. Para testar produtos, combinar modelos e repor estoques de várias lojas. Informe quantidade por item, cores, embalagem e frequência; confirme o pedido mínimo de cada configuração.",
/tr/sourcing-services/,tr,sourcing-service,pass,Çin’de tedarik hizmetleri: tedarikçi aramadan ihracata teslime. | DDNZ,Çin’de tedarik hizmetleri: tedarikçi aramadan ihracata teslime.,"Çin’de tedarik hizmetleri: tedarikçi aramadan ihracata teslime. DDNZ GLOBAL · Çin’de hizmetler DDNZ; perakendeciler, ithalatçılar ve proje alıcıları için Çin’de tedarikçi karşılaştırması, numune onayı, üretim takibi, denetim ve ihracat hazırlığını koordine eder. Ticari kararları alıcı onaylar; kapsam ve sorumluluklar kayda alınır. Ürün denemeleri, karma modeller ve çok mağazalı stok yenileme için. Model başına adet, renk, ambalaj ve sıklığı belirtin; her yapılandırmanın asgari siparişini doğrulayın.",
/refrigeration-equipment/,en,product,pass,Commercial Refrigeration Equipment Sourcing | DDNZ,Source commercial refrigeration equipment from China.,"Source commercial refrigeration equipment from China. Product Sourcing · Commercial Refrigeration DDNZ compares commercial refrigerators, prep counters, display cabinets and ice makers against the destination climate, service environment and approved configuration. A comparable refrigeration quotation should identify the model, dimensions, usable volume, ambient class, refrigerant, voltage, temperature range, component access and packing.",
/zh-cn/refrigeration-equipment/,zh-cn,product,pass,从中国采购商用制冷设备 | DDNZ,从中国采购商用制冷设备,从中国采购商用制冷设备 将温度、有效容量、环境气候与工作流程转化为可比较的中国供货方案，逐一确认型号、运行测试与出口包装。 适合餐厅酒店，可选冷藏、冷冻或双温区。资料型号示例为 860 L、直冷双温，1–8°C／−5 至 −18°C，列有 R600a／R290；具体冷媒和配置须逐型号确认。产品图为示意图。 用于备餐线与出餐区，1–3 门、工作面及 GN 盘组合。资料系列为风冷辅助、0–10°C；报价前确认料盘布局、台面深度和检修空间。图片为应用场景。,
/es/refrigeration-equipment/,es,product,pass,Compre equipos de refrigeración comercial de China | DDNZ,Compre equipos de refrigeración comercial de China,"Compre equipos de refrigeración comercial de China Convierta temperatura, capacidad útil, clima y operación en ofertas comparables de China. Confirme modelo, ensayos y embalaje de exportación. Para restaurantes y hoteles: refrigeración, congelación o doble zona. Ejemplo de fuente: 860 L, frío directo, 1–8°C / −5 a −18°C, R600a / R290 indicados. Confirme refrigerante y configuración por modelo. Ilustración de producto. Para preparación y pase: una a tres puertas, encimera y cubetas GN. Familia de fuente con ventilación asistida y 0–10°C. Confirme disposición de cubetas, profundidad y acceso técnico. Imagen de aplicación.",
/ar/refrigeration-equipment/,ar,product,pass,شراء معدات تبريد تجارية من الصين | DDNZ,شراء معدات تبريد تجارية من الصين,شراء معدات تبريد تجارية من الصين حوّل الحرارة والسعة المفيدة والمناخ وسير العمل إلى عروض قابلة للمقارنة من الصين. أكد الموديل واختبارات التشغيل وتغليف التصدير. للمطاعم والفنادق: تبريد أو تجميد أو منطقتان. مثال المصدر 860 L وتبريد مباشر، 1–8°C / −5 إلى −18°C، وR600a / R290 مدرجان. أكد وسيط التبريد والتجهيز لكل موديل. الصورة توضيحية. للتحضير والتسليم: باب إلى ثلاثة أبواب وسطح وأوعية GN. عائلة المصدر بمساعدة مروحة، 0–10°C. أكد ترتيب الأوعية والعمق والصيانة. صورة تطبيقية.,
/ru/refrigeration-equipment/,ru,product,pass,Купить коммерческое холодильное оборудование из Китая | DDNZ,Купить коммерческое холодильное оборудование из Китая,"Купить коммерческое холодильное оборудование из Китая Переведите температуру, полезную вместимость, климат и рабочий процесс в сопоставимые предложения из Китая. Уточните модель, испытания и экспортную упаковку. Для ресторанов и отелей: охлаждение, заморозка или две зоны. Пример источника: 860 л, прямое охлаждение, 1–8°C / −5 до −18°C, указаны R600a / R290. Уточняйте хладагент и комплектацию каждой модели. Иллюстрация изделия. Для подготовки и выдачи: одна–три двери, столешница и GN. Семейство источника с вентилятором, 0–10°C. Уточните лотки, глубину и доступ обслуживания. Изображение применения.",
/fr/refrigeration-equipment/,fr,product,pass,Achetez du matériel frigorifique professionnel en Chine | DDNZ,Achetez du matériel frigorifique professionnel en Chine,"Achetez du matériel frigorifique professionnel en Chine Transformez température, capacité utile, climat et exploitation en offres comparables en Chine. Confirmez modèle, essais et emballage export. Pour restaurants et hôtels : froid positif, négatif ou deux zones. Exemple source : 860 L, froid direct, 1–8°C / −5 à −18°C, R600a / R290 mentionnés. Confirmez fluide et configuration par modèle. Illustration du produit. Pour préparation et passe : une à trois portes, plan et bacs GN. Famille source ventilée, 0–10°C. Confirmez disposition des bacs, profondeur et accès technique. Vue d’application.",
/pt/refrigeration-equipment/,pt,product,pass,Compre equipamentos de refrigeração comercial da China | DDNZ,Compre equipamentos de refrigeração comercial da China,"Compre equipamentos de refrigeração comercial da China Transforme temperatura, capacidade útil, clima e rotina em propostas comparáveis da China. Confirme modelo, testes de funcionamento e embalagem de exportação. Para restaurantes e hotéis: refrigeração, congelamento ou duas zonas. Exemplo da fonte: 860 L, frio direto e duas zonas, 1–8°C / −5 a −18°C, R600a / R290 listados. Confirme fluido e configuração por modelo. Imagem ilustrativa. Para preparo e passe: uma a três portas, tampo e cubas GN. Família da fonte com ventilação assistida e 0–10°C. Confirme distribuição das cubas, profundidade e acesso técnico. Imagem de aplicação.",
/tr/refrigeration-equipment/,tr,product,pass,Çin’den ticari soğutma ekipmanı satın alın | DDNZ,Çin’den ticari soğutma ekipmanı satın alın,"Çin’den ticari soğutma ekipmanı satın alın Sıcaklık, kullanılabilir kapasite, iklim ve iş akışını Çin’den karşılaştırılabilir tekliflere dönüştürün. Model, çalışma testleri ve ihracat ambalajını doğrulayın. Restoran ve oteller için soğutma, dondurma veya çift bölge. Kaynak örneği: 860 L, doğrudan soğutma, 1–8°C / −5 ila −18°C, R600a / R290 listeli. Akışkanı ve yapılandırmayı model bazında doğrulayın. Ürün çizimidir. Hazırlık ve servis için bir ila üç kapı, çalışma yüzeyi ve GN kaplar. Kaynak ailesi fan destekli, 0–10°C. Kap yerleşimi, derinlik ve servis erişimini doğrulayın. Uygulama görselidir.",
/sourcing/commercial-kitchen-equipment-from-china/,en,product,pass,Commercial Kitchen Equipment from China | DDNZ Global,Commercial kitchen equipment. Sourced in China.,"Commercial kitchen equipment. Sourced in China. For importers, wholesalers & distributors Source commercial kitchen equipment from China for your wholesale range. Compare 26 equipment models. Compare capacity, indicative supply prices and local retail references, then request a quote for your market. Serving buyers sourcing for the UAE, Singapore and Mexico.",
/zh-cn/sourcing/commercial-kitchen-equipment-from-china/,zh-cn,product,pass,中国商用厨房设备采购 | DDNZ Global,商用厨房设备。 从中国采购。,商用厨房设备。 从中国采购。 面向进口商、批发商与经销商 从 26 款型号中规划批发组合，比较产能、尺寸、供货参考价和零售参考，再为目标市场申请报价。 设备目录,
/es/sourcing/commercial-kitchen-equipment-from-china/,es,product,pass,Equipos de cocina comercial de China | DDNZ Global,Equipos de cocina comercial. Abastecimiento desde China.,"Equipos de cocina comercial. Abastecimiento desde China. PARA IMPORTADORES, MAYORISTAS Y DISTRIBUIDORES Prepare un surtido mayorista con 26 modelos. Compare capacidades , medidas , precios orientativos de suministro y referencias minoristas antes de solicitar una cotizaci ó n para su mercado. Equipos",
/ar/sourcing/commercial-kitchen-equipment-from-china/,ar,product,pass,معدات المطابخ التجارية من الصين | DDNZ Global,معدات المطابخ التجارية. توريد من الصين.,معدات المطابخ التجارية. توريد من الصين. للمستوردين وتجار الجملة والموزعين جهّز تشكيلة للبيع بالجملة من ٢٦ طرازًا. قارن السعات والأبعاد وأسعار التوريد الاسترشادية ومراجع التجزئة المحلية، ثم اطلب عرض سعر لسوقك. المعدات,
/ru/sourcing/commercial-kitchen-equipment-from-china/,ru,product,pass,Коммерческое кухонное оборудование из Китая | DDNZ Global,Оборудование для профессиональной кухни. Закупки в Китае.,"Оборудование для профессиональной кухни. Закупки в Китае. ДЛЯ ИМПОРТЁРОВ, ОПТОВИКОВ И ДИСТРИБЬЮТОРОВ Планируйте оптовый ассортимент с 26 моделями. Сравните емкости, размеры, ориентировочные цены на поставки и розничные ссылки, прежде чем запрашивать котировки для вашего рынка. оборудование",
/fr/sourcing/commercial-kitchen-equipment-from-china/,fr,product,pass,Approvisionnement en équipement de cuisine commerciale de la Chine,Équipement de cuisine professionnelle. Approvisionnement en Chine.,"Équipement de cuisine professionnelle. Approvisionnement en Chine. POUR IMPORTATEURS, GROSSISTES ET DISTRIBUTEURS Planifiez un assortiment de gros avec 26 mod è les. Comparez les capacit é s , les dimensions , les prix indicatifs de l ' offre et les r é f é rences de d é tail avant de demander un devis pour votre march é. Matériel",
/pt/sourcing/commercial-kitchen-equipment-from-china/,pt,product,pass,Compra de equipamentos de cozinha comercial da China - DDNZ Global,Equipamentos para cozinhas profissionais. Compra e fornecimento na China.,"Equipamentos para cozinhas profissionais. Compra e fornecimento na China. PARA IMPORTADORES, ATACADISTAS E DISTRIBUIDORES Planeje uma variedade por atacado com 26 modelos. Compare capacidades , dimens õ es , pre ç os indicativos de fornecimento e refer ê ncias de varejo antes de solicitar uma cota çã o para o seu mercado. Equipamento",
/tr/sourcing/commercial-kitchen-equipment-from-china/,tr,product,pass,Çin'den ticari mutfak ekipmanları | DDNZ Global,Endüstriyel mutfak ekipmanları. Çin’den tedarik.,"Endüstriyel mutfak ekipmanları. Çin’den tedarik. İTHALATÇILAR, TOPTANCILAR VE DİSTRİBÜTÖRLER İÇİN 26 modelle toptan ü r ü n se ç iminizi planlay ı n. Pazar ı n ı z i ç in teklif istemeden ö nce kapasiteyi , ö l çü leri , referans tedarik fiyatlar ı n ı ve perakende ö rneklerini kar şı la ş t ı r ı n. Ekipmanlar",
/sourcing/restaurant-kitchen-packages-from-china/,en,product,pass,Restaurant Kitchen Packages from China | Layout + Equipment | DDNZ,Plan the kitchen. Buy from China.,"Plan the kitchen. Buy from China. Restaurant Kitchen Packages · Layout + Equipment For first-time restaurant founders, growing food-service brands and equipment distributors. DDNZ connects a dimensioned concept layout, coordinated equipment package and China sourcing plan. Choose a quick-service, cafe and light-meal, or casual-dining scenario. Each package connects operating flow, equipment groups, utilities, supplier comparison, inspection and export handoff.",
/zh-cn/sourcing/restaurant-kitchen-packages-from-china/,zh-cn,product,pass,从中国采购餐厅厨房设备组合 | DDNZ,从中国采购餐厅厨房设备组合,从中国采购餐厅厨房设备组合 按菜单、营业模式、场地与水电条件组织设备采购。比较六种餐饮场景，再确认型号、数量、布局与出口需求。 后侧收货进入冷藏与备餐，炸制和扒制集中在一条热厨线上，出餐面向取餐侧，脏餐具从另一侧返回。 L 形服务吧台将咖啡、冰和冷备餐集中；顾客沿展示与收银动线前进，员工在吧台内工作，收货与洗涤位于后侧。,
/es/sourcing/restaurant-kitchen-packages-from-china/,es,product,pass,Compre conjuntos de cocina para restaurantes de China | DDNZ,Compre conjuntos de cocina para restaurantes de China,"Compre conjuntos de cocina para restaurantes de China Organice la compra por menú, operación, espacio e instalaciones. Compare seis escenarios antes de confirmar modelos, cantidades, distribución y exportación. La recepción trasera alimenta frío y preparación. Fritura y plancha comparten una línea caliente orientada a recogida; los utensilios sucios vuelven por el lado opuesto. La barra en L acerca café, hielo y preparación fría. El cliente sigue exposición y pago; el personal trabaja dentro, con recepción y lavado detrás.",
/ar/sourcing/restaurant-kitchen-packages-from-china/,ar,product,pass,شراء مجموعات مطابخ المطاعم من الصين | DDNZ,شراء مجموعات مطابخ المطاعم من الصين,شراء مجموعات مطابخ المطاعم من الصين نظّم الشراء حسب القائمة ونمط التشغيل والمساحة والخدمات. قارن ستة سيناريوهات قبل تأكيد الموديلات والكميات والتوزيع والتصدير. الاستلام الخلفي يغذي التبريد والتحضير. القلي والصاج بخط ساخن واحد، والتسليم باتجاه الاستلام؛ تعود الأواني المتسخة من الجهة المقابلة. يجمع البار بشكل L القهوة والثلج والتحضير البارد. يتحرك العميل عبر العرض والدفع؛ يعمل الفريق بالداخل والاستلام والغسل بالخلف.,
/ru/sourcing/restaurant-kitchen-packages-from-china/,ru,product,pass,Купить комплекты ресторанной кухни из Китая | DDNZ,Купить комплекты ресторанной кухни из Китая,"Купить комплекты ресторанной кухни из Китая Планируйте закупку по меню, формату, площади и коммуникациям. Сравните шесть сценариев до согласования моделей, количества, расстановки и экспорта. Задняя приёмка связана с холодом и подготовкой. Фритюр и жарочная поверхность в одной горячей линии, выдача обращена к получению; грязная посуда возвращается с другой стороны. Г-образная стойка сближает кофе, лёд и холодную подготовку. Гости идут вдоль витрины к кассе; персонал внутри, приёмка и мойка сзади.",
/fr/sourcing/restaurant-kitchen-packages-from-china/,fr,product,pass,Achetez des ensembles de cuisine de restaurant en Chine | DDNZ,Achetez des ensembles de cuisine de restaurant en Chine,"Achetez des ensembles de cuisine de restaurant en Chine Organisez l’achat selon menu, service, surface et installations. Comparez six scénarios avant de confirmer modèles, quantités, implantation et exportation. La réception arrière alimente le froid et la préparation. Friture et plaque partagent une ligne chaude face au retrait ; la vaisselle sale revient du côté opposé. Le bar en L rapproche café, glace et préparation froide. Les clients suivent vitrine et paiement ; le personnel reste à l’intérieur, réception et lavage à l’arrière.",
/pt/sourcing/restaurant-kitchen-packages-from-china/,pt,product,pass,Compre conjuntos de cozinha para restaurantes da China | DDNZ,Compre conjuntos de cozinha para restaurantes da China,"Compre conjuntos de cozinha para restaurantes da China Organize a compra por cardápio, operação, espaço e instalações. Compare seis cenários antes de confirmar modelos, quantidades, disposição e exportação. Recebimento traseiro alimenta refrigeração e preparo. Fritura e chapa ficam em uma linha quente, com saída para retirada; utensílios sujos retornam pelo lado oposto. O balcão em L aproxima café, gelo e preparo frio. Clientes seguem exposição e pagamento; equipe trabalha dentro do balcão, com recebimento e lavagem atrás.",
/tr/sourcing/restaurant-kitchen-packages-from-china/,tr,product,pass,Çin’den restoran mutfağı ekipman paketleri satın alın | DDNZ,Çin’den restoran mutfağı ekipman paketleri satın alın,"Çin’den restoran mutfağı ekipman paketleri satın alın Satın almayı menü, işletme, alan ve tesisata göre düzenleyin. Model, adet, yerleşim ve ihracatı onaylamadan önce altı senaryoyu karşılaştırın. Arka kabul, soğuk depoya ve hazırlığa besler. Kızartma ve ızgara tek sıcak hatta, çıkış teslim tarafındadır; kirliler karşı taraftan döner. L bar kahve, buz ve soğuk hazırlığı yaklaştırır. Müşteri teşhir ve ödeme boyunca ilerler; ekip içeride, kabul ve yıkama arkada kalır.",
/sourcing/restaurant-kitchen-packages-from-china/takeaway-qsr/,en,product,pass,Takeaway and QSR Kitchen Package from China | DDNZ,Takeaway + QSR kitchen equipment package from China,"Takeaway + QSR kitchen equipment package from China COMPLETE CONCEPT + PDF Source a takeaway + qsr kitchen equipment package from China around your menu, floor plan and utility requirements. A straight production line for fried, grilled and delivery-led menus. Receiving stays at the rear, prep feeds one hot line, and the pass faces pickup. Dirty ware returns on the opposite side.",
/zh-cn/sourcing/restaurant-kitchen-packages-from-china/takeaway-qsr/,zh-cn,product,pass,从中国采购外卖快餐厨房设备组合 | DDNZ,从中国采购外卖快餐厨房设备组合,从中国采购外卖快餐厨房设备组合 后侧收货进入冷藏与备餐，炸制和扒制集中在一条热厨线上，出餐面向取餐侧，脏餐具从另一侧返回。 后侧收货进入冷藏与备餐，炸制和扒制集中在一条热厨线上，出餐面向取餐侧，脏餐具从另一侧返回。 L 形服务吧台将咖啡、冰和冷备餐集中；顾客沿展示与收银动线前进，员工在吧台内工作，收货与洗涤位于后侧。,
/es/sourcing/restaurant-kitchen-packages-from-china/takeaway-qsr/,es,product,pass,Compre un conjunto de cocina para comida para llevar y servicio rápido de China | DDNZ,Compre un conjunto de cocina para comida para llevar y servicio rápido de China,"Compre un conjunto de cocina para comida para llevar y servicio rápido de China La recepción trasera alimenta frío y preparación. Fritura y plancha comparten una línea caliente orientada a recogida; los utensilios sucios vuelven por el lado opuesto. La recepción trasera alimenta frío y preparación. Fritura y plancha comparten una línea caliente orientada a recogida; los utensilios sucios vuelven por el lado opuesto. La barra en L acerca café, hielo y preparación fría. El cliente sigue exposición y pago; el personal trabaja dentro, con recepción y lavado detrás.",
/ar/sourcing/restaurant-kitchen-packages-from-china/takeaway-qsr/,ar,product,pass,شراء مجموعة مطبخ الوجبات السريعة والطلبات الخارجية من الصين | DDNZ,شراء مجموعة مطبخ الوجبات السريعة والطلبات الخارجية من الصين,شراء مجموعة مطبخ الوجبات السريعة والطلبات الخارجية من الصين الاستلام الخلفي يغذي التبريد والتحضير. القلي والصاج بخط ساخن واحد، والتسليم باتجاه الاستلام؛ تعود الأواني المتسخة من الجهة المقابلة. الاستلام الخلفي يغذي التبريد والتحضير. القلي والصاج بخط ساخن واحد، والتسليم باتجاه الاستلام؛ تعود الأواني المتسخة من الجهة المقابلة. يجمع البار بشكل L القهوة والثلج والتحضير البارد. يتحرك العميل عبر العرض والدفع؛ يعمل الفريق بالداخل والاستلام والغسل بالخلف.,
/ru/sourcing/restaurant-kitchen-packages-from-china/takeaway-qsr/,ru,product,pass,Купить комплект кухни «Еда навынос и быстрый сервис» из Китая | DDNZ,Купить комплект кухни «Еда навынос и быстрый сервис» из Китая,"Купить комплект кухни «Еда навынос и быстрый сервис» из Китая Задняя приёмка связана с холодом и подготовкой. Фритюр и жарочная поверхность в одной горячей линии, выдача обращена к получению; грязная посуда возвращается с другой стороны. Задняя приёмка связана с холодом и подготовкой. Фритюр и жарочная поверхность в одной горячей линии, выдача обращена к получению; грязная посуда возвращается с другой стороны. Г-образная стойка сближает кофе, лёд и холодную подготовку. Гости идут вдоль витрины к кассе; персонал внутри, приёмка и мойка сзади.",
/fr/sourcing/restaurant-kitchen-packages-from-china/takeaway-qsr/,fr,product,pass,Achetez un ensemble de cuisine pour vente à emporter et restauration rapide en Chine | DDNZ,Achetez un ensemble de cuisine pour vente à emporter et restauration rapide en Chine,"Achetez un ensemble de cuisine pour vente à emporter et restauration rapide en Chine La réception arrière alimente le froid et la préparation. Friture et plaque partagent une ligne chaude face au retrait ; la vaisselle sale revient du côté opposé. La réception arrière alimente le froid et la préparation. Friture et plaque partagent une ligne chaude face au retrait ; la vaisselle sale revient du côté opposé. Le bar en L rapproche café, glace et préparation froide. Les clients suivent vitrine et paiement ; le personnel reste à l’intérieur, réception et lavage à l’arrière.",
/pt/sourcing/restaurant-kitchen-packages-from-china/takeaway-qsr/,pt,product,pass,Compre um conjunto de cozinha para delivery e serviço rápido da China | DDNZ,Compre um conjunto de cozinha para delivery e serviço rápido da China,"Compre um conjunto de cozinha para delivery e serviço rápido da China Recebimento traseiro alimenta refrigeração e preparo. Fritura e chapa ficam em uma linha quente, com saída para retirada; utensílios sujos retornam pelo lado oposto. Recebimento traseiro alimenta refrigeração e preparo. Fritura e chapa ficam em uma linha quente, com saída para retirada; utensílios sujos retornam pelo lado oposto. O balcão em L aproxima café, gelo e preparo frio. Clientes seguem exposição e pagamento; equipe trabalha dentro do balcão, com recebimento e lavagem atrás.",
/tr/sourcing/restaurant-kitchen-packages-from-china/takeaway-qsr/,tr,product,pass,Çin’den paket servis ve hızlı servis için mutfak ekipman paketi satın alın | DDNZ,Çin’den paket servis ve hızlı servis için mutfak ekipman paketi satın alın,"Çin’den paket servis ve hızlı servis için mutfak ekipman paketi satın alın Arka kabul, soğuk depoya ve hazırlığa besler. Kızartma ve ızgara tek sıcak hatta, çıkış teslim tarafındadır; kirliler karşı taraftan döner. Arka kabul, soğuk depoya ve hazırlığa besler. Kızartma ve ızgara tek sıcak hatta, çıkış teslim tarafındadır; kirliler karşı taraftan döner. L bar kahve, buz ve soğuk hazırlığı yaklaştırır. Müşteri teşhir ve ödeme boyunca ilerler; ekip içeride, kabul ve yıkama arkada kalır.",
/sourcing/restaurant-kitchen-packages-from-china/cafe-light-meals/,en,product,pass,Cafe and Light Meals Kitchen Package from China | DDNZ,Cafe + light meals kitchen equipment package from China,"Cafe + light meals kitchen equipment package from China COMPLETE CONCEPT + PDF Source a cafe + light meals kitchen equipment package from China around your menu, floor plan and utility requirements. An L-shaped service bar that keeps coffee, ice and cold prep within reach. Customers move along display and payment. Staff work inside the bar triangle while receiving and washing stay behind the service line.",
/zh-cn/sourcing/restaurant-kitchen-packages-from-china/cafe-light-meals/,zh-cn,product,pass,从中国采购咖啡轻食厨房设备组合 | DDNZ,从中国采购咖啡轻食厨房设备组合,从中国采购咖啡轻食厨房设备组合 L 形服务吧台将咖啡、冰和冷备餐集中；顾客沿展示与收银动线前进，员工在吧台内工作，收货与洗涤位于后侧。 后侧收货进入冷藏与备餐，炸制和扒制集中在一条热厨线上，出餐面向取餐侧，脏餐具从另一侧返回。 L 形服务吧台将咖啡、冰和冷备餐集中；顾客沿展示与收银动线前进，员工在吧台内工作，收货与洗涤位于后侧。,
/es/sourcing/restaurant-kitchen-packages-from-china/cafe-light-meals/,es,product,pass,Compre un conjunto de cocina para cafetería y comidas ligeras de China | DDNZ,Compre un conjunto de cocina para cafetería y comidas ligeras de China,"Compre un conjunto de cocina para cafetería y comidas ligeras de China La barra en L acerca café, hielo y preparación fría. El cliente sigue exposición y pago; el personal trabaja dentro, con recepción y lavado detrás. La recepción trasera alimenta frío y preparación. Fritura y plancha comparten una línea caliente orientada a recogida; los utensilios sucios vuelven por el lado opuesto. La barra en L acerca café, hielo y preparación fría. El cliente sigue exposición y pago; el personal trabaja dentro, con recepción y lavado detrás.",
/ar/sourcing/restaurant-kitchen-packages-from-china/cafe-light-meals/,ar,product,pass,شراء مجموعة مطبخ المقهى والوجبات الخفيفة من الصين | DDNZ,شراء مجموعة مطبخ المقهى والوجبات الخفيفة من الصين,شراء مجموعة مطبخ المقهى والوجبات الخفيفة من الصين يجمع البار بشكل L القهوة والثلج والتحضير البارد. يتحرك العميل عبر العرض والدفع؛ يعمل الفريق بالداخل والاستلام والغسل بالخلف. الاستلام الخلفي يغذي التبريد والتحضير. القلي والصاج بخط ساخن واحد، والتسليم باتجاه الاستلام؛ تعود الأواني المتسخة من الجهة المقابلة. يجمع البار بشكل L القهوة والثلج والتحضير البارد. يتحرك العميل عبر العرض والدفع؛ يعمل الفريق بالداخل والاستلام والغسل بالخلف.,
/ru/sourcing/restaurant-kitchen-packages-from-china/cafe-light-meals/,ru,product,pass,Купить комплект кухни «Кафе и лёгкие блюда» из Китая | DDNZ,Купить комплект кухни «Кафе и лёгкие блюда» из Китая,"Купить комплект кухни «Кафе и лёгкие блюда» из Китая Г-образная стойка сближает кофе, лёд и холодную подготовку. Гости идут вдоль витрины к кассе; персонал внутри, приёмка и мойка сзади. Задняя приёмка связана с холодом и подготовкой. Фритюр и жарочная поверхность в одной горячей линии, выдача обращена к получению; грязная посуда возвращается с другой стороны. Г-образная стойка сближает кофе, лёд и холодную подготовку. Гости идут вдоль витрины к кассе; персонал внутри, приёмка и мойка сзади.",
/fr/sourcing/restaurant-kitchen-packages-from-china/cafe-light-meals/,fr,product,pass,Achetez un ensemble de cuisine pour café et petite restauration en Chine | DDNZ,Achetez un ensemble de cuisine pour café et petite restauration en Chine,"Achetez un ensemble de cuisine pour café et petite restauration en Chine Le bar en L rapproche café, glace et préparation froide. Les clients suivent vitrine et paiement ; le personnel reste à l’intérieur, réception et lavage à l’arrière. La réception arrière alimente le froid et la préparation. Friture et plaque partagent une ligne chaude face au retrait ; la vaisselle sale revient du côté opposé. Le bar en L rapproche café, glace et préparation froide. Les clients suivent vitrine et paiement ; le personnel reste à l’intérieur, réception et lavage à l’arrière.",
/pt/sourcing/restaurant-kitchen-packages-from-china/cafe-light-meals/,pt,product,pass,Compre um conjunto de cozinha para café e refeições leves da China | DDNZ,Compre um conjunto de cozinha para café e refeições leves da China,"Compre um conjunto de cozinha para café e refeições leves da China O balcão em L aproxima café, gelo e preparo frio. Clientes seguem exposição e pagamento; equipe trabalha dentro do balcão, com recebimento e lavagem atrás. Recebimento traseiro alimenta refrigeração e preparo. Fritura e chapa ficam em uma linha quente, com saída para retirada; utensílios sujos retornam pelo lado oposto. O balcão em L aproxima café, gelo e preparo frio. Clientes seguem exposição e pagamento; equipe trabalha dentro do balcão, com recebimento e lavagem atrás.",
/tr/sourcing/restaurant-kitchen-packages-from-china/cafe-light-meals/,tr,product,pass,Çin’den kafe ve hafif yemek için mutfak ekipman paketi satın alın | DDNZ,Çin’den kafe ve hafif yemek için mutfak ekipman paketi satın alın,"Çin’den kafe ve hafif yemek için mutfak ekipman paketi satın alın L bar kahve, buz ve soğuk hazırlığı yaklaştırır. Müşteri teşhir ve ödeme boyunca ilerler; ekip içeride, kabul ve yıkama arkada kalır. Arka kabul, soğuk depoya ve hazırlığa besler. Kızartma ve ızgara tek sıcak hatta, çıkış teslim tarafındadır; kirliler karşı taraftan döner. L bar kahve, buz ve soğuk hazırlığı yaklaştırır. Müşteri teşhir ve ödeme boyunca ilerler; ekip içeride, kabul ve yıkama arkada kalır.",
/sourcing/restaurant-kitchen-packages-from-china/casual-dining/,en,product,pass,Casual Dining Kitchen Package from China | DDNZ,Casual dining kitchen equipment package from China,"Casual dining kitchen equipment package from China COMPLETE CONCEPT + PDF Source a casual dining kitchen equipment package from China around your menu, floor plan and utility requirements. A zoned back-of-house with separate raw prep, hot production and warewashing. A central production aisle connects cold prep to the cook line. The dish return reaches wash without crossing the plating pass.",
/zh-cn/sourcing/restaurant-kitchen-packages-from-china/casual-dining/,zh-cn,product,pass,从中国采购休闲餐厅厨房设备组合 | DDNZ,从中国采购休闲餐厅厨房设备组合,从中国采购休闲餐厅厨房设备组合 后厨分开原料预处理、热加工与器皿清洗。中央通道连接冷备餐与热厨线，脏餐具回收不穿越装盘出餐区。 后侧收货进入冷藏与备餐，炸制和扒制集中在一条热厨线上，出餐面向取餐侧，脏餐具从另一侧返回。 L 形服务吧台将咖啡、冰和冷备餐集中；顾客沿展示与收银动线前进，员工在吧台内工作，收货与洗涤位于后侧。,
/es/sourcing/restaurant-kitchen-packages-from-china/casual-dining/,es,product,pass,Compre un conjunto de cocina para restaurante informal de China | DDNZ,Compre un conjunto de cocina para restaurante informal de China,"Compre un conjunto de cocina para restaurante informal de China Separe preparación cruda, producción caliente y lavado. El pasillo central conecta preparación fría y cocina; el retorno sucio evita el pase de platos. La recepción trasera alimenta frío y preparación. Fritura y plancha comparten una línea caliente orientada a recogida; los utensilios sucios vuelven por el lado opuesto. La barra en L acerca café, hielo y preparación fría. El cliente sigue exposición y pago; el personal trabaja dentro, con recepción y lavado detrás.",
/ar/sourcing/restaurant-kitchen-packages-from-china/casual-dining/,ar,product,pass,شراء مجموعة مطبخ المطعم غير الرسمي من الصين | DDNZ,شراء مجموعة مطبخ المطعم غير الرسمي من الصين,شراء مجموعة مطبخ المطعم غير الرسمي من الصين افصل التحضير النيء والطهي والغسل. يربط الممر المركزي التحضير البارد بالطهي؛ عودة المتسخ لا تعبر تجهيز الأطباق وتسليمها. الاستلام الخلفي يغذي التبريد والتحضير. القلي والصاج بخط ساخن واحد، والتسليم باتجاه الاستلام؛ تعود الأواني المتسخة من الجهة المقابلة. يجمع البار بشكل L القهوة والثلج والتحضير البارد. يتحرك العميل عبر العرض والدفع؛ يعمل الفريق بالداخل والاستلام والغسل بالخلف.,
/ru/sourcing/restaurant-kitchen-packages-from-china/casual-dining/,ru,product,pass,Купить комплект кухни «Ресторан повседневного обслуживания» из Китая | DDNZ,Купить комплект кухни «Ресторан повседневного обслуживания» из Китая,"Купить комплект кухни «Ресторан повседневного обслуживания» из Китая Сырая подготовка, горячий цех и мойка разделены. Центральный проход соединяет холодную подготовку с готовкой; грязный возврат не пересекает выдачу. Задняя приёмка связана с холодом и подготовкой. Фритюр и жарочная поверхность в одной горячей линии, выдача обращена к получению; грязная посуда возвращается с другой стороны. Г-образная стойка сближает кофе, лёд и холодную подготовку. Гости идут вдоль витрины к кассе; персонал внутри, приёмка и мойка сзади.",
/fr/sourcing/restaurant-kitchen-packages-from-china/casual-dining/,fr,product,pass,Achetez un ensemble de cuisine pour restaurant décontracté en Chine | DDNZ,Achetez un ensemble de cuisine pour restaurant décontracté en Chine,"Achetez un ensemble de cuisine pour restaurant décontracté en Chine Séparez préparation crue, production chaude et lavage. Une allée centrale relie froid et cuisson ; le retour sale évite le dressage et le passe. La réception arrière alimente le froid et la préparation. Friture et plaque partagent une ligne chaude face au retrait ; la vaisselle sale revient du côté opposé. Le bar en L rapproche café, glace et préparation froide. Les clients suivent vitrine et paiement ; le personnel reste à l’intérieur, réception et lavage à l’arrière.",
/pt/sourcing/restaurant-kitchen-packages-from-china/casual-dining/,pt,product,pass,Compre um conjunto de cozinha para restaurante casual da China | DDNZ,Compre um conjunto de cozinha para restaurante casual da China,"Compre um conjunto de cozinha para restaurante casual da China Separe preparo de ingredientes crus, produção quente e lavagem. O corredor central liga preparo frio e cocção; o retorno sujo evita a área de montagem e saída. Recebimento traseiro alimenta refrigeração e preparo. Fritura e chapa ficam em uma linha quente, com saída para retirada; utensílios sujos retornam pelo lado oposto. O balcão em L aproxima café, gelo e preparo frio. Clientes seguem exposição e pagamento; equipe trabalha dentro do balcão, com recebimento e lavagem atrás.",
/tr/sourcing/restaurant-kitchen-packages-from-china/casual-dining/,tr,product,pass,Çin’den günlük servis restoranı için mutfak ekipman paketi satın alın | DDNZ,Çin’den günlük servis restoranı için mutfak ekipman paketi satın alın,"Çin’den günlük servis restoranı için mutfak ekipman paketi satın alın Çiğ hazırlık, sıcak üretim ve yıkama ayrılır. Orta koridor soğuk hazırlığı pişirmeye bağlar; kirli dönüş tabak çıkışını kesmez. Arka kabul, soğuk depoya ve hazırlığa besler. Kızartma ve ızgara tek sıcak hatta, çıkış teslim tarafındadır; kirliler karşı taraftan döner. L bar kahve, buz ve soğuk hazırlığı yaklaştırır. Müşteri teşhir ve ödeme boyunca ilerler; ekip içeride, kabul ve yıkama arkada kalır.",
/sourcing/restaurant-kitchen-packages-from-china/bakery-pastry/,en,product,pass,Bakery and Pastry Kitchen Package from China | DDNZ,Bakery + pastry kitchen equipment package from China,"Bakery + pastry kitchen equipment package from China SCENARIO BRIEF Source a bakery + pastry kitchen equipment package from China around your menu, floor plan and utility requirements. Separate dough, heat and finishing so each batch moves forward once. Receiving feeds dry and cold storage, followed by mixing and make-up, proofing, baking, cooling and decoration. Wash returns on the service side without crossing finished goods.",
/zh-cn/sourcing/restaurant-kitchen-packages-from-china/bakery-pastry/,zh-cn,product,pass,从中国采购烘焙甜点厨房设备组合 | DDNZ,从中国采购烘焙甜点厨房设备组合,"从中国采购烘焙甜点厨房设备组合 收货后依次进入干冷储存、搅拌整形、醒发、烘烤、冷却装饰和展示发货；清洗回路不穿越成品区。 参考布局 10,000 x 8,000 mm",
/es/sourcing/restaurant-kitchen-packages-from-china/bakery-pastry/,es,product,pass,Compre un conjunto de cocina para panadería y pastelería de China | DDNZ,Compre un conjunto de cocina para panadería y pastelería de China,"Compre un conjunto de cocina para panadería y pastelería de China De recepción a almacén seco y frío, mezcla, formado, fermentación, horneado, enfriamiento y decoración. El lavado vuelve por servicio sin cruzar producto terminado. Distribución de referencia 10,000 x 8,000 mm",
/ar/sourcing/restaurant-kitchen-packages-from-china/bakery-pastry/,ar,product,pass,شراء مجموعة مطبخ المخبز والحلويات من الصين | DDNZ,شراء مجموعة مطبخ المخبز والحلويات من الصين,"شراء مجموعة مطبخ المخبز والحلويات من الصين من الاستلام للتخزين الجاف والبارد ثم الخلط والتشكيل والتخمير والخبز والتبريد والتزيين. يعود الغسل من جانب الخدمة دون عبور المنتج النهائي. توزيع مرجعي 10,000 x 8,000 mm",
/ru/sourcing/restaurant-kitchen-packages-from-china/bakery-pastry/,ru,product,pass,Купить комплект кухни «Пекарня и кондитерская» из Китая | DDNZ,Купить комплект кухни «Пекарня и кондитерская» из Китая,"Купить комплект кухни «Пекарня и кондитерская» из Китая Приёмка ведёт к сухому и холодному хранению, замесу, формованию, расстойке, выпечке, охлаждению и декору. Мойка не пересекает готовые изделия. Пример расстановки 10,000 x 8,000 mm",
/fr/sourcing/restaurant-kitchen-packages-from-china/bakery-pastry/,fr,product,pass,Achetez un ensemble de cuisine pour boulangerie et pâtisserie en Chine | DDNZ,Achetez un ensemble de cuisine pour boulangerie et pâtisserie en Chine,"Achetez un ensemble de cuisine pour boulangerie et pâtisserie en Chine La réception mène au sec et au froid, puis mélange, façonnage, pousse, cuisson, refroidissement et décor. Le lavage retourne côté service sans croiser les produits finis. Implantation de référence 10,000 x 8,000 mm",
/pt/sourcing/restaurant-kitchen-packages-from-china/bakery-pastry/,pt,product,pass,Compre um conjunto de cozinha para padaria e confeitaria da China | DDNZ,Compre um conjunto de cozinha para padaria e confeitaria da China,"Compre um conjunto de cozinha para padaria e confeitaria da China Recebimento segue para secos e frio, mistura, modelagem, fermentação, forno, resfriamento e decoração. A lavagem retorna pelo lado de serviço sem cruzar produtos prontos. Disposição de referência 10,000 x 8,000 mm",
/tr/sourcing/restaurant-kitchen-packages-from-china/bakery-pastry/,tr,product,pass,Çin’den fırın ve pastane için mutfak ekipman paketi satın alın | DDNZ,Çin’den fırın ve pastane için mutfak ekipman paketi satın alın,"Çin’den fırın ve pastane için mutfak ekipman paketi satın alın Kabulden kuru ve soğuk depoya, karıştırma, şekillendirme, mayalama, pişirme, soğutma ve süslemeye ilerler. Kirli dönüş bitmiş ürünü kesmez. Referans yerleşim 10,000 x 8,000 mm",
/sourcing/restaurant-kitchen-packages-from-china/pizza-shop/,en,product,pass,Pizza Shop Kitchen Package from China | DDNZ,Pizza shop kitchen equipment package from China,"Pizza shop kitchen equipment package from China SCENARIO BRIEF Source a pizza shop kitchen equipment package from China around your menu, floor plan and utility requirements. Keep dough, topping, baking and pickup in one visible production rhythm. Cold holding and dough preparation sit behind the make line. The oven lands beside cut and box, while dish return reaches wash from the opposite side.",
/zh-cn/sourcing/restaurant-kitchen-packages-from-china/pizza-shop/,zh-cn,product,pass,从中国采购披萨店厨房设备组合 | DDNZ,从中国采购披萨店厨房设备组合,"从中国采购披萨店厨房设备组合 冷藏和面团准备位于配料线后方；炉旁衔接切分装盒与取餐，脏器皿从相反侧回到清洗区。 参考布局 9,000 x 8,000 mm",
/es/sourcing/restaurant-kitchen-packages-from-china/pizza-shop/,es,product,pass,Compre un conjunto de cocina para pizzería de China | DDNZ,Compre un conjunto de cocina para pizzería de China,"Compre un conjunto de cocina para pizzería de China Frío y masa quedan detrás de montaje. El horno conecta con corte y cajas; el retorno sucio llega al lavado por el lado opuesto. Distribución de referencia 9,000 x 8,000 mm",
/ar/sourcing/restaurant-kitchen-packages-from-china/pizza-shop/,ar,product,pass,شراء مجموعة مطبخ البيتزا من الصين | DDNZ,شراء مجموعة مطبخ البيتزا من الصين,"شراء مجموعة مطبخ البيتزا من الصين التبريد وتحضير العجين خلف خط الإضافات. يصل الفرن إلى التقطيع والعلب؛ الأواني تعود للغسل من الجهة المقابلة. توزيع مرجعي 9,000 x 8,000 mm",
/ru/sourcing/restaurant-kitchen-packages-from-china/pizza-shop/,ru,product,pass,Купить комплект кухни «Пиццерия» из Китая | DDNZ,Купить комплект кухни «Пиццерия» из Китая,"Купить комплект кухни «Пиццерия» из Китая Холод и тесто находятся за линией начинки. Печь выходит к нарезке и коробкам; грязный возврат проходит с противоположной стороны. Пример расстановки 9,000 x 8,000 mm",
/fr/sourcing/restaurant-kitchen-packages-from-china/pizza-shop/,fr,product,pass,Achetez un ensemble de cuisine pour pizzeria en Chine | DDNZ,Achetez un ensemble de cuisine pour pizzeria en Chine,"Achetez un ensemble de cuisine pour pizzeria en Chine Froid et pâte sont derrière la ligne de garniture. Le four débouche sur découpe et boîtes ; la vaisselle revient au lavage du côté opposé. Implantation de référence 9,000 x 8,000 mm",
/pt/sourcing/restaurant-kitchen-packages-from-china/pizza-shop/,pt,product,pass,Compre um conjunto de cozinha para pizzaria da China | DDNZ,Compre um conjunto de cozinha para pizzaria da China,"Compre um conjunto de cozinha para pizzaria da China Frio e preparo da massa ficam atrás da linha de montagem. O forno se conecta a corte e embalagem; utensílios retornam à lavagem pelo lado oposto. Disposição de referência 9,000 x 8,000 mm",
/tr/sourcing/restaurant-kitchen-packages-from-china/pizza-shop/,tr,product,pass,Çin’den pizzacı için mutfak ekipman paketi satın alın | DDNZ,Çin’den pizzacı için mutfak ekipman paketi satın alın,"Çin’den pizzacı için mutfak ekipman paketi satın alın Soğuk ve hamur hazırlığı malzeme hattının arkasındadır. Fırın kesim ve kutulamaya açılır; kirliler karşıdan yıkamaya döner. Referans yerleşim 9,000 x 8,000 mm",
/sourcing/restaurant-kitchen-packages-from-china/cloud-kitchen/,en,product,pass,Cloud Kitchen Package from China | DDNZ,Cloud kitchen kitchen equipment package from China,"Cloud kitchen kitchen equipment package from China SCENARIO BRIEF Source a cloud kitchen kitchen equipment package from China around your menu, floor plan and utility requirements. Share receiving, cold storage, washing and dispatch without mixing production pods. Three menu pods connect to common receiving, cold holding, warewashing and rider dispatch. Each pod keeps its own preparation and hot line so brands can operate independently.",
/zh-cn/sourcing/restaurant-kitchen-packages-from-china/cloud-kitchen/,zh-cn,product,pass,从中国采购云厨房厨房设备组合 | DDNZ,从中国采购云厨房厨房设备组合,"从中国采购云厨房厨房设备组合 三个菜单单元共用收货、冷藏、清洗和骑手出餐区，各单元保留自己的备餐与热厨线以独立运营。 参考布局 15,000 x 10,000 mm",
/es/sourcing/restaurant-kitchen-packages-from-china/cloud-kitchen/,es,product,pass,Compre un conjunto de cocina para cocina compartida de reparto de China | DDNZ,Compre un conjunto de cocina para cocina compartida de reparto de China,"Compre un conjunto de cocina para cocina compartida de reparto de China Tres módulos comparten recepción, frío, lavado y expedición. Cada uno conserva preparación y línea caliente propias para marcas independientes. Distribución de referencia 15,000 x 10,000 mm",
/ar/sourcing/restaurant-kitchen-packages-from-china/cloud-kitchen/,ar,product,pass,شراء مجموعة مطبخ السحابة والتوصيل المشترك من الصين | DDNZ,شراء مجموعة مطبخ السحابة والتوصيل المشترك من الصين,"شراء مجموعة مطبخ السحابة والتوصيل المشترك من الصين ثلاث وحدات قوائم تشترك في الاستلام والتبريد والغسل وتسليم المندوبين. لكل وحدة تحضير وخط ساخن مستقلان. توزيع مرجعي 15,000 x 10,000 mm",
/ru/sourcing/restaurant-kitchen-packages-from-china/cloud-kitchen/,ru,product,pass,Купить комплект кухни «Общая кухня доставки» из Китая | DDNZ,Купить комплект кухни «Общая кухня доставки» из Китая,"Купить комплект кухни «Общая кухня доставки» из Китая Три меню-модуля делят приёмку, холод, мойку и курьерскую выдачу. У каждого собственная подготовка и горячая линия для независимой работы. Пример расстановки 15,000 x 10,000 mm",
/fr/sourcing/restaurant-kitchen-packages-from-china/cloud-kitchen/,fr,product,pass,Achetez un ensemble de cuisine pour cuisine partagée de livraison en Chine | DDNZ,Achetez un ensemble de cuisine pour cuisine partagée de livraison en Chine,"Achetez un ensemble de cuisine pour cuisine partagée de livraison en Chine Trois modules partagent réception, froid, lavage et expédition. Chaque module garde préparation et ligne chaude propres pour fonctionner indépendamment. Implantation de référence 15,000 x 10,000 mm",
/pt/sourcing/restaurant-kitchen-packages-from-china/cloud-kitchen/,pt,product,pass,Compre um conjunto de cozinha para cozinha delivery compartilhada da China | DDNZ,Compre um conjunto de cozinha para cozinha delivery compartilhada da China,"Compre um conjunto de cozinha para cozinha delivery compartilhada da China Três módulos de cardápio compartilham recebimento, frio, lavagem e expedição. Cada módulo mantém preparo e linha quente próprios para operação independente. Disposição de referência 15,000 x 10,000 mm",
/tr/sourcing/restaurant-kitchen-packages-from-china/cloud-kitchen/,tr,product,pass,Çin’den ortak paket servis mutfağı için mutfak ekipman paketi satın alın | DDNZ,Çin’den ortak paket servis mutfağı için mutfak ekipman paketi satın alın,"Çin’den ortak paket servis mutfağı için mutfak ekipman paketi satın alın Üç menü modülü kabul, soğuk depo, yıkama ve kurye çıkışını paylaşır. Her modül bağımsız hazırlık ve sıcak hat tutar. Referans yerleşim 15,000 x 10,000 mm",
/sourcing/audio-speakers-from-china/,en,product,pass,Audio & Speaker Sourcing from China | DDNZ,Source audio and speaker products from China with every sellable configuration defined.,"Source audio and speaker products from China with every sellable configuration defined. Product Sourcing · Audio & Speakers For importers, distributors, electronics wholesalers, event suppliers and private-label brands. DDNZ compares complete configurations and coordinates samples, inspection evidence, consolidation and export handoff. The category covers portable and party speakers, professional and installed audio, microphones, headphones, amplifiers, plus the batteries, adapters, accessories, packaging and branding that determine the real sellable unit.",
/zh-cn/sourcing/audio-speakers-from-china/,zh-cn,product,pass,从中国采购音响与扬声器 | DDNZ,从中国采购音响与扬声器,从中国采购音响与扬声器 围绕使用场景、额定输出、供电、电池、附件与零售包装采购中国扬声器，让供应商报价、认可样品和出货配置采用同一依据。 适合娱乐零售、活动与区域经销。核对额定和峰值输出、交流与充电路径、电池、无线与输入功能，以及麦克风、遥控器和线材。 适合家居、礼品与风格化零售。核对箱体材料和饰面、旋钮手感、接口布局、扬声器单元、配色与零售包装。,
/es/sourcing/audio-speakers-from-china/,es,product,pass,Compre altavoces y equipos de audio de China | DDNZ,Compre altavoces y equipos de audio de China,"Compre altavoces y equipos de audio de China Organice la compra de altavoces de China por uso, potencia declarada, alimentación, batería, accesorios y embalaje. Mantenga alineadas oferta, muestra aprobada y configuración enviada. Para venta de entretenimiento, eventos y distribuidores. Confirme potencia nominal y pico, red, carga, batería, entradas, micrófonos, mando y cables. Para decoración, regalos y colecciones comerciales. Confirme material y acabado de caja, controles, entradas, transductores, colores y embalaje.",
/ar/sourcing/audio-speakers-from-china/,ar,product,pass,شراء مكبرات الصوت والمعدات الصوتية من الصين | DDNZ,شراء مكبرات الصوت والمعدات الصوتية من الصين,شراء مكبرات الصوت والمعدات الصوتية من الصين نظّم توريد مكبرات الصوت من الصين حسب الاستخدام والقدرة المعلنة والطاقة والبطارية والملحقات والتغليف. اربط العرض والعينة المعتمدة والتجهيز المشحون بمرجع واحد. لتجزئة الترفيه والفعاليات والتوزيع. أكد القدرة الاسمية والذروة والكهرباء والشحن والبطارية والمداخل والميكروفونات والتحكم والكابلات. للديكور والهدايا والتشكيلات. أكد مادة الصندوق وتشطيبه والتحكم والمداخل والوحدات الصوتية والألوان والتغليف.,
/ru/sourcing/audio-speakers-from-china/,ru,product,pass,Купить колонки и аудиооборудование из Китая | DDNZ,Купить колонки и аудиооборудование из Китая,"Купить колонки и аудиооборудование из Китая Организуйте закупку колонок из Китая по назначению, заявленной мощности, питанию, батарее, аксессуарам и упаковке. Согласуйте предложение, утверждённый образец и отгружаемую комплектацию. Для развлекательной розницы, мероприятий и дистрибуции. Проверьте номинал и пик мощности, сеть, зарядку, батарею, входы, микрофоны, пульт и кабели. Для интерьера, подарков и коллекций. Проверьте материал и отделку корпуса, органы управления, входы, динамики, цвета и упаковку.",
/fr/sourcing/audio-speakers-from-china/,fr,product,pass,Achetez des enceintes et équipements audio en Chine | DDNZ,Achetez des enceintes et équipements audio en Chine,"Achetez des enceintes et équipements audio en Chine Organisez l’achat d’enceintes en Chine selon usage, puissance déclarée, alimentation, batterie, accessoires et emballage. Alignez offre, échantillon approuvé et configuration expédiée. Pour divertissement, événements et distribution. Vérifiez puissance nominale et crête, secteur, charge, batterie, entrées, microphones, télécommande et câbles. Pour décoration, cadeaux et collections. Vérifiez matériaux et finition du coffret, commandes, entrées, haut-parleurs, couleurs et emballage.",
/pt/sourcing/audio-speakers-from-china/,pt,product,pass,Compre caixas de som e equipamentos de áudio da China | DDNZ,Compre caixas de som e equipamentos de áudio da China,"Compre caixas de som e equipamentos de áudio da China Organize o sourcing de caixas de som da China por uso, potência declarada, alimentação, bateria, acessórios e embalagem. Mantenha proposta, amostra aprovada e configuração embarcada alinhadas. Para varejo de entretenimento, eventos e distribuidores. Confira potência nominal e de pico, rede elétrica, carga, bateria, conexões, microfones, controle remoto e cabos. Para decoração, presentes e coleções de varejo. Confira material e acabamento do gabinete, controles, entradas, alto-falantes, cores e embalagem.",
/tr/sourcing/audio-speakers-from-china/,tr,product,pass,Çin’den hoparlör ve ses ekipmanı satın alın | DDNZ,Çin’den hoparlör ve ses ekipmanı satın alın,"Çin’den hoparlör ve ses ekipmanı satın alın Çin’den hoparlör tedarikini kullanım, beyan edilen güç, besleme, batarya, aksesuar ve ambalaja göre düzenleyin. Teklif, onaylı numune ve sevk edilen yapılandırmayı eşleştirin. Eğlence perakendesi, etkinlik ve dağıtım için. Nominal ve tepe güç, şebeke, şarj, batarya, girişler, mikrofon, kumanda ve kabloları doğrulayın. Dekorasyon, hediye ve koleksiyonlar için. Kabin malzemesi ve yüzeyi, kontroller, girişler, sürücüler, renkler ve ambalajı doğrulayın.",
/portable-power/selection-guide/,en,information,context-only,"Portable Power Explained: Capacity, Loads & Charging | DDNZ",Picture your day. Find your power.,"Picture your day. Find your power. DDNZ / THE VISUAL POWER GUIDE Explore a scene, choose your appliances and compare six reference models. See what your power station could do for your day. Power station",
/zh-cn/portable-power/selection-guide/,zh-cn,information,context-only,"便携式电源解释:容量,负载和充电 QQ DDNZ",想象你的一天。 寻其威力.,"想象你的一天。 寻其威力. DDNZ / 维索权准则 探索一个场景,选择您的电器,并比较六个参考型号. 看看你的电站能为你做什么 电站",
/es/portable-power/selection-guide/,es,information,context-only,"Guía visual de energía portátil: capacidad, cargas y carga | DDNZ",Imagine su día. Encuentre su energía.,"Imagine su día. Encuentre su energía. DDNZ / GUÍA VISUAL DE ENERGÍA Explore un escenario, elija sus aparatos y compare seis modelos de referencia. Descubra qué podría hacer su estación por su día. Estación de energía",
/ar/portable-power/selection-guide/,ar,information,context-only,دليل مرئي للطاقة المتنقلة: السعة والأحمال والشحن | DDNZ,تخيّل يومك. واختر طاقتك.,تخيّل يومك. واختر طاقتك. DDNZ / الدليل المرئي للطاقة استكشف مشهداً واختر أجهزتك وقارن ستة طرازات مرجعية. شاهد ما يمكن لمحطة الطاقة أن تقدمه ليومك. محطة الطاقة,
/ru/portable-power/selection-guide/,ru,information,context-only,"Портативная мощность: емкость, нагрузки и зарядка | DDNZ",Представьте свой день. Найди свою силу.,"Представьте свой день. Найди свою силу. DDNZ / Визуальный Гид Силы Исследуйте сцену, выберите свою технику и сравните шесть эталонных моделей. Посмотрите, что ваша электростанция может сделать для вашего дня. Электростанция",
/fr/portable-power/selection-guide/,fr,information,context-only,"Puissance portable expliquée : Capacité, charges et charge",Imaginez votre journée. Trouvez votre pouvoir.,"Imaginez votre journée. Trouvez votre pouvoir. DDNZ / LE GUIDE VISUEL DE LA PUISSANCE Explorez une scène, choisissez vos appareils et comparez six modèles de référence. Voyez ce que votre centrale pourrait faire pour votre journée. Centrale électrique",
/pt/portable-power/selection-guide/,pt,information,context-only,"Potência Portátil Explicada: Capacidade, Cargas e Carregamento",Imagina o teu dia. Encontra o teu poder.,"Imagina o teu dia. Encontra o teu poder. DDNZ / O GUIA VISUAL DO PODER Explore uma cena, escolha seus eletrodomésticos e compare seis modelos de referência. Vê o que a tua central eléctrica pode fazer no teu dia. Central eléctrica",
/tr/portable-power/selection-guide/,tr,information,context-only,"Portre Gücü Açıkladı: Kapasite, Yükler ve Şarj | DDNZ",Gününüzü Resim. Gücünüzü bul.,"Gününüzü Resim. Gücünüzü bul. DDNZ / VISUAL POWER GUIDE Bir sahne keşfedin, cihazlarınızı seçin ve altı referans modellerini karşılaştırın. Sizin güç istasyonunun güniniz için ne yapabileceğini görün. Power Station",
/sourcing/outdoor-products-from-china/,en,product,pass,Outdoor Equipment Sourcing from China | DDNZ Global,Build the kit. Know the limits.,"Build the kit. Know the limits. OUTDOOR SOURCING / POWER · SOLAR · COLD Source portable power stations, folding solar panels and portable refrigerators from China. Start with the load, climate and sales channel. Compare real product references, then approve the combination that your order must deliver. Compare six models. Try your appliances. See how long they could run.",
/zh-cn/sourcing/outdoor-products-from-china/,zh-cn,product,pass,来自中国的室外设备测试(DDNZ Global),盖具具. 知诸境界.,盖具具. 知诸境界. 门外的呼吸/电源 太阳能 冷气 从中国采购户外电源、折叠太阳能板和便携冰箱。先明确用电负载、使用气候及销售渠道，再比较具体产品，确认订单所需的组合。 比较六个型号。 试试你的电器 看看他们能跑多久,
/es/sourcing/outdoor-products-from-china/,es,product,pass,Energía solar y refrigeración portátil | DDNZ Global,Forme el equipo. Conozca sus límites.,"Forme el equipo. Conozca sus límites. COMPRAS OUTDOOR / ENERGÍA · SOLAR · FRÍO Compre estaciones de energía, paneles solares plegables y neveras portátiles en China. Empiece por la carga, el clima y el canal de venta. Compare referencias concretas y apruebe la combinación que debe entregar su pedido. Compare seis modelos. Pruebe sus aparatos y estime cuánto durarían.",
/ar/sourcing/outdoor-products-from-china/,ar,product,pass,توريد الطاقة الشمسية والتبريد المتنقل | DDNZ Global,جهّز المنظومة. وافهم حدودها.,جهّز المنظومة. وافهم حدودها. توريد المنتجات الخارجية / طاقة · شمس · تبريد احصل على محطات طاقة وألواح شمسية قابلة للطي وثلاجات متنقلة من الصين. ابدأ بالحمل والمناخ وقناة البيع. قارن مراجع منتجات محددة، ثم اعتمد المنظومة التي يجب أن يطابقها طلبك. قارن ستة طرازات. جرّب أجهزتك وقدّر مدة تشغيلها.,
/ru/sourcing/outdoor-products-from-china/,ru,product,pass,Наружная техника из Китая | DDNZ Global,Построй набор. Знайте границы.,"Построй набор. Знайте границы. Внешнеторговый источник / Власть · Солнце · Холод Закупайте портативные электростанции, складные солнечные панели и переносные холодильники в Китае. Начните с нагрузки, климата и канала продаж. Сравните конкретные товары и согласуйте комплектацию заказа. Сравните шесть моделей. Попробуйте свои приборы. Посмотрите, как долго они могут бегать.",
/fr/sourcing/outdoor-products-from-china/,fr,product,pass,Équipement d'extérieur Approvisionnement de la Chine,Construisez le kit. Connaître les limites.,"Construisez le kit. Connaître les limites. SOURCE OUTRE / POUVOIR · SOLAIRE · POUVOIR Achetez en Chine des stations d’énergie portables, panneaux solaires pliants et réfrigérateurs portables. Définissez la charge, le climat et le canal de vente, puis comparez les produits et validez la combinaison commandée. Comparez six modèles. Essayez vos appareils. Tu vois combien de temps ils pourraient courir.",
/pt/sourcing/outdoor-products-from-china/,pt,product,pass,Equipamento de exterior Sourcing da China - DDNZ Global,Construa o kit. Conhece os limites.,"Construa o kit. Conhece os limites. FORMAGEM/PODER DE FORA · SOLAR · FLOR Compre na China estações de energia portáteis, painéis solares dobráveis e geladeiras portáteis. Defina a carga, o clima e o canal de venda, compare produtos concretos e aprove a combinação do pedido. Compare seis modelos. Experimentem os vossos aparelhos. Ver quanto tempo podiam correr.",
/tr/sourcing/outdoor-products-from-china/,tr,product,pass,Çin'den Açık Ekipmanlar | DDNZ Global,Kit inşa edin. Limitleri bilin.,"Kit inşa edin. Limitleri bilin. OUTDOOR SOURCING / G · SOLAR · COLD Çin’den taşınabilir güç istasyonları, katlanır güneş panelleri ve taşınabilir buzdolabı tedarik edin. Önce yükü, iklimi ve satış kanalını belirleyin; ürünleri karşılaştırıp siparişin kapsamını onaylayın. Altı modelle karşılaştırın. Cihazlarınızı deneyin. Ne kadar süre koşabileceklerini görün.",
/sourcing-services/supplier-search/,en,sourcing-service,pass,China Supplier Search & Comparison | DDNZ Global,Shortlist China suppliers against one comparable buying brief.,"Shortlist China suppliers against one comparable buying brief. Supplier search & comparison DDNZ turns product references and market requirements into a structured brief, searches suitable manufacturers and normalizes quotations before a buyer chooses whom to sample or audit. Confirm use, destination, specification, quantity, budget and timing.",
/zh-cn/sourcing-services/supplier-search/,zh-cn,sourcing-service,pass,中国供应商搜索与比价 | DDNZ Global,用统一采购需求筛选并比较中国供应商。,用统一采购需求筛选并比较中国供应商。 供应商搜索与比价 DDNZ 将产品参考与目的市场要求整理成结构化采购需求，搜索适合的制造商，并统一报价口径，帮助买家决定后续打样、验厂或谈判对象。 确认用途、目的地、规格、数量、预算和时间。,
/ru/sourcing-services/supplier-search/,ru,sourcing-service,pass,Поиск и сравнение поставщиков в Китае | DDNZ,Сравните поставщиков из Китая по единому закупочному заданию.,"Сравните поставщиков из Китая по единому закупочному заданию. Поиск и сравнение поставщиков DDNZ формирует структурированный бриф, ищет подходящих производителей и приводит предложения к сопоставимому виду до выбора образцов или аудита. Согласовать применение, рынок, спецификацию, объем, бюджет и сроки.",
/fr/sourcing-services/supplier-search/,fr,sourcing-service,pass,Recherche et comparaison fournisseurs en Chine | DDNZ,Comparez les fournisseurs chinois sur un brief d’achat commun.,"Comparez les fournisseurs chinois sur un brief d’achat commun. Recherche et comparaison fournisseurs DDNZ transforme vos références et exigences marché en brief structuré, recherche des fabricants adaptés et normalise les offres avant les échantillons ou l’audit. Confirmer usage, destination, spécifications, volume, budget et délai.",
/es/sourcing-services/supplier-search/,es,sourcing-service,pass,Búsqueda y comparación de proveedores en China | DDNZ,Compare proveedores chinos con un único brief de compra.,"Compare proveedores chinos con un único brief de compra. Búsqueda y comparación de proveedores DDNZ convierte referencias y requisitos de mercado en un brief estructurado, busca fabricantes adecuados y normaliza las cotizaciones antes de elegir muestras o auditorías. Confirmar uso, destino, especificaciones, cantidad, presupuesto y plazo.",
/ar/sourcing-services/supplier-search/,ar,sourcing-service,pass,البحث عن الموردين ومقارنتهم في الصين | DDNZ,قارن موردي الصين وفق موجز شراء واحد قابل للمقارنة.,قارن موردي الصين وفق موجز شراء واحد قابل للمقارنة. البحث عن الموردين والمقارنة تحول DDNZ مراجع المنتج ومتطلبات السوق إلى موجز منظم، وتبحث عن مصنعين مناسبين وتوحد عروض الأسعار قبل اختيار العينات أو التدقيق. تأكيد الاستخدام والوجهة والمواصفات والكمية والميزانية والموعد.,
/pt/sourcing-services/supplier-search/,pt,sourcing-service,pass,Busca e comparação de fornecedores na China | DDNZ,Compare fornecedores chineses com um único brief de compra.,"Compare fornecedores chineses com um único brief de compra. Busca e comparação de fornecedores A DDNZ estrutura as referências e exigências do mercado, busca fabricantes e normaliza as cotações antes da escolha de amostras ou auditorias. Confirmar uso, destino, especificação, quantidade, orçamento e prazo.",
/tr/sourcing-services/supplier-search/,tr,sourcing-service,pass,Çin’de tedarikçi arama ve karşılaştırma | DDNZ,Çin tedarikçilerini tek bir karşılaştırılabilir talebe göre değerlendirin.,"Çin tedarikçilerini tek bir karşılaştırılabilir talebe göre değerlendirin. Tedarikçi arama ve karşılaştırma DDNZ ürün referanslarını ve pazar gerekliliklerini yapılandırır, uygun üreticileri arar ve numune veya denetim kararından önce teklifleri normalize eder. Kullanım, varış, özellik, miktar, bütçe ve zamanı onayla.",
/sourcing-services/inspection-quality-control/,en,sourcing-service,pass,China Inspection & Quality Control | DDNZ Global,Pre-shipment inspection and quality control in China.,"Pre-shipment inspection and quality control in China. Inspection & quality control DDNZ converts approved specifications into an inspection checklist, coordinates on-site checks and returns traceable photo, quantity, function and packing evidence before release. Confirm model, approved sample, quantities, specifications and acceptance points.",
/zh-cn/sourcing-services/inspection-quality-control/,zh-cn,sourcing-service,pass,中国验货与质量控制 | DDNZ Global,中国出货前验货与质量控制。,中国出货前验货与质量控制。 验货与质量控制 DDNZ 将已确认规格转化为验货清单，协调现场检查，并在放货前提供可追溯的照片、数量、功能和包装证据。 确认型号、样品、数量、规格和验收点。,
/ru/sourcing-services/inspection-quality-control/,ru,sourcing-service,pass,Инспекция и контроль качества в Китае | DDNZ,Предотгрузочная инспекция и контроль качества в Китае.,"Предотгрузочная инспекция и контроль качества в Китае. Инспекция и контроль качества DDNZ превращает утвержденные требования в чек-лист, организует инспекцию и предоставляет фото, количество, функции и упаковку до выпуска товара. Подтвердить модель, образец, количество и критерии.",
/fr/sourcing-services/inspection-quality-control/,fr,sourcing-service,pass,Inspection et contrôle qualité en Chine | DDNZ,Inspection avant expédition et contrôle qualité en Chine.,"Inspection avant expédition et contrôle qualité en Chine. Inspection et contrôle qualité DDNZ transforme les spécifications approuvées en checklist, coordonne les contrôles sur site et fournit des preuves traçables avant libération. Confirmer modèle, échantillon, quantités et critères.",
/es/sourcing-services/inspection-quality-control/,es,sourcing-service,pass,Inspección y control de calidad en China | DDNZ,Inspección previa al envío y control de calidad en China.,"Inspección previa al envío y control de calidad en China. Inspección y control de calidad DDNZ convierte las especificaciones aprobadas en una lista de inspección, coordina controles in situ y entrega pruebas trazables antes de liberar la mercancía. Confirmar modelo, muestra, cantidades y criterios.",
/ar/sourcing-services/inspection-quality-control/,ar,sourcing-service,pass,الفحص ومراقبة الجودة في الصين | DDNZ,فحص ما قبل الشحن ومراقبة الجودة في الصين.,فحص ما قبل الشحن ومراقبة الجودة في الصين. الفحص ومراقبة الجودة تحول DDNZ المواصفات المعتمدة إلى قائمة فحص وتنسق الفحص الميداني وتقدم أدلة قابلة للتتبع قبل الإفراج عن البضائع. تأكيد النموذج والعينة والكميات والمعايير.,
/pt/sourcing-services/inspection-quality-control/,pt,sourcing-service,pass,Inspeção e controle de qualidade na China | DDNZ,Inspeção pré-embarque e controle de qualidade na China.,"Inspeção pré-embarque e controle de qualidade na China. Inspeção e controle de qualidade A DDNZ transforma especificações aprovadas em checklist, coordena verificações no local e devolve evidências rastreáveis antes da liberação. Confirmar modelo, amostra, quantidades e critérios.",
/tr/sourcing-services/inspection-quality-control/,tr,sourcing-service,pass,Çin’de denetim ve kalite kontrol | DDNZ,Çin’de sevkiyat öncesi denetim ve kalite kontrolü.,"Çin’de sevkiyat öncesi denetim ve kalite kontrolü. Denetim ve kalite kontrol DDNZ onaylı özellikleri kontrol listesine dönüştürür, yerinde kontrolleri koordine eder ve serbest bırakmadan önce izlenebilir kanıtları sunar. Model, numune, miktar ve kabul noktalarını doğrula.",
/sourcing-services/consolidation-export/,en,sourcing-service,pass,China Order Consolidation & Export | DDNZ Global,Consolidation and export support in China for multi-supplier orders.,"Consolidation and export support in China for multi-supplier orders. Consolidation & export DDNZ coordinates supplier readiness, receiving, count and packing checks, shipment reconciliation and the handoff to Heaven Born for international freight execution when engaged. Confirm suppliers, order status, cargo data, destination and required release checks.",
/zh-cn/sourcing-services/consolidation-export/,zh-cn,sourcing-service,pass,中国集货与出口交付 | DDNZ Global,中国多供应商订单集货与出口协同。,中国多供应商订单集货与出口协同。 集货与出口交付 DDNZ 协调供应商完工、收货、数量与包装检查、出货核对；如委托国际货运，则交接给 Heaven Born 执行。 确认供应商、订单状态、货物数据、目的地和放货检查。,
/ru/sourcing-services/consolidation-export/,ru,sourcing-service,pass,Консолидация заказов и экспорт из Китая | DDNZ,Консолидация заказов и экспортная координация в Китае.,"Консолидация заказов и экспортная координация в Китае. Консолидация и экспорт DDNZ координирует готовность поставщиков, приемку, проверку количества и упаковки, сверку отправки и передачу Heaven Born для международной перевозки. Подтвердить поставщиков, статус заказов, груз и проверки.",
/fr/sourcing-services/consolidation-export/,fr,sourcing-service,pass,Consolidation de commandes et export Chine | DDNZ,Consolidation des commandes et coordination export en Chine.,"Consolidation des commandes et coordination export en Chine. Consolidation et export DDNZ coordonne la disponibilité fournisseurs, la réception, le comptage, l’emballage, le rapprochement et la transmission à Heaven Born lorsque le fret est inclus. Confirmer fournisseurs, commandes, données cargo et contrôles.",
/es/sourcing-services/consolidation-export/,es,sourcing-service,pass,Consolidación de pedidos y exportación desde China | DDNZ,Consolidación de pedidos y coordinación de exportación en China.,"Consolidación de pedidos y coordinación de exportación en China. Consolidación y exportación DDNZ coordina preparación de proveedores, recepción, recuento, embalaje, conciliación y entrega a Heaven Born cuando se contrata el transporte internacional. Confirmar proveedores, pedidos, carga y controles.",
/ar/sourcing-services/consolidation-export/,ar,sourcing-service,pass,تجميع الطلبات والتصدير من الصين | DDNZ,تجميع الطلبات وتنسيق التصدير في الصين.,تجميع الطلبات وتنسيق التصدير في الصين. التجميع والتصدير تنسق DDNZ جاهزية الموردين والاستلام وعدّ الطرود وفحص التعبئة ومطابقة الشحنة والتسليم إلى Heaven Born عند تضمين الشحن الدولي. تأكيد الموردين وحالة الطلب وبيانات البضاعة والفحوص.,
/pt/sourcing-services/consolidation-export/,pt,sourcing-service,pass,Consolidação de pedidos e exportação da China | DDNZ,Consolidação de pedidos e coordenação de exportação na China.,"Consolidação de pedidos e coordenação de exportação na China. Consolidação e exportação A DDNZ coordena prontidão dos fornecedores, recebimento, contagem, embalagem, conciliação e entrega à Heaven Born quando o frete internacional está incluído. Confirmar fornecedores, pedidos, dados da carga e controles.",
/tr/sourcing-services/consolidation-export/,tr,sourcing-service,pass,Çin sipariş konsolidasyonu ve ihracat | DDNZ,Çin’de sipariş konsolidasyonu ve ihracat koordinasyonu.,"Çin’de sipariş konsolidasyonu ve ihracat koordinasyonu. Konsolidasyon ve ihracat DDNZ tedarikçi hazırlığını, teslim almayı, sayım ve ambalaj kontrollerini, sevkiyat uzlaştırmasını ve kapsamdaysa Heaven Born teslimini koordine eder. Tedarikçileri, sipariş durumunu, yük verisini ve kontrolleri onayla.",
/shipping-from-china-to-saudi-arabia/,en,freight,pass,Shipping from China to Saudi Arabia | DDNZ Global,Reliable Shipping Networks from China to Saudi Arabia,"Reliable Shipping Networks from China to Saudi Arabia China-to-Saudi sea and air freight with 25–32 day ocean and 5–12 day air planning windows, plus SABER document pre-review and destination clearance coordination. Established in 1997 · China-origin logistics support General planning ranges only. Add buffer time for peak seasons, carrier schedule changes, port congestion, customs inspection, public holidays and route disruptions.",
/zh-cn/shipping-from-china-to-saudi-arabia/,zh-cn,freight,pass,中国至沙特阿拉伯国际货运 | 华正邦泰,安全、合规、稳健的中国到沙特阿拉伯海运/空运双清门到门专线,安全、合规、稳健的中国到沙特阿拉伯海运/空运双清门到门专线 中国至沙特海运 DDP 常规 25–32 天、空运 5–12 天；提供 SABER 文件预审、HS 编码核对与目的地清关衔接。 29年中国至中东跨境物流经验 以下为常规计划参考区间。建议为旺季、船期调整、港口拥堵、查验、节假日及航线变化预留缓冲时间。,
/ru/shipping-from-china-to-saudi-arabia/,ru,freight,pass,Доставка из Китая в Саудовскую Аравию | DDNZ Global,Надежная доставка грузов из Китая в Саудовскую Аравию,"Надежная доставка грузов из Китая в Саудовскую Аравию Плановый срок морского DDP — 25–32 дня, авиационного — 5–12 дней; предварительная проверка документов SABER и координация оформления в пункте назначения. Опыт организации перевозок Китай–Ближний Восток Это диапазоны для планирования. Оставляйте запас на высокий сезон, изменение расписания, перегрузку портов, досмотр, праздники и изменения маршрута.",
/fr/shipping-from-china-to-saudi-arabia/,fr,freight,pass,Expédition de Chine vers l’Arabie saoudite | DDNZ Global,Réseaux logistiques de Chine vers l'Arabie Saoudite,"Réseaux logistiques de Chine vers l'Arabie Saoudite Fenêtre de planification de 25–32 jours par mer et 5–12 jours par air, avec pré-vérification SABER et coordination du dédouanement à destination. Expérience de coordination Chine–Moyen-Orient Ces fourchettes servent à la planification. Prévoyez une marge pour la haute saison, les changements d’horaires, la congestion portuaire, les inspections, les jours fériés et les modifications d’itinéraire.",
/es/shipping-from-china-to-saudi-arabia/,es,freight,pass,Envíos de China a Arabia Saudita | DDNZ Global,Envíos de China a Arabia Saudí con planificación DDP,"Envíos de China a Arabia Saudí con planificación DDP Planificación habitual de 25–32 días por mar y 5–12 días por aire, con pre-revisión de documentos SABER y coordinación de despacho en destino. Coordinación desde China desde 1997 Añada margen por temporada alta, cambios de horario, congestión, inspecciones, festivos y desvíos.",
/ar/shipping-from-china-to-saudi-arabia/,ar,freight,pass,الشحن من الصين إلى السعودية | DDNZ Global,الشحن من الصين إلى السعودية مع تخطيط DDP,الشحن من الصين إلى السعودية مع تخطيط DDP تخطيط بحري معتاد خلال 25–32 يوماً وجوي خلال 5–12 يوماً، مع مراجعة مستندات SABER وتنسيق التخليص في الوجهة. 29+ عاماً من الخبرة · تخليص مباشر في الخليج هذه نطاقات عامة للتخطيط. أضف وقتاً احتياطياً لمواسم الذروة وتغيّر الجداول وازدحام الموانئ والفحص والعطلات وتغيرات المسار.,
/pt/shipping-from-china-to-saudi-arabia/,pt,freight,pass,Frete da China: destino Arábia Saudita. | DDNZ Global,Frete da China: destino Arábia Saudita.,"Frete da China: destino Arábia Saudita. DDNZ GLOBAL · HEAVEN BORN Planeje o transporte da China com destino a Arábia Saudita, da coleta no fornecedor à entrega acordada. Compare modalidade, consolidação, documentos e responsabilidades antes de confirmar a remessa. DDNZ: compras e preparação na China · Heaven Born: frete internacional",
/tr/shipping-from-china-to-saudi-arabia/,tr,freight,pass,Çin çıkışlı yük taşımacılığı: Suudi Arabistan. | DDNZ Global,Çin çıkışlı yük taşımacılığı: Suudi Arabistan.,"Çin çıkışlı yük taşımacılığı: Suudi Arabistan. DDNZ GLOBAL · HEAVEN BORN Çin’den Suudi Arabistan varışlı taşımayı, tedarikçiden teslim almadan kararlaştırılan teslim noktasına kadar planlayın. Sevkiyatı teyit etmeden önce taşıma türünü, konsolidasyonu, belgeleri ve sorumlulukları karşılaştırın. DDNZ: Çin’de tedarik ve ihracat hazırlığı · Heaven Born: uluslararası taşıma",
/shipping-from-china-to-uae/,en,freight,pass,Shipping from China to UAE | Sea Freight & Delivery | DDNZ Global,China to UAE. Plan beyond the port.,"China to UAE. Plan beyond the port. CHINA → UNITED ARAB EMIRATES Dubai, Abu Dhabi or another receiving point? Plan full or shared containers around the actual address, with port or door responsibilities clearly defined. CHINA → UAE",
/zh-cn/shipping-from-china-to-uae/,zh-cn,freight,pass,中国到阿联酋货运｜海运、拆柜与交付安排 | DDNZ Global,中国到阿联酋。 把到港之后， 也安排清楚。,中国到阿联酋。 把到港之后， 也安排清楚。 中国 → 阿联酋 货是送到迪拜、阿布扎比，还是其他收货点？整柜或拼箱、到港或到门，先把收货地址和责任范围放进同一份方案。 中国 → 阿联酋,
/ru/shipping-from-china-to-uae/,ru,freight,pass,Доставка из Китая в ОАЭ | DDNZ Global,Специализированная доставка из Китая в ОАЭ (Дубай/Джебель-Али),"Специализированная доставка из Китая в ОАЭ (Дубай/Джебель-Али) Плановый срок морской доставки — 18–24 дня, авиационной — 4–8 дней; координация свободной зоны, склада и местной доставки. Опыт организации перевозок Китай–Ближний Восток Это диапазоны для планирования. Оставляйте запас на высокий сезон, изменение расписания, перегрузку портов, досмотр, праздники и изменения маршрута.",
/fr/shipping-from-china-to-uae/,fr,freight,pass,Expédition de Chine vers les Émirats arabes unis | DDNZ Global,Fret et logistique de Chine vers les EAU (Dubaï/Jebel Ali),"Fret et logistique de Chine vers les EAU (Dubaï/Jebel Ali) Fenêtre de planification de 18–24 jours par mer et 4–8 jours par air, avec coordination zone franche, entrepôt et livraison locale. Expérience de coordination Chine–Moyen-Orient Ces fourchettes servent à la planification. Prévoyez une marge pour la haute saison, les changements d’horaires, la congestion portuaire, les inspections, les jours fériés et les modifications d’itinéraire.",
/es/shipping-from-china-to-uae/,es,freight,pass,Envíos de China a EAU | Transporte y entrega | DDNZ Global,De China a EAU. Planificar más allá del puerto.,"De China a EAU. Planificar más allá del puerto. CHINA → EMIRATOS ÁRABES UNIDOS ¿Dubái, Abu Dabi u otro destino? Planificar contenedor completo o consolidado según la dirección y las responsabilidades de entrega. CHINA → EAU",
/ar/shipping-from-china-to-uae/,ar,freight,pass,الشحن من الصين إلى الإمارات | DDNZ Global,الشحن من الصين إلى دبي وجبل علي,الشحن من الصين إلى دبي وجبل علي تخطيط بحري معتاد خلال 18–24 يوماً وجوي خلال 4–8 أيام، مع تنسيق المنطقة الحرة والتخزين والتسليم المحلي. 29+ عاماً من الخبرة · تخليص مباشر في الخليج هذه نطاقات عامة للتخطيط. أضف وقتاً احتياطياً لمواسم الذروة وتغيّر الجداول وازدحام الموانئ والفحص والعطلات وتغيرات المسار.,
/pt/shipping-from-china-to-uae/,pt,freight,pass,Frete da China: destino Emirados Árabes Unidos. | DDNZ Global,Frete da China: destino Emirados Árabes Unidos.,"Frete da China: destino Emirados Árabes Unidos. DDNZ GLOBAL · HEAVEN BORN Planeje o transporte da China com destino a Emirados Árabes Unidos, da coleta no fornecedor à entrega acordada. Compare modalidade, consolidação, documentos e responsabilidades antes de confirmar a remessa. DDNZ: compras e preparação na China · Heaven Born: frete internacional",
/tr/shipping-from-china-to-uae/,tr,freight,pass,Çin çıkışlı yük taşımacılığı: Birleşik Arap Emirlikleri. | DDNZ Global,Çin çıkışlı yük taşımacılığı: Birleşik Arap Emirlikleri.,"Çin çıkışlı yük taşımacılığı: Birleşik Arap Emirlikleri. DDNZ GLOBAL · HEAVEN BORN Çin’den Birleşik Arap Emirlikleri varışlı taşımayı, tedarikçiden teslim almadan kararlaştırılan teslim noktasına kadar planlayın. Sevkiyatı teyit etmeden önce taşıma türünü, konsolidasyonu, belgeleri ve sorumlulukları karşılaştırın. DDNZ: Çin’de tedarik ve ihracat hazırlığı · Heaven Born: uluslararası taşıma",
/shipping-from-china-to-kuwait/,en,freight,pass,Shipping from China to Kuwait | DDNZ Global,Freight Forwarding from China to Kuwait | KUCAS & Customs Documentation Support,"Freight Forwarding from China to Kuwait | KUCAS & Customs Documentation Support Direct sea and air consolidation channels from Shenzhen/Guangzhou to Kuwait. Secure custom declarations and KUCAS certification filing. Established in 1997 · China-origin logistics support General planning ranges only. Add buffer time for peak seasons, carrier schedule changes, port congestion, customs inspection, public holidays and route disruptions.",
/zh-cn/shipping-from-china-to-kuwait/,zh-cn,freight,pass,中国至科威特国际货运 | 华正邦泰,中国至科威特海运与空运：KUCAS 文件支持与目的地交付协调,中国至科威特海运与空运：KUCAS 文件支持与目的地交付协调 海运常规计划 28–35 天、空运 6–12 天；针对受管制货物提供 KUCAS/TABEK 文件核对，并协调目的地清关与派送。 29年中国至中东跨境物流经验 以下为常规计划参考区间。建议为旺季、船期调整、港口拥堵、查验、节假日及航线变化预留缓冲时间。,
/ru/shipping-from-china-to-kuwait/,ru,freight,pass,Доставка из Китая в Кувейт | DDNZ Global,Доставка из Китая в Кувейт | Поддержка по документам KUCAS,"Доставка из Китая в Кувейт | Поддержка по документам KUCAS Плановый срок морской доставки — 28–35 дней, авиационной — 6–12 дней; проверка документов KUCAS/TABEK и координация доставки в пункте назначения. Опыт организации перевозок Китай–Ближний Восток Это диапазоны для планирования. Оставляйте запас на высокий сезон, изменение расписания, перегрузку портов, досмотр, праздники и изменения маршрута.",
/fr/shipping-from-china-to-kuwait/,fr,freight,pass,Expédition de Chine vers le Koweït | DDNZ Global,Transport de fret sécurisé de Chine vers le Koweït | Conformité KUCAS,"Transport de fret sécurisé de Chine vers le Koweït | Conformité KUCAS Planification habituelle de 28–35 jours par mer et 6–12 jours par air, avec vérification documentaire KUCAS/TABEK et coordination du dédouanement à destination. Expérience de coordination Chine–Moyen-Orient Ces fourchettes servent à la planification. Prévoyez une marge pour la haute saison, les changements d’horaires, la congestion portuaire, les inspections, les jours fériés et les modifications d’itinéraire.",
/es/shipping-from-china-to-kuwait/,es,freight,pass,Envíos de China a Kuwait | DDNZ Global,Envíos de China a Kuwait con revisión KUCAS/TABEK,"Envíos de China a Kuwait con revisión KUCAS/TABEK Planificación marítima habitual de 28–35 días y aérea de 6–12 días, con revisión documental y coordinación de entrega en destino. Coordinación desde China desde 1997 Añada margen por temporada alta, cambios de horario, congestión, inspecciones, festivos y desvíos.",
/ar/shipping-from-china-to-kuwait/,ar,freight,pass,الشحن من الصين إلى الكويت | DDNZ Global,الشحن من الصين إلى الكويت مع مراجعة KUCAS/TABEK,الشحن من الصين إلى الكويت مع مراجعة KUCAS/TABEK تخطيط بحري معتاد خلال 28–35 يوماً وجوي خلال 6–12 يوماً، مع مراجعة المستندات وتنسيق التسليم في الوجهة. 29+ عاماً من الخبرة · تخليص مباشر في الخليج هذه نطاقات عامة للتخطيط. أضف وقتاً احتياطياً لمواسم الذروة وتغيّر الجداول وازدحام الموانئ والفحص والعطلات وتغيرات المسار.,
/pt/shipping-from-china-to-kuwait/,pt,freight,pass,Frete da China: destino Kuwait. | DDNZ Global,Frete da China: destino Kuwait.,"Frete da China: destino Kuwait. DDNZ GLOBAL · HEAVEN BORN Planeje o transporte da China com destino a Kuwait, da coleta no fornecedor à entrega acordada. Compare modalidade, consolidação, documentos e responsabilidades antes de confirmar a remessa. DDNZ: compras e preparação na China · Heaven Born: frete internacional",
/tr/shipping-from-china-to-kuwait/,tr,freight,pass,Çin çıkışlı yük taşımacılığı: Kuveyt. | DDNZ Global,Çin çıkışlı yük taşımacılığı: Kuveyt.,"Çin çıkışlı yük taşımacılığı: Kuveyt. DDNZ GLOBAL · HEAVEN BORN Çin’den Kuveyt varışlı taşımayı, tedarikçiden teslim almadan kararlaştırılan teslim noktasına kadar planlayın. Sevkiyatı teyit etmeden önce taşıma türünü, konsolidasyonu, belgeleri ve sorumlulukları karşılaştırın. DDNZ: Çin’de tedarik ve ihracat hazırlığı · Heaven Born: uluslararası taşıma",
/shipping-from-china-to-qatar/,en,freight,pass,Shipping from China to Qatar | DDNZ Global,Shipping from China to Qatar | Freight and Document Planning,"Shipping from China to Qatar | Freight and Document Planning Plan sea and air freight from China to Qatar around cargo information, import-document requirements, and destination-side operating scope. Established in 1997 · China-origin logistics support General planning ranges only. Add buffer time for peak seasons, carrier schedule changes, port congestion, customs inspection, public holidays and route disruptions.",
/zh-cn/shipping-from-china-to-qatar/,zh-cn,freight,pass,中国至卡塔尔国际货运 | 华正邦泰,中国到卡塔尔海运与空运：文件与目的地操作协调支持,中国到卡塔尔海运与空运：文件与目的地操作协调支持 提供中国始发至卡塔尔的海运、空运与集货规划，并在确认的服务范围内协调货物资料、进口文件与目的地操作。 29年中国至中东跨境物流经验 以下为常规计划参考区间。建议为旺季、船期调整、港口拥堵、查验、节假日及航线变化预留缓冲时间。,
/ru/shipping-from-china-to-qatar/,ru,freight,pass,Доставка из Китая в Катар | DDNZ Global,Доставка грузов из Китая в Катар,"Доставка грузов из Китая в Катар Планирование морской и авиационной перевозки из Китая в Катар с учетом данных о грузе, импортных документов и согласованного объема услуг в пункте назначения. Опыт организации перевозок Китай–Ближний Восток Это диапазоны для планирования. Оставляйте запас на высокий сезон, изменение расписания, перегрузку портов, досмотр, праздники и изменения маршрута.",
/fr/shipping-from-china-to-qatar/,fr,freight,pass,Expédition de Chine vers le Qatar | DDNZ Global,Fret maritime et aérien de Chine vers Qatar,"Fret maritime et aérien de Chine vers Qatar Planification du fret depuis la Chine vers Qatar selon les données de la marchandise, les documents d’importation et le périmètre opérationnel à destination. Expérience de coordination Chine–Moyen-Orient Ces fourchettes servent à la planification. Prévoyez une marge pour la haute saison, les changements d’horaires, la congestion portuaire, les inspections, les jours fériés et les modifications d’itinéraire.",
/es/shipping-from-china-to-qatar/,es,freight,pass,Envíos de China a Catar | DDNZ Global,Envíos desde China a Qatar | Planificación de carga y documentos,"Envíos desde China a Qatar | Planificación de carga y documentos Planificación marítima y aérea desde China a Qatar según los datos de la carga, requisitos de importación y alcance operativo en destino. Coordinación desde China desde 1997 Añada margen por temporada alta, cambios de horario, congestión, inspecciones, festivos y desvíos.",
/ar/shipping-from-china-to-qatar/,ar,freight,pass,الشحن من الصين إلى قطر | DDNZ Global,الشحن من الصين إلى قطر | تخطيط الشحن والمستندات,الشحن من الصين إلى قطر | تخطيط الشحن والمستندات تخطيط الشحن البحري والجوي من الصين إلى قطر وفقاً لبيانات البضائع ومتطلبات الاستيراد ونطاق العمليات في الوجهة. 29+ عاماً من الخبرة · تخليص مباشر في الخليج هذه نطاقات عامة للتخطيط. أضف وقتاً احتياطياً لمواسم الذروة وتغيّر الجداول وازدحام الموانئ والفحص والعطلات وتغيرات المسار.,
/pt/shipping-from-china-to-qatar/,pt,freight,pass,Frete da China: destino Catar. | DDNZ Global,Frete da China: destino Catar.,"Frete da China: destino Catar. DDNZ GLOBAL · HEAVEN BORN Planeje o transporte da China com destino a Catar, da coleta no fornecedor à entrega acordada. Compare modalidade, consolidação, documentos e responsabilidades antes de confirmar a remessa. DDNZ: compras e preparação na China · Heaven Born: frete internacional",
/tr/shipping-from-china-to-qatar/,tr,freight,pass,Çin çıkışlı yük taşımacılığı: Katar. | DDNZ Global,Çin çıkışlı yük taşımacılığı: Katar.,"Çin çıkışlı yük taşımacılığı: Katar. DDNZ GLOBAL · HEAVEN BORN Çin’den Katar varışlı taşımayı, tedarikçiden teslim almadan kararlaştırılan teslim noktasına kadar planlayın. Sevkiyatı teyit etmeden önce taşıma türünü, konsolidasyonu, belgeleri ve sorumlulukları karşılaştırın. DDNZ: Çin’de tedarik ve ihracat hazırlığı · Heaven Born: uluslararası taşıma",
/shipping-from-china-to-oman/,en,freight,pass,Shipping from China to Oman | DDNZ Global,Shipping from China to Oman | Freight and Document Planning,"Shipping from China to Oman | Freight and Document Planning Plan sea and air freight from China to Oman around cargo information, import-document requirements, and destination-side operating scope. Established in 1997 · China-origin logistics support General planning ranges only. Add buffer time for peak seasons, carrier schedule changes, port congestion, customs inspection, public holidays and route disruptions.",
/zh-cn/shipping-from-china-to-oman/,zh-cn,freight,pass,中国至阿曼国际货运 | 华正邦泰,中国到阿曼海运与空运：文件与目的地操作协调支持,中国到阿曼海运与空运：文件与目的地操作协调支持 提供中国始发至阿曼的海运、空运与集货规划，并在确认的服务范围内协调货物资料、进口文件与目的地操作。 29年中国至中东跨境物流经验 以下为常规计划参考区间。建议为旺季、船期调整、港口拥堵、查验、节假日及航线变化预留缓冲时间。,
/ru/shipping-from-china-to-oman/,ru,freight,pass,Доставка из Китая в Оман | DDNZ Global,Доставка грузов из Китая в Оман,"Доставка грузов из Китая в Оман Планирование морской и авиационной перевозки из Китая в Оман с учетом данных о грузе, импортных документов и согласованного объема услуг в пункте назначения. Опыт организации перевозок Китай–Ближний Восток Это диапазоны для планирования. Оставляйте запас на высокий сезон, изменение расписания, перегрузку портов, досмотр, праздники и изменения маршрута.",
/fr/shipping-from-china-to-oman/,fr,freight,pass,Expédition de Chine vers Oman | DDNZ Global,Fret maritime et aérien de Chine vers Oman,"Fret maritime et aérien de Chine vers Oman Planification du fret depuis la Chine vers Oman selon les données de la marchandise, les documents d’importation et le périmètre opérationnel à destination. Expérience de coordination Chine–Moyen-Orient Ces fourchettes servent à la planification. Prévoyez une marge pour la haute saison, les changements d’horaires, la congestion portuaire, les inspections, les jours fériés et les modifications d’itinéraire.",
/es/shipping-from-china-to-oman/,es,freight,pass,Envíos de China a Omán | DDNZ Global,Envíos desde China a Omán | Planificación de carga y documentos,"Envíos desde China a Omán | Planificación de carga y documentos Planificación marítima y aérea desde China a Omán según los datos de la carga, requisitos de importación y alcance operativo en destino. Coordinación desde China desde 1997 Añada margen por temporada alta, cambios de horario, congestión, inspecciones, festivos y desvíos.",
/ar/shipping-from-china-to-oman/,ar,freight,pass,الشحن من الصين إلى عُمان | DDNZ Global,الشحن من الصين إلى عُمان | تخطيط الشحن والمستندات,الشحن من الصين إلى عُمان | تخطيط الشحن والمستندات تخطيط الشحن البحري والجوي من الصين إلى عُمان وفقاً لبيانات البضائع ومتطلبات الاستيراد ونطاق العمليات في الوجهة. 29+ عاماً من الخبرة · تخليص مباشر في الخليج هذه نطاقات عامة للتخطيط. أضف وقتاً احتياطياً لمواسم الذروة وتغيّر الجداول وازدحام الموانئ والفحص والعطلات وتغيرات المسار.,
/pt/shipping-from-china-to-oman/,pt,freight,pass,Frete da China: destino Omã. | DDNZ Global,Frete da China: destino Omã.,"Frete da China: destino Omã. DDNZ GLOBAL · HEAVEN BORN Planeje o transporte da China com destino a Omã, da coleta no fornecedor à entrega acordada. Compare modalidade, consolidação, documentos e responsabilidades antes de confirmar a remessa. DDNZ: compras e preparação na China · Heaven Born: frete internacional",
/tr/shipping-from-china-to-oman/,tr,freight,pass,Çin çıkışlı yük taşımacılığı: Umman. | DDNZ Global,Çin çıkışlı yük taşımacılığı: Umman.,"Çin çıkışlı yük taşımacılığı: Umman. DDNZ GLOBAL · HEAVEN BORN Çin’den Umman varışlı taşımayı, tedarikçiden teslim almadan kararlaştırılan teslim noktasına kadar planlayın. Sevkiyatı teyit etmeden önce taşıma türünü, konsolidasyonu, belgeleri ve sorumlulukları karşılaştırın. DDNZ: Çin’de tedarik ve ihracat hazırlığı · Heaven Born: uluslararası taşıma",
/shipping-from-china-to-bahrain/,en,freight,pass,Shipping from China to Bahrain | DDNZ Global,Shipping from China to Bahrain | Freight and Document Planning,"Shipping from China to Bahrain | Freight and Document Planning Plan sea and air freight from China to Bahrain around cargo information, import-document requirements, and destination-side operating scope. Established in 1997 · China-origin logistics support General planning ranges only. Add buffer time for peak seasons, carrier schedule changes, port congestion, customs inspection, public holidays and route disruptions.",
/zh-cn/shipping-from-china-to-bahrain/,zh-cn,freight,pass,中国至巴林国际货运 | 华正邦泰,中国到巴林海运与空运：文件与目的地操作协调支持,中国到巴林海运与空运：文件与目的地操作协调支持 提供中国始发至巴林的海运、空运与集货规划，并在确认的服务范围内协调货物资料、进口文件与目的地操作。 29年中国至中东跨境物流经验 以下为常规计划参考区间。建议为旺季、船期调整、港口拥堵、查验、节假日及航线变化预留缓冲时间。,
/ru/shipping-from-china-to-bahrain/,ru,freight,pass,Доставка из Китая в Бахрейн | DDNZ Global,Доставка грузов из Китая в Бахрейн,"Доставка грузов из Китая в Бахрейн Планирование морской и авиационной перевозки из Китая в Бахрейн с учетом данных о грузе, импортных документов и согласованного объема услуг в пункте назначения. Опыт организации перевозок Китай–Ближний Восток Это диапазоны для планирования. Оставляйте запас на высокий сезон, изменение расписания, перегрузку портов, досмотр, праздники и изменения маршрута.",
/fr/shipping-from-china-to-bahrain/,fr,freight,pass,Expédition de Chine vers Bahreïn | DDNZ Global,Fret maritime et aérien de Chine vers Bahreïn,"Fret maritime et aérien de Chine vers Bahreïn Planification du fret depuis la Chine vers Bahreïn selon les données de la marchandise, les documents d’importation et le périmètre opérationnel à destination. Expérience de coordination Chine–Moyen-Orient Ces fourchettes servent à la planification. Prévoyez une marge pour la haute saison, les changements d’horaires, la congestion portuaire, les inspections, les jours fériés et les modifications d’itinéraire.",
/es/shipping-from-china-to-bahrain/,es,freight,pass,Envíos de China a Baréin | DDNZ Global,Envíos desde China a Baréin | Planificación de carga y documentos,"Envíos desde China a Baréin | Planificación de carga y documentos Planificación marítima y aérea desde China a Baréin según los datos de la carga, requisitos de importación y alcance operativo en destino. Coordinación desde China desde 1997 Añada margen por temporada alta, cambios de horario, congestión, inspecciones, festivos y desvíos.",
/ar/shipping-from-china-to-bahrain/,ar,freight,pass,الشحن من الصين إلى البحرين | DDNZ Global,الشحن من الصين إلى البحرين | تخطيط الشحن والمستندات,الشحن من الصين إلى البحرين | تخطيط الشحن والمستندات تخطيط الشحن البحري والجوي من الصين إلى البحرين وفقاً لبيانات البضائع ومتطلبات الاستيراد ونطاق العمليات في الوجهة. 29+ عاماً من الخبرة · تخليص مباشر في الخليج هذه نطاقات عامة للتخطيط. أضف وقتاً احتياطياً لمواسم الذروة وتغيّر الجداول وازدحام الموانئ والفحص والعطلات وتغيرات المسار.,
/pt/shipping-from-china-to-bahrain/,pt,freight,pass,Frete da China: destino Barein. | DDNZ Global,Frete da China: destino Barein.,"Frete da China: destino Barein. DDNZ GLOBAL · HEAVEN BORN Planeje o transporte da China com destino a Barein, da coleta no fornecedor à entrega acordada. Compare modalidade, consolidação, documentos e responsabilidades antes de confirmar a remessa. DDNZ: compras e preparação na China · Heaven Born: frete internacional",
/tr/shipping-from-china-to-bahrain/,tr,freight,pass,Çin çıkışlı yük taşımacılığı: Bahreyn. | DDNZ Global,Çin çıkışlı yük taşımacılığı: Bahreyn.,"Çin çıkışlı yük taşımacılığı: Bahreyn. DDNZ GLOBAL · HEAVEN BORN Çin’den Bahreyn varışlı taşımayı, tedarikçiden teslim almadan kararlaştırılan teslim noktasına kadar planlayın. Sevkiyatı teyit etmeden önce taşıma türünü, konsolidasyonu, belgeleri ve sorumlulukları karşılaştırın. DDNZ: Çin’de tedarik ve ihracat hazırlığı · Heaven Born: uluslararası taşıma",
/shipping-from-china-to-kazakhstan/,en,freight,pass,Shipping from China to Kazakhstan | DDNZ Global China to Central Asia border gateways and destinations,"China to Kazakhstan Freight: Rail, Trucking & Customs Support","China to Kazakhstan Freight: Rail, Trucking & Customs Support CHINA TO RUSSIA AND CENTRAL ASIA Direct block trains and cross-border trucking, with Heaven Born coordination for Horgos/Alashankou transfers and EAEU-ready documentation. Indicative only. Confirm the route, space, cargo acceptance and border conditions with the quotation.",
/zh-cn/shipping-from-china-to-kazakhstan/,zh-cn,freight,pass,中国至哈萨克斯坦国际货运 | 华正邦泰 中国至中亚主要跨境运输口岸与城市,中国到哈萨克斯坦货运：铁路、卡航与 EAEU 清关服务,中国到哈萨克斯坦货运：铁路、卡航与 EAEU 清关服务 中国至俄罗斯与中亚五国 直达阿拉木图与阿斯塔纳。华正邦泰国际货运协调霍尔果斯/阿拉山口口岸换装、进口申报与多式联运安排。 仅供前期规划。最终路线、舱位、货物接受条件和口岸运行情况以书面报价为准。,
/ru/shipping-from-china-to-kazakhstan/,ru,freight,pass,Доставка из Китая в Казахстан | DDNZ Global Пограничные переходы и пункты назначения Центральной Азии,"Доставка из Китая в Казахстан: железная дорога, авто и таможня","Доставка из Китая в Казахстан: железная дорога, авто и таможня ДОСТАВКА ИЗ КИТАЯ В РОССИЮ И ЦЕНТРАЛЬНУЮ АЗИЮ Heaven Born координирует автодоставку и контейнерные перевозки в Казахстан и Центральную Азию с подготовкой документов до отправки. Срок указан для планирования. Маршрут, место, прием груза и условия на границе подтверждаются в письменной котировке.",
/fr/shipping-from-china-to-kazakhstan/,fr,freight,pass,Expédition de Chine vers le Kazakhstan | DDNZ Global Passages et destinations entre Chine et Asie centrale,Fret de Chine vers Kazakhstan,"Fret de Chine vers Kazakhstan CHINE VERS RUSSIE ET ASIE CENTRALE Planifiez le rail, la route, le multimodal et l'aérien vers Almaty, Astana et terminaux régionaux, avec un périmètre frontalier et de livraison écrit. Indication de planification uniquement. Itinéraire, capacité, acceptation et conditions frontalières sont confirmés dans l’offre.",
/es/shipping-from-china-to-kazakhstan/,es,freight,pass,Envíos de China a Kazajistán | DDNZ Global Pasos fronterizos y destinos de Asia Central,Transporte de China a Kazajistán,"Transporte de China a Kazajistán CHINA HACIA RUSIA Y ASIA CENTRAL Planifique ferrocarril, carretera, transporte multimodal y aéreo a Almaty, Astaná y terminales regionales, con límites fronterizos y de entrega por escrito. Dato orientativo. Ruta, espacio, aceptación y condiciones fronterizas se confirman en la cotización.",
/ar/shipping-from-china-to-kazakhstan/,ar,freight,pass,الشحن من الصين إلى كازاخستان | DDNZ Global معابر ووجهات الصين وآسيا الوسطى,الشحن من الصين إلى كازاخستان,الشحن من الصين إلى كازاخستان من الصين إلى روسيا وآسيا الوسطى خطط للنقل بالسكك الحديدية والطرق والنقل متعدد الوسائط والجوي إلى ألماتي وأستانا والمحطات الإقليمية مع تحديد مكتوب لنطاق الحدود والتسليم. مدة إرشادية فقط. يتم تأكيد المسار والسعة وقبول البضائع وظروف الحدود في العرض المكتوب.,
/pt/shipping-from-china-to-kazakhstan/,pt,freight,pass,Frete da China: destino Cazaquistão. | DDNZ Global,Frete da China: destino Cazaquistão.,"Frete da China: destino Cazaquistão. DDNZ GLOBAL · HEAVEN BORN Planeje o transporte da China com destino a Cazaquistão, da coleta no fornecedor à entrega acordada. Compare modalidade, consolidação, documentos e responsabilidades antes de confirmar a remessa. DDNZ: compras e preparação na China · Heaven Born: frete internacional",
/tr/shipping-from-china-to-kazakhstan/,tr,freight,pass,Çin çıkışlı yük taşımacılığı: Kazakistan. | DDNZ Global,Çin çıkışlı yük taşımacılığı: Kazakistan.,"Çin çıkışlı yük taşımacılığı: Kazakistan. DDNZ GLOBAL · HEAVEN BORN Çin’den Kazakistan varışlı taşımayı, tedarikçiden teslim almadan kararlaştırılan teslim noktasına kadar planlayın. Sevkiyatı teyit etmeden önce taşıma türünü, konsolidasyonu, belgeleri ve sorumlulukları karşılaştırın. DDNZ: Çin’de tedarik ve ihracat hazırlığı · Heaven Born: uluslararası taşıma",
/shipping-from-china-to-uzbekistan/,en,freight,pass,Shipping from China to Uzbekistan | DDNZ Global Cross-border road route from Jiaozhou to Tashkent,"Rail, multimodal and trucking from China to Uzbekistan","Rail, multimodal and trucking from China to Uzbekistan CHINA TO RUSSIA AND CENTRAL ASIA Plan transport to Tashkent and industrial destinations around cargo documents, border procedures and destination-side operating scope. Indicative only. Confirm the route, space, cargo acceptance and border conditions with the quotation.",
/zh-cn/shipping-from-china-to-uzbekistan/,zh-cn,freight,pass,中国至乌兹别克斯坦国际货运 | 华正邦泰 胶州至塔什干跨境汽运节点图,中国到乌兹别克斯坦的铁路、卡航与多式联运,中国到乌兹别克斯坦的铁路、卡航与多式联运 中国至俄罗斯与中亚五国 根据货物资料、边境操作和目的地服务范围，规划到塔什干及工业区的运输方案。 仅供前期规划。最终路线、舱位、货物接受条件和口岸运行情况以书面报价为准。,
/ru/shipping-from-china-to-uzbekistan/,ru,freight,pass,Доставка из Китая в Узбекистан | DDNZ Global Автомаршрут Цзяочжоу — Ташкент,Доставка из Китая в Узбекистан,"Доставка из Китая в Узбекистан ДОСТАВКА ИЗ КИТАЯ В РОССИЮ И ЦЕНТРАЛЬНУЮ АЗИЮ Планируйте автодоставку, железнодорожные и мультимодальные отправки в Ташкент и промышленные регионы с проверкой документов и условий на стороне назначения. Срок указан для планирования. Маршрут, место, прием груза и условия на границе подтверждаются в письменной котировке.",
/fr/shipping-from-china-to-uzbekistan/,fr,freight,pass,Expédition de Chine vers l’Ouzbékistan | DDNZ Global Route routière de Jiaozhou à Tachkent,Fret de Chine vers Ouzbékistan,"Fret de Chine vers Ouzbékistan CHINE VERS RUSSIE ET ASIE CENTRALE Planifiez le rail, la route, le multimodal et l'aérien vers Tachkent et régions industrielles, avec un périmètre frontalier et de livraison écrit. Indication de planification uniquement. Itinéraire, capacité, acceptation et conditions frontalières sont confirmés dans l’offre.",
/es/shipping-from-china-to-uzbekistan/,es,freight,pass,Envíos de China a Uzbekistán | DDNZ Global Ruta por carretera de Jiaozhou a Taskent,Transporte de China a Uzbekistán,"Transporte de China a Uzbekistán CHINA HACIA RUSIA Y ASIA CENTRAL Planifique ferrocarril, carretera, transporte multimodal y aéreo a Taskent y regiones industriales, con límites fronterizos y de entrega por escrito. Dato orientativo. Ruta, espacio, aceptación y condiciones fronterizas se confirman en la cotización.",
/ar/shipping-from-china-to-uzbekistan/,ar,freight,pass,الشحن من الصين إلى أوزبكستان | DDNZ Global المسار البري من جياوجو إلى طشقند,الشحن من الصين إلى أوزبكستان,الشحن من الصين إلى أوزبكستان من الصين إلى روسيا وآسيا الوسطى خطط للنقل بالسكك الحديدية والطرق والنقل متعدد الوسائط والجوي إلى طشقند والمناطق الصناعية مع تحديد مكتوب لنطاق الحدود والتسليم. مدة إرشادية فقط. يتم تأكيد المسار والسعة وقبول البضائع وظروف الحدود في العرض المكتوب.,
/pt/shipping-from-china-to-uzbekistan/,pt,freight,pass,Frete da China: destino Uzbequistão. | DDNZ Global,Frete da China: destino Uzbequistão.,"Frete da China: destino Uzbequistão. DDNZ GLOBAL · HEAVEN BORN Planeje o transporte da China com destino a Uzbequistão, da coleta no fornecedor à entrega acordada. Compare modalidade, consolidação, documentos e responsabilidades antes de confirmar a remessa. DDNZ: compras e preparação na China · Heaven Born: frete internacional",
/tr/shipping-from-china-to-uzbekistan/,tr,freight,pass,Çin çıkışlı yük taşımacılığı: Özbekistan. | DDNZ Global,Çin çıkışlı yük taşımacılığı: Özbekistan.,"Çin çıkışlı yük taşımacılığı: Özbekistan. DDNZ GLOBAL · HEAVEN BORN Çin’den Özbekistan varışlı taşımayı, tedarikçiden teslim almadan kararlaştırılan teslim noktasına kadar planlayın. Sevkiyatı teyit etmeden önce taşıma türünü, konsolidasyonu, belgeleri ve sorumlulukları karşılaştırın. DDNZ: Çin’de tedarik ve ihracat hazırlığı · Heaven Born: uluslararası taşıma",
/shipping-from-china-to-kyrgyzstan/,en,freight,pass,Shipping from China to Kyrgyzstan | DDNZ Global China to Central Asia border gateways and destinations,Freight from China to Kyrgyzstan,"Freight from China to Kyrgyzstan CHINA TO RUSSIA AND CENTRAL ASIA Plan rail, road, multimodal and air freight to Bishkek, Osh and regional delivery points with written border and delivery scope. Indicative only. Confirm the route, space, cargo acceptance and border conditions with the quotation.",
/zh-cn/shipping-from-china-to-kyrgyzstan/,zh-cn,freight,pass,中国至吉尔吉斯斯坦国际货运 | 华正邦泰 中国至中亚主要跨境运输口岸与城市,中国到吉尔吉斯斯坦货运,中国到吉尔吉斯斯坦货运 中国至俄罗斯与中亚五国 围绕比什凯克、奥什及吉尔吉斯斯坦区域交付点规划铁路、公路、多式联运与空运，并书面确认口岸和交付边界。 仅供前期规划。最终路线、舱位、货物接受条件和口岸运行情况以书面报价为准。,
/ru/shipping-from-china-to-kyrgyzstan/,ru,freight,pass,Доставка из Китая в Кыргызстан | DDNZ Global Пограничные переходы и пункты назначения Центральной Азии,Китай - Кыргызстан: грузоперевозки,"Китай - Кыргызстан: грузоперевозки ДОСТАВКА ИЗ КИТАЯ В РОССИЮ И ЦЕНТРАЛЬНУЮ АЗИЮ Железнодорожные, автомобильные, мультимодальные и авиамаршруты. Направления: Бишкек, Ош и региональные пункты доставки. Границы и доставка фиксируются письменно. Срок указан для планирования. Маршрут, место, прием груза и условия на границе подтверждаются в письменной котировке.",
/fr/shipping-from-china-to-kyrgyzstan/,fr,freight,pass,Expédition de Chine vers le Kirghizistan | DDNZ Global Passages et destinations entre Chine et Asie centrale,Fret de Chine vers Kirghizistan,"Fret de Chine vers Kirghizistan CHINE VERS RUSSIE ET ASIE CENTRALE Planifiez le rail, la route, le multimodal et l'aérien vers Bichkek, Och et points de livraison régionaux, avec un périmètre frontalier et de livraison écrit. Indication de planification uniquement. Itinéraire, capacité, acceptation et conditions frontalières sont confirmés dans l’offre.",
/es/shipping-from-china-to-kyrgyzstan/,es,freight,pass,Envíos de China a Kirguistán | DDNZ Global Pasos fronterizos y destinos de Asia Central,Transporte de China a Kirguistán,"Transporte de China a Kirguistán CHINA HACIA RUSIA Y ASIA CENTRAL Planifique ferrocarril, carretera, transporte multimodal y aéreo a Biskek, Osh y puntos de entrega regionales, con límites fronterizos y de entrega por escrito. Dato orientativo. Ruta, espacio, aceptación y condiciones fronterizas se confirman en la cotización.",
/ar/shipping-from-china-to-kyrgyzstan/,ar,freight,pass,الشحن من الصين إلى قيرغيزستان | DDNZ Global معابر ووجهات الصين وآسيا الوسطى,الشحن من الصين إلى قيرغيزستان,الشحن من الصين إلى قيرغيزستان من الصين إلى روسيا وآسيا الوسطى خطط للنقل بالسكك الحديدية والطرق والنقل متعدد الوسائط والجوي إلى بيشكيك وأوش ونقاط التسليم الإقليمية مع تحديد مكتوب لنطاق الحدود والتسليم. مدة إرشادية فقط. يتم تأكيد المسار والسعة وقبول البضائع وظروف الحدود في العرض المكتوب.,
/pt/shipping-from-china-to-kyrgyzstan/,pt,freight,pass,Frete da China: destino Quirguistão. | DDNZ Global,Frete da China: destino Quirguistão.,"Frete da China: destino Quirguistão. DDNZ GLOBAL · HEAVEN BORN Planeje o transporte da China com destino a Quirguistão, da coleta no fornecedor à entrega acordada. Compare modalidade, consolidação, documentos e responsabilidades antes de confirmar a remessa. DDNZ: compras e preparação na China · Heaven Born: frete internacional",
/tr/shipping-from-china-to-kyrgyzstan/,tr,freight,pass,Çin çıkışlı yük taşımacılığı: Kırgızistan. | DDNZ Global,Çin çıkışlı yük taşımacılığı: Kırgızistan.,"Çin çıkışlı yük taşımacılığı: Kırgızistan. DDNZ GLOBAL · HEAVEN BORN Çin’den Kırgızistan varışlı taşımayı, tedarikçiden teslim almadan kararlaştırılan teslim noktasına kadar planlayın. Sevkiyatı teyit etmeden önce taşıma türünü, konsolidasyonu, belgeleri ve sorumlulukları karşılaştırın. DDNZ: Çin’de tedarik ve ihracat hazırlığı · Heaven Born: uluslararası taşıma",
/shipping-from-china-to-tajikistan/,en,freight,pass,Shipping from China to Tajikistan | DDNZ Global China to Central Asia border gateways and destinations,Freight from China to Tajikistan,"Freight from China to Tajikistan CHINA TO RUSSIA AND CENTRAL ASIA Plan rail, road, multimodal and air freight to Dushanbe, Khujand and regional delivery points with written border and delivery scope. Indicative only. Confirm the route, space, cargo acceptance and border conditions with the quotation.",
/zh-cn/shipping-from-china-to-tajikistan/,zh-cn,freight,pass,中国至塔吉克斯坦国际货运 | 华正邦泰 中国至中亚主要跨境运输口岸与城市,中国到塔吉克斯坦货运,中国到塔吉克斯坦货运 中国至俄罗斯与中亚五国 围绕杜尚别、苦盏及塔吉克斯坦区域交付点规划铁路、公路、多式联运与空运，并书面确认口岸和交付边界。 仅供前期规划。最终路线、舱位、货物接受条件和口岸运行情况以书面报价为准。,
/ru/shipping-from-china-to-tajikistan/,ru,freight,pass,Доставка из Китая в Таджикистан | DDNZ Global Пограничные переходы и пункты назначения Центральной Азии,Китай - Таджикистан: грузоперевозки,"Китай - Таджикистан: грузоперевозки ДОСТАВКА ИЗ КИТАЯ В РОССИЮ И ЦЕНТРАЛЬНУЮ АЗИЮ Железнодорожные, автомобильные, мультимодальные и авиамаршруты. Направления: Душанбе, Худжанд и региональные пункты доставки. Границы и доставка фиксируются письменно. Срок указан для планирования. Маршрут, место, прием груза и условия на границе подтверждаются в письменной котировке.",
/fr/shipping-from-china-to-tajikistan/,fr,freight,pass,Expédition de Chine vers le Tadjikistan | DDNZ Global Passages et destinations entre Chine et Asie centrale,Fret de Chine vers Tadjikistan,"Fret de Chine vers Tadjikistan CHINE VERS RUSSIE ET ASIE CENTRALE Planifiez le rail, la route, le multimodal et l'aérien vers Douchanbé, Khodjent et points de livraison régionaux, avec un périmètre frontalier et de livraison écrit. Indication de planification uniquement. Itinéraire, capacité, acceptation et conditions frontalières sont confirmés dans l’offre.",
/es/shipping-from-china-to-tajikistan/,es,freight,pass,Envíos de China a Tayikistán | DDNZ Global Pasos fronterizos y destinos de Asia Central,Transporte de China a Tayikistán,"Transporte de China a Tayikistán CHINA HACIA RUSIA Y ASIA CENTRAL Planifique ferrocarril, carretera, transporte multimodal y aéreo a Dusambé, Juyand y puntos de entrega regionales, con límites fronterizos y de entrega por escrito. Dato orientativo. Ruta, espacio, aceptación y condiciones fronterizas se confirman en la cotización.",
/ar/shipping-from-china-to-tajikistan/,ar,freight,pass,الشحن من الصين إلى طاجيكستان | DDNZ Global معابر ووجهات الصين وآسيا الوسطى,الشحن من الصين إلى طاجيكستان,الشحن من الصين إلى طاجيكستان من الصين إلى روسيا وآسيا الوسطى خطط للنقل بالسكك الحديدية والطرق والنقل متعدد الوسائط والجوي إلى دوشنبه وخجند ونقاط التسليم الإقليمية مع تحديد مكتوب لنطاق الحدود والتسليم. مدة إرشادية فقط. يتم تأكيد المسار والسعة وقبول البضائع وظروف الحدود في العرض المكتوب.,
/pt/shipping-from-china-to-tajikistan/,pt,freight,pass,Frete da China: destino Tadjiquistão. | DDNZ Global,Frete da China: destino Tadjiquistão.,"Frete da China: destino Tadjiquistão. DDNZ GLOBAL · HEAVEN BORN Planeje o transporte da China com destino a Tadjiquistão, da coleta no fornecedor à entrega acordada. Compare modalidade, consolidação, documentos e responsabilidades antes de confirmar a remessa. DDNZ: compras e preparação na China · Heaven Born: frete internacional",
/tr/shipping-from-china-to-tajikistan/,tr,freight,pass,Çin çıkışlı yük taşımacılığı: Tacikistan. | DDNZ Global,Çin çıkışlı yük taşımacılığı: Tacikistan.,"Çin çıkışlı yük taşımacılığı: Tacikistan. DDNZ GLOBAL · HEAVEN BORN Çin’den Tacikistan varışlı taşımayı, tedarikçiden teslim almadan kararlaştırılan teslim noktasına kadar planlayın. Sevkiyatı teyit etmeden önce taşıma türünü, konsolidasyonu, belgeleri ve sorumlulukları karşılaştırın. DDNZ: Çin’de tedarik ve ihracat hazırlığı · Heaven Born: uluslararası taşıma",
/shipping-from-china-to-turkmenistan/,en,freight,pass,Shipping from China to Turkmenistan | DDNZ Global China to Central Asia border gateways and destinations,Freight from China to Turkmenistan,"Freight from China to Turkmenistan CHINA TO RUSSIA AND CENTRAL ASIA Plan rail, road, multimodal and air freight to Ashgabat, Turkmenabat and confirmed delivery points with written border and delivery scope. Indicative only. Confirm the route, space, cargo acceptance and border conditions with the quotation.",
/zh-cn/shipping-from-china-to-turkmenistan/,zh-cn,freight,pass,中国至土库曼斯坦国际货运 | 华正邦泰 中国至中亚主要跨境运输口岸与城市,中国到土库曼斯坦货运,中国到土库曼斯坦货运 中国至俄罗斯与中亚五国 围绕阿什哈巴德、土库曼纳巴德及确认的交付点规划铁路、公路、多式联运与空运，并书面确认口岸和交付边界。 仅供前期规划。最终路线、舱位、货物接受条件和口岸运行情况以书面报价为准。,
/ru/shipping-from-china-to-turkmenistan/,ru,freight,pass,Доставка из Китая в Туркменистан | DDNZ Global Пограничные переходы и пункты назначения Центральной Азии,Китай - Туркменистан: грузоперевозки,"Китай - Туркменистан: грузоперевозки ДОСТАВКА ИЗ КИТАЯ В РОССИЮ И ЦЕНТРАЛЬНУЮ АЗИЮ Железнодорожные, автомобильные, мультимодальные и авиамаршруты. Направления: Ашхабад, Туркменабат и подтвержденные пункты доставки. Границы и доставка фиксируются письменно. Срок указан для планирования. Маршрут, место, прием груза и условия на границе подтверждаются в письменной котировке.",
/fr/shipping-from-china-to-turkmenistan/,fr,freight,pass,Expédition de Chine vers le Turkménistan | DDNZ Global Passages et destinations entre Chine et Asie centrale,Fret de Chine vers Turkménistan,"Fret de Chine vers Turkménistan CHINE VERS RUSSIE ET ASIE CENTRALE Planifiez le rail, la route, le multimodal et l'aérien vers Achgabat, Türkmenabat et points de livraison confirmés, avec un périmètre frontalier et de livraison écrit. Indication de planification uniquement. Itinéraire, capacité, acceptation et conditions frontalières sont confirmés dans l’offre.",
/es/shipping-from-china-to-turkmenistan/,es,freight,pass,Envíos de China a Turkmenistán | DDNZ Global Pasos fronterizos y destinos de Asia Central,Transporte de China a Turkmenistán,"Transporte de China a Turkmenistán CHINA HACIA RUSIA Y ASIA CENTRAL Planifique ferrocarril, carretera, transporte multimodal y aéreo a Asjabad, Turkmenabat y puntos de entrega confirmados, con límites fronterizos y de entrega por escrito. Dato orientativo. Ruta, espacio, aceptación y condiciones fronterizas se confirman en la cotización.",
/ar/shipping-from-china-to-turkmenistan/,ar,freight,pass,الشحن من الصين إلى تركمانستان | DDNZ Global معابر ووجهات الصين وآسيا الوسطى,الشحن من الصين إلى تركمانستان,الشحن من الصين إلى تركمانستان من الصين إلى روسيا وآسيا الوسطى خطط للنقل بالسكك الحديدية والطرق والنقل متعدد الوسائط والجوي إلى عشق آباد وتركمان آباد ونقاط التسليم المؤكدة مع تحديد مكتوب لنطاق الحدود والتسليم. مدة إرشادية فقط. يتم تأكيد المسار والسعة وقبول البضائع وظروف الحدود في العرض المكتوب.,
/pt/shipping-from-china-to-turkmenistan/,pt,freight,pass,Frete da China: destino Turcomenistão. | DDNZ Global,Frete da China: destino Turcomenistão.,"Frete da China: destino Turcomenistão. DDNZ GLOBAL · HEAVEN BORN Planeje o transporte da China com destino a Turcomenistão, da coleta no fornecedor à entrega acordada. Compare modalidade, consolidação, documentos e responsabilidades antes de confirmar a remessa. DDNZ: compras e preparação na China · Heaven Born: frete internacional",
/tr/shipping-from-china-to-turkmenistan/,tr,freight,pass,Çin çıkışlı yük taşımacılığı: Türkmenistan. | DDNZ Global,Çin çıkışlı yük taşımacılığı: Türkmenistan.,"Çin çıkışlı yük taşımacılığı: Türkmenistan. DDNZ GLOBAL · HEAVEN BORN Çin’den Türkmenistan varışlı taşımayı, tedarikçiden teslim almadan kararlaştırılan teslim noktasına kadar planlayın. Sevkiyatı teyit etmeden önce taşıma türünü, konsolidasyonu, belgeleri ve sorumlulukları karşılaştırın. DDNZ: Çin’de tedarik ve ihracat hazırlığı · Heaven Born: uluslararası taşıma",
/shipping-from-china-to-russia/,en,freight,pass,Shipping from China to Russia | DDNZ Global China to Central Asia border gateways and destinations,Freight from China to Russia,"Freight from China to Russia CHINA TO RUSSIA AND CENTRAL ASIA Plan rail, road, multimodal and air freight to Moscow, Yekaterinburg and regional terminals with written border and delivery scope. Indicative only. Confirm the route, space, cargo acceptance and border conditions with the quotation.",
/zh-cn/shipping-from-china-to-russia/,zh-cn,freight,pass,中国至俄罗斯国际货运 | 华正邦泰 中国至中亚主要跨境运输口岸与城市,中国到俄罗斯货运,中国到俄罗斯货运 中国至俄罗斯与中亚五国 围绕莫斯科、叶卡捷琳堡及俄罗斯区域站点规划铁路、公路、多式联运与空运，并书面确认口岸和交付边界。 仅供前期规划。最终路线、舱位、货物接受条件和口岸运行情况以书面报价为准。,
/ru/shipping-from-china-to-russia/,ru,freight,pass,Доставка из Китая в Россию | DDNZ Global Пограничные переходы и пункты назначения Центральной Азии,Китай - Россия: грузоперевозки,"Китай - Россия: грузоперевозки ДОСТАВКА ИЗ КИТАЯ В РОССИЮ И ЦЕНТРАЛЬНУЮ АЗИЮ Железнодорожные, автомобильные, мультимодальные и авиамаршруты. Направления: Москва, Екатеринбург и региональные терминалы. Границы и доставка фиксируются письменно. Срок указан для планирования. Маршрут, место, прием груза и условия на границе подтверждаются в письменной котировке.",
/fr/shipping-from-china-to-russia/,fr,freight,pass,Expédition de Chine vers la Russie | DDNZ Global Passages et destinations entre Chine et Asie centrale,Fret de Chine vers Russie,"Fret de Chine vers Russie CHINE VERS RUSSIE ET ASIE CENTRALE Planifiez le rail, la route, le multimodal et l'aérien vers Moscou, Iekaterinbourg et terminaux régionaux, avec un périmètre frontalier et de livraison écrit. Indication de planification uniquement. Itinéraire, capacité, acceptation et conditions frontalières sont confirmés dans l’offre.",
/es/shipping-from-china-to-russia/,es,freight,pass,Envíos de China a Rusia | DDNZ Global Pasos fronterizos y destinos de Asia Central,Transporte de China a Rusia,"Transporte de China a Rusia CHINA HACIA RUSIA Y ASIA CENTRAL Planifique ferrocarril, carretera, transporte multimodal y aéreo a Moscú, Ekaterimburgo y terminales regionales, con límites fronterizos y de entrega por escrito. Dato orientativo. Ruta, espacio, aceptación y condiciones fronterizas se confirman en la cotización.",
/ar/shipping-from-china-to-russia/,ar,freight,pass,الشحن من الصين إلى روسيا | DDNZ Global معابر ووجهات الصين وآسيا الوسطى,الشحن من الصين إلى روسيا,الشحن من الصين إلى روسيا من الصين إلى روسيا وآسيا الوسطى خطط للنقل بالسكك الحديدية والطرق والنقل متعدد الوسائط والجوي إلى موسكو ويكاترينبورغ والمحطات الإقليمية مع تحديد مكتوب لنطاق الحدود والتسليم. مدة إرشادية فقط. يتم تأكيد المسار والسعة وقبول البضائع وظروف الحدود في العرض المكتوب.,
/pt/shipping-from-china-to-russia/,pt,freight,pass,Frete da China: destino Rússia. | DDNZ Global,Frete da China: destino Rússia.,"Frete da China: destino Rússia. DDNZ GLOBAL · HEAVEN BORN Planeje o transporte da China com destino a Rússia, da coleta no fornecedor à entrega acordada. Compare modalidade, consolidação, documentos e responsabilidades antes de confirmar a remessa. DDNZ: compras e preparação na China · Heaven Born: frete internacional",
/tr/shipping-from-china-to-russia/,tr,freight,pass,Çin çıkışlı yük taşımacılığı: Rusya. | DDNZ Global,Çin çıkışlı yük taşımacılığı: Rusya.,"Çin çıkışlı yük taşımacılığı: Rusya. DDNZ GLOBAL · HEAVEN BORN Çin’den Rusya varışlı taşımayı, tedarikçiden teslim almadan kararlaştırılan teslim noktasına kadar planlayın. Sevkiyatı teyit etmeden önce taşıma türünü, konsolidasyonu, belgeleri ve sorumlulukları karşılaştırın. DDNZ: Çin’de tedarik ve ihracat hazırlığı · Heaven Born: uluslararası taşıma",
/shipping-from-china-to-nigeria/,en,freight,pass,Shipping from China to Nigeria | Lagos Wholesale Markets & Freight | DDNZ Global,China to Nigeria. Several suppliers. One shipment plan.,"China to Nigeria. Several suppliers. One shipment plan. CHINA → NIGERIA Buying from several factories? Receiving beyond the port? Connect supplier pickup, consolidation and loading with receiving in Lagos or an inland city. ORIGIN / DESTINATION / STOCK",
/zh-cn/shipping-from-china-to-nigeria/,zh-cn,freight,pass,中国到尼日利亚货运｜拉各斯批发市场与集货海运 | DDNZ Global,中国到尼日利亚。 几家工厂的货， 一起安排。,中国到尼日利亚。 几家工厂的货， 一起安排。 中国 → 尼日利亚 采购不只一家，收货也不一定在港口。从供应商交货、集货装柜，到拉各斯或内陆城市收货，先把每一段接起来。 起运地 / 目的地 / 库存,
/ru/shipping-from-china-to-nigeria/,ru,freight,pass,Доставка из Китая в Нигерию | DDNZ Global,Доставка грузов из Китая — Нигерия,"Доставка грузов из Китая — Нигерия Планирование FCL, LCL, авиационных и мультимодальных перевозок через Лагос и Апапа, включая проверку требований SONCAP, Form M и PAAR до отправки. Guangzhou Hub Direct Consolidation Confirm import documents, destination handling and delivery scope",
/fr/shipping-from-china-to-nigeria/,fr,freight,pass,Expédition de Chine vers le Nigeria | DDNZ Global,Fret maritime et aérien de Chine vers le Nigeria,"Fret maritime et aérien de Chine vers le Nigeria Planification habituelle de 35–45 jours par mer, avec vérification documentaire Form M, PAAR, SONCAP et ECTN/CTN selon la marchandise et les exigences applicables. Consolidation directe depuis le hub de Guangzhou Documents, opérations portuaires et livraison à confirmer",
/es/shipping-from-china-to-nigeria/,es,freight,pass,Envíos de China a Nigeria | Mercados mayoristas de Lagos | DDNZ Global,De China a Nigeria. Varios proveedores. Un plan de envío.,"De China a Nigeria. Varios proveedores. Un plan de envío. CHINA → NIGERIA ¿Varios proveedores y recepción lejos del puerto? Coordinar recogida, consolidación y carga con la recepción en Lagos o el interior. ORIGEN / DESTINO / EXISTENCIAS",
/ar/shipping-from-china-to-nigeria/,ar,freight,pass,الشحن من الصين إلى نيجيريا | DDNZ Global,شحن البضائع من الصين إلى نيجيريا,"شحن البضائع من الصين إلى نيجيريا تخطيط FCL وLCL والشحن الجوي والمتعدد الوسائط عبر لاغوس وأبابا مع مراجعة متطلبات SONCAP وForm M وPAAR قبل الشحن. Guangzhou Hub Direct Consolidation Confirm import documents, destination handling and delivery scope",
/pt/shipping-from-china-to-nigeria/,pt,freight,pass,Frete da China: destino Nigéria. | DDNZ Global,Frete da China: destino Nigéria.,"Frete da China: destino Nigéria. DDNZ GLOBAL · HEAVEN BORN Planeje o transporte da China com destino a Nigéria, da coleta no fornecedor à entrega acordada. Compare modalidade, consolidação, documentos e responsabilidades antes de confirmar a remessa. DDNZ: compras e preparação na China · Heaven Born: frete internacional",
/tr/shipping-from-china-to-nigeria/,tr,freight,pass,Çin çıkışlı yük taşımacılığı: Nijerya. | DDNZ Global,Çin çıkışlı yük taşımacılığı: Nijerya.,"Çin çıkışlı yük taşımacılığı: Nijerya. DDNZ GLOBAL · HEAVEN BORN Çin’den Nijerya varışlı taşımayı, tedarikçiden teslim almadan kararlaştırılan teslim noktasına kadar planlayın. Sevkiyatı teyit etmeden önce taşıma türünü, konsolidasyonu, belgeleri ve sorumlulukları karşılaştırın. DDNZ: Çin’de tedarik ve ihracat hazırlığı · Heaven Born: uluslararası taşıma",
/shipping-from-china-to-ghana/,en,freight,pass,Shipping from China to Ghana | Tema & Accra Delivery | DDNZ Global,"China to Ghana. To Tema port, or your receiving address?","China to Ghana. To Tema port, or your receiving address? CHINA → GHANA Separate the port, receiving city and delivery scope. Plan consolidation in China, ocean freight, destination collection and onward delivery around the shipment. TEMA / ACCRA / YOUR ADDRESS",
/zh-cn/shipping-from-china-to-ghana/,zh-cn,freight,pass,中国到加纳货运｜特马海运与阿克拉收货安排 | DDNZ Global,中国到加纳。 到特马港， 还是送到收货点？,中国到加纳。 到特马港， 还是送到收货点？ 中国 → 加纳 把目的港、收货城市和交付范围分开说清楚。中国端集货、海运、目的地提货与配送，按这一票货的实际需要安排。 特马 / 阿克拉 / 收货地址,
/ru/shipping-from-china-to-ghana/,ru,freight,pass,Доставка из Китая в Гану | DDNZ Global,Доставка грузов из Китая — Гана,"Доставка грузов из Китая — Гана Планирование FCL, LCL, авиационных и мультимодальных перевозок через Тема и Аккра, включая проверку требований CoC, CTN и таможни Ганы до отправки. Guangzhou Hub Direct Consolidation Confirm import documents, destination handling and delivery scope",
/fr/shipping-from-china-to-ghana/,fr,freight,pass,Expédition de Chine vers le Ghana | DDNZ Global,Fret maritime et aérien de Chine vers le Ghana,"Fret maritime et aérien de Chine vers le Ghana Planification habituelle de 35–50 jours par mer, avec vérification de l’applicabilité du CoC et des documents d’importation avant expédition. Consolidation directe depuis le hub de Guangzhou Documents, opérations portuaires et livraison à confirmer",
/es/shipping-from-china-to-ghana/,es,freight,pass,Envíos de China a Ghana | Tema y entrega en Acra | DDNZ Global,De China a Ghana. ¿Hasta Tema o hasta tu dirección?,"De China a Ghana. ¿Hasta Tema o hasta tu dirección? CHINA → GHANA Definir puerto, ciudad y alcance por separado. Coordinar consolidación en China, transporte marítimo, recogida y entrega según el envío. TEMA / ACCRA / SU DIRECCIÓN",
/ar/shipping-from-china-to-ghana/,ar,freight,pass,الشحن من الصين إلى غانا | DDNZ Global,شحن البضائع من الصين إلى غانا,"شحن البضائع من الصين إلى غانا تخطيط FCL وLCL والشحن الجوي والمتعدد الوسائط عبر تيما وأكرا مع مراجعة متطلبات CoC وCTN والجمارك الغانية قبل الشحن. Guangzhou Hub Direct Consolidation Confirm import documents, destination handling and delivery scope",
/pt/shipping-from-china-to-ghana/,pt,freight,pass,Frete da China: destino Gana. | DDNZ Global,Frete da China: destino Gana.,"Frete da China: destino Gana. DDNZ GLOBAL · HEAVEN BORN Planeje o transporte da China com destino a Gana, da coleta no fornecedor à entrega acordada. Compare modalidade, consolidação, documentos e responsabilidades antes de confirmar a remessa. DDNZ: compras e preparação na China · Heaven Born: frete internacional",
/tr/shipping-from-china-to-ghana/,tr,freight,pass,Çin çıkışlı yük taşımacılığı: Gana. | DDNZ Global,Çin çıkışlı yük taşımacılığı: Gana.,"Çin çıkışlı yük taşımacılığı: Gana. DDNZ GLOBAL · HEAVEN BORN Çin’den Gana varışlı taşımayı, tedarikçiden teslim almadan kararlaştırılan teslim noktasına kadar planlayın. Sevkiyatı teyit etmeden önce taşıma türünü, konsolidasyonu, belgeleri ve sorumlulukları karşılaştırın. DDNZ: Çin’de tedarik ve ihracat hazırlığı · Heaven Born: uluslararası taşıma",
/shipping-from-china-to-mexico/,en,freight,pass,Shipping from China to Mexico | Sea Freight & Delivery | DDNZ Global,"China to Mexico. Beyond the port, where next?","China to Mexico. Beyond the port, where next? CHINA → MÉXICO Mexico City, Guadalajara or Monterrey? Start with the final address, importer and unloading conditions, then plan the ocean and inland legs together. PORT / IMPORTER / FINAL ADDRESS",
/zh-cn/shipping-from-china-to-mexico/,zh-cn,freight,pass,中国到墨西哥货运｜海运、进口准备与内陆交付 | DDNZ Global,中国到墨西哥。 到港之后， 还要走多远？,中国到墨西哥。 到港之后， 还要走多远？ 中国 → 墨西哥 收货在墨西哥城、瓜达拉哈拉，还是蒙特雷？先明确最终地址、进口方和卸货条件，再把海运与内陆配送放进同一份方案。 港口 / 进口方 / 最终地址,
/ru/shipping-from-china-to-mexico/,ru,freight,pass,Доставка из Китая в Мексику | DDNZ Global,Доставка грузов из Китая — Мексика,"Доставка грузов из Китая — Мексика Планирование FCL, LCL, авиационных и мультимодальных перевозок через Мансанильо, Ласаро-Карденас и Мехико, включая проверку требований NOM, RFC и реестра импортёров до отправки. Прямой рейс или перегрузка — по доступному расписанию Таможенное оформление и доставка в согласованном объёме",
/fr/shipping-from-china-to-mexico/,fr,freight,pass,Expédition de Chine vers le Mexique | DDNZ Global,Transport de marchandises de Chine vers le Mexique,"Transport de marchandises de Chine vers le Mexique Planification FCL, LCL, aérienne et multimodale via Manzanillo, Lázaro Cárdenas et Mexico, avec vérification des exigences NOM, RFC et registre des importateurs avant expédition. Service direct ou avec correspondance selon le calendrier Dédouanement et livraison selon le périmètre confirmé",
/es/shipping-from-china-to-mexico/,es,freight,pass,Envíos de China a México | Transporte marítimo y entrega | DDNZ Global,"De China a México. Después del puerto, ¿hasta dónde?","De China a México. Después del puerto, ¿hasta dónde? CHINA → MÉXICO ¿Ciudad de México, Guadalajara o Monterrey? Primero, dirección final, importador y condiciones de descarga; después, coordinar transporte marítimo e interior. PUERTO / IMPORTADOR / DIRECCIÓN FINAL",
/ar/shipping-from-china-to-mexico/,ar,freight,pass,الشحن من الصين إلى المكسيك | DDNZ Global,شحن البضائع من الصين إلى المكسيك,شحن البضائع من الصين إلى المكسيك تخطيط FCL وLCL والشحن الجوي والمتعدد الوسائط عبر مانزانيلو ولازارو كارديناس ومكسيكو سيتي مع مراجعة متطلبات NOM وRFC وسجل المستوردين قبل الشحن. خدمة مباشرة أو عبر ربط، وفق الجدول التخليص والتسليم ضمن النطاق المؤكد,
/pt/shipping-from-china-to-mexico/,pt,freight,pass,Frete da China: destino México. | DDNZ Global,Frete da China: destino México.,"Frete da China: destino México. DDNZ GLOBAL · HEAVEN BORN Planeje o transporte da China com destino a México, da coleta no fornecedor à entrega acordada. Compare modalidade, consolidação, documentos e responsabilidades antes de confirmar a remessa. DDNZ: compras e preparação na China · Heaven Born: frete internacional",
/tr/shipping-from-china-to-mexico/,tr,freight,pass,Çin çıkışlı yük taşımacılığı: Meksika. | DDNZ Global,Çin çıkışlı yük taşımacılığı: Meksika.,"Çin çıkışlı yük taşımacılığı: Meksika. DDNZ GLOBAL · HEAVEN BORN Çin’den Meksika varışlı taşımayı, tedarikçiden teslim almadan kararlaştırılan teslim noktasına kadar planlayın. Sevkiyatı teyit etmeden önce taşıma türünü, konsolidasyonu, belgeleri ve sorumlulukları karşılaştırın. DDNZ: Çin’de tedarik ve ihracat hazırlığı · Heaven Born: uluslararası taşıma",
/shipping-from-china-to-brazil/,en,freight,pass,Shipping from China to Brazil | DDNZ Global,Shipping from China to Brazil,"Shipping from China to Brazil  Separate supplier price, packing, transport and destination charges. Have the local importer check the tax and clearance budget before estimating the total outlay for this order; another buyer’s multiplier is not a quotation. List use, quantity, value and packing for each product before combining supplier and shipping arrangements. Include payment dates for goods, freight and local charges in the replenishment plan.",
/zh-cn/shipping-from-china-to-brazil/,zh-cn,freight,pass,中国至巴西国际货运 | 华正邦泰,中国至巴西国际货运,中国至巴西国际货运  把供应商货价、包装、运输及目的地费用拆开。让当地进口方核对税费和清关预算，再核算本批货的总投入，不用别人的进口倍数估算自己的订单。 不同产品分别列出用途、数量、货值和包装资料，再汇总供应商与出运安排。采购款、运费及当地费用的支付时间也要纳入补货计划。,
/ru/shipping-from-china-to-brazil/,ru,freight,pass,Доставка из Китая в Бразилию | DDNZ Global,Доставка грузов из Китая — Бразилия,"Доставка грузов из Китая — Бразилия Планирование FCL, LCL, авиационных и мультимодальных перевозок через Сантус и Сан-Паулу, включая проверку требований NCM, SISCOMEX и требований Бразилии до отправки. Планирование по доступным рейсам и операциям в месте назначения Объём услуг подтверждается по грузу и условиям импорта",
/fr/shipping-from-china-to-brazil/,fr,freight,pass,Expédition de Chine vers le Brésil | DDNZ Global,Transport de marchandises de Chine vers le Brésil,"Transport de marchandises de Chine vers le Brésil Planification FCL, LCL, aérienne et multimodale via Santos et São Paulo, avec vérification des exigences NCM, SISCOMEX et règles brésiliennes avant expédition. Planification selon les départs disponibles et les opérations à destination Périmètre confirmé selon le fret et les conditions d’importation",
/es/shipping-from-china-to-brazil/,es,freight,pass,Envíos de China a Brasil | DDNZ Global,Envíos de China a Brasil,"Envíos de China a Brasil  Separa precio del proveedor, embalaje, transporte y gastos en destino. El importador local debe revisar impuestos y despacho antes de calcular la inversión total; el multiplicador de otro comprador no es una cotización. Detalla uso, cantidad, valor y embalaje de cada producto antes de consolidar proveedores y transporte. Incluye las fechas de pago de mercancía, flete y gastos locales en el plan de reposición.",
/ar/shipping-from-china-to-brazil/,ar,freight,pass,الشحن من الصين إلى البرازيل | DDNZ Global,شحن البضائع من الصين إلى البرازيل,شحن البضائع من الصين إلى البرازيل تخطيط FCL وLCL والشحن الجوي والمتعدد الوسائط عبر سانتوس وساو باولو مع مراجعة متطلبات NCM وSISCOMEX والمتطلبات البرازيلية قبل الشحن. التخطيط وفق الرحلات المتاحة وعمليات الوجهة تأكيد النطاق وفق البضاعة وشروط الاستيراد,
/pt/shipping-from-china-to-brazil/,pt,freight,pass,Frete da China para o Brasil: marítimo e aéreo | DDNZ,Frete da China para o Brasil.,"Frete da China para o Brasil. DDNZ GLOBAL · HEAVEN BORN Planeje transporte marítimo ou aéreo, consolidação de fornecedores na China e a entrega no Brasil dentro do escopo acordado. A DDNZ coordena compras e preparação na origem; a Heaven Born coordena o frete internacional. Da coleta no fornecedor ao porto, aeroporto ou endereço combinado com o importador.",
/tr/shipping-from-china-to-brazil/,tr,freight,pass,Çin çıkışlı yük taşımacılığı: Brezilya. | DDNZ Global,Çin çıkışlı yük taşımacılığı: Brezilya.,"Çin çıkışlı yük taşımacılığı: Brezilya. DDNZ GLOBAL · HEAVEN BORN Çin’den Brezilya varışlı taşımayı, tedarikçiden teslim almadan kararlaştırılan teslim noktasına kadar planlayın. Sevkiyatı teyit etmeden önce taşıma türünü, konsolidasyonu, belgeleri ve sorumlulukları karşılaştırın. DDNZ: Çin’de tedarik ve ihracat hazırlığı · Heaven Born: uluslararası taşıma",
/shipping-from-china-to-argentina/,en,freight,pass,Shipping from China to Argentina | DDNZ Global,Logistics to Argentina | CUIT & Import Documentation Support,"Logistics to Argentina | CUIT & Import Documentation Support Ocean and air freight planning from China to Buenos Aires, with import-document and destination-handling coordination based on the confirmed service scope. Clearance and delivery to the written scope Scope confirmed against cargo and import conditions",
/zh-cn/shipping-from-china-to-argentina/,zh-cn,freight,pass,中国至阿根廷国际货运 | 华正邦泰,中国到阿根廷（布宜诺斯艾利斯）项目货运：CUIT 与进口文件协调支持,中国到阿根廷（布宜诺斯艾利斯）项目货运：CUIT 与进口文件协调支持 提供海运及空运路线规划，并在确认的服务范围内协调 CUIT、进口资料及目的地操作要求。支付与外汇事项请由交易双方及合格专业机构确认。 按书面确认范围安排清关与派送 按货物与进口条件确认服务范围,
/ru/shipping-from-china-to-argentina/,ru,freight,pass,Доставка из Китая в Аргентину | DDNZ Global,Доставка грузов из Китая — Аргентина,"Доставка грузов из Китая — Аргентина Планирование FCL, LCL, авиационных и мультимодальных перевозок через Буэнос-Айрес и EZE, включая проверку требований таможни и импортёра Аргентины до отправки. Оформление и доставка по письменно согласованному объёму Объём услуг подтверждается по грузу и условиям импорта",
/fr/shipping-from-china-to-argentina/,fr,freight,pass,Expédition de Chine vers l’Argentine | DDNZ Global,Transport de marchandises de Chine vers l’Argentine,"Transport de marchandises de Chine vers l’Argentine Planification FCL, LCL, aérienne et multimodale via Buenos Aires et EZE, avec vérification des exigences douanières et de l’importateur argentin avant expédition. Dédouanement et livraison selon le périmètre écrit Périmètre confirmé selon le fret et les conditions d’importation",
/es/shipping-from-china-to-argentina/,es,freight,pass,Envíos de China a Argentina | DDNZ Global,Envíos de carga desde China a Argentina,"Envíos de carga desde China a Argentina Planificación FCL, LCL, aérea y multimodal vía Buenos Aires y EZE, con revisión de requisitos aduaneros y del importador argentino antes del embarque. Despacho y entrega según el alcance escrito Alcance sujeto a carga y condiciones de importación",
/ar/shipping-from-china-to-argentina/,ar,freight,pass,الشحن من الصين إلى الأرجنتين | DDNZ Global,شحن البضائع من الصين إلى الأرجنتين,شحن البضائع من الصين إلى الأرجنتين تخطيط FCL وLCL والشحن الجوي والمتعدد الوسائط عبر بوينس آيرس وEZE مع مراجعة متطلبات الجمارك ومتطلبات المستورد الأرجنتيني قبل الشحن. التخليص والتسليم وفق النطاق المكتوب تأكيد النطاق وفق البضاعة وشروط الاستيراد,
/pt/shipping-from-china-to-argentina/,pt,freight,pass,Frete da China: destino Argentina. | DDNZ Global,Frete da China: destino Argentina.,"Frete da China: destino Argentina. DDNZ GLOBAL · HEAVEN BORN Planeje o transporte da China com destino a Argentina, da coleta no fornecedor à entrega acordada. Compare modalidade, consolidação, documentos e responsabilidades antes de confirmar a remessa. DDNZ: compras e preparação na China · Heaven Born: frete internacional",
/tr/shipping-from-china-to-argentina/,tr,freight,pass,Çin çıkışlı yük taşımacılığı: Arjantin. | DDNZ Global,Çin çıkışlı yük taşımacılığı: Arjantin.,"Çin çıkışlı yük taşımacılığı: Arjantin. DDNZ GLOBAL · HEAVEN BORN Çin’den Arjantin varışlı taşımayı, tedarikçiden teslim almadan kararlaştırılan teslim noktasına kadar planlayın. Sevkiyatı teyit etmeden önce taşıma türünü, konsolidasyonu, belgeleri ve sorumlulukları karşılaştırın. DDNZ: Çin’de tedarik ve ihracat hazırlığı · Heaven Born: uluslararası taşıma",
/shipping-from-china-to-peru/,en,freight,pass,Shipping from China to Peru | DDNZ Global,Shipping from China to Peru | Callao and Lima Freight Planning,"Shipping from China to Peru | Callao and Lima Freight Planning FCL, LCL, and air freight planning from China to Callao and Lima, with shipment-document and destination-operation coordination. Planned against carrier schedules Planned to cargo and document requirements",
/zh-cn/shipping-from-china-to-peru/,zh-cn,freight,pass,中国至秘鲁国际货运 | 华正邦泰,中国到秘鲁（Callao / 利马）海运与空运：进口文件与路线协调支持,中国到秘鲁（Callao / 利马）海运与空运：进口文件与路线协调支持 提供中国始发至 Callao、利马的整柜、拼箱与空运规划，并在确认的服务范围内协调出运文件与目的地操作。 按船期与目的地操作规划 依据承运条件与文件要求安排,
/ru/shipping-from-china-to-peru/,ru,freight,pass,Доставка из Китая в Перу | DDNZ Global,Доставка грузов из Китая — Перу,"Доставка грузов из Китая — Перу Планирование FCL, LCL, авиационных и мультимодальных перевозок через Кальяо и Лиму, включая проверку требований SUNAT и разрешений на продукцию до отправки. Планируется по расписанию перевозчика Планируется с учётом груза и требований к документам",
/fr/shipping-from-china-to-peru/,fr,freight,pass,Expédition de Chine vers le Pérou | DDNZ Global,Transport de marchandises de Chine vers le Pérou,"Transport de marchandises de Chine vers le Pérou Planification FCL, LCL, aérienne et multimodale via Callao et Lima, avec vérification des exigences SUNAT et permis produit avant expédition. Planifié selon les départs du transporteur Planifié selon la marchandise et les documents requis",
/es/shipping-from-china-to-peru/,es,freight,pass,Envíos de China a Perú | DDNZ Global,Envíos de carga desde China a Perú,"Envíos de carga desde China a Perú Planificación FCL, LCL, aérea y multimodal vía Callao y Lima, con revisión de requisitos SUNAT y permisos de producto antes del embarque. Planificado según los horarios del transportista Planificado según la carga y los documentos requeridos",
/ar/shipping-from-china-to-peru/,ar,freight,pass,الشحن من الصين إلى بيرو | DDNZ Global,شحن البضائع من الصين إلى بيرو,شحن البضائع من الصين إلى بيرو تخطيط FCL وLCL والشحن الجوي والمتعدد الوسائط عبر كالاو وليما مع مراجعة متطلبات SUNAT وتصاريح المنتجات قبل الشحن. يُخطط وفق جداول الناقل يُخطط وفق متطلبات البضاعة والمستندات,
/pt/shipping-from-china-to-peru/,pt,freight,pass,Frete da China: destino Peru. | DDNZ Global,Frete da China: destino Peru.,"Frete da China: destino Peru. DDNZ GLOBAL · HEAVEN BORN Planeje o transporte da China com destino a Peru, da coleta no fornecedor à entrega acordada. Compare modalidade, consolidação, documentos e responsabilidades antes de confirmar a remessa. DDNZ: compras e preparação na China · Heaven Born: frete internacional",
/tr/shipping-from-china-to-peru/,tr,freight,pass,Çin çıkışlı yük taşımacılığı: Peru. | DDNZ Global,Çin çıkışlı yük taşımacılığı: Peru.,"Çin çıkışlı yük taşımacılığı: Peru. DDNZ GLOBAL · HEAVEN BORN Çin’den Peru varışlı taşımayı, tedarikçiden teslim almadan kararlaştırılan teslim noktasına kadar planlayın. Sevkiyatı teyit etmeden önce taşıma türünü, konsolidasyonu, belgeleri ve sorumlulukları karşılaştırın. DDNZ: Çin’de tedarik ve ihracat hazırlığı · Heaven Born: uluslararası taşıma",
/shipping-from-china-to-chile/,en,freight,pass,Shipping from China to Chile | DDNZ Global,Shipping from China to Chile | Port and Destination Planning,"Shipping from China to Chile | Port and Destination Planning FCL, LCL, and air freight planning from China to Chile, with shipment-document and destination-operation coordination. Planned against carrier schedules Planned to cargo and document requirements",
/zh-cn/shipping-from-china-to-chile/,zh-cn,freight,pass,中国至智利国际货运 | 华正邦泰,中国到智利海运与空运：港口、文件与目的地操作协调支持,中国到智利海运与空运：港口、文件与目的地操作协调支持 提供中国始发至智利的整柜、拼箱与空运规划，并在确认的服务范围内协调出运文件、港口与目的地操作。 按船期与目的地操作规划 依据承运条件与文件要求安排,
/ru/shipping-from-china-to-chile/,ru,freight,pass,Доставка из Китая в Чили | DDNZ Global,Доставка грузов из Китая — Чили,"Доставка грузов из Китая — Чили Планирование FCL, LCL, авиационных и мультимодальных перевозок через Сан-Антонио, Вальпараисо и Сантьяго, включая проверку требований таможни и сертификатов Чили до отправки. Планируется по расписанию перевозчика Планируется с учётом груза и требований к документам",
/fr/shipping-from-china-to-chile/,fr,freight,pass,Expédition de Chine vers le Chili | DDNZ Global,Transport de marchandises de Chine vers le Chili,"Transport de marchandises de Chine vers le Chili Planification FCL, LCL, aérienne et multimodale via San Antonio, Valparaíso et Santiago, avec vérification des exigences douanières et certificats chiliens avant expédition. Planifié selon les départs du transporteur Planifié selon la marchandise et les documents requis",
/es/shipping-from-china-to-chile/,es,freight,pass,Envíos de China a Chile | DDNZ Global,Envíos de carga desde China a Chile,"Envíos de carga desde China a Chile Planificación FCL, LCL, aérea y multimodal vía San Antonio, Valparaíso y Santiago, con revisión de requisitos aduaneros y certificados chilenos antes del embarque. Planificado según los horarios del transportista Planificado según la carga y los documentos requeridos",
/ar/shipping-from-china-to-chile/,ar,freight,pass,الشحن من الصين إلى تشيلي | DDNZ Global,شحن البضائع من الصين إلى تشيلي,شحن البضائع من الصين إلى تشيلي تخطيط FCL وLCL والشحن الجوي والمتعدد الوسائط عبر سان أنطونيو وفالبارايسو وسانتياغو مع مراجعة متطلبات الجمارك والشهادات التشيلية قبل الشحن. يُخطط وفق جداول الناقل يُخطط وفق متطلبات البضاعة والمستندات,
/pt/shipping-from-china-to-chile/,pt,freight,pass,Frete da China: destino Chile. | DDNZ Global,Frete da China: destino Chile.,"Frete da China: destino Chile. DDNZ GLOBAL · HEAVEN BORN Planeje o transporte da China com destino a Chile, da coleta no fornecedor à entrega acordada. Compare modalidade, consolidação, documentos e responsabilidades antes de confirmar a remessa. DDNZ: compras e preparação na China · Heaven Born: frete internacional",
/tr/shipping-from-china-to-chile/,tr,freight,pass,Çin çıkışlı yük taşımacılığı: Şili. | DDNZ Global,Çin çıkışlı yük taşımacılığı: Şili.,"Çin çıkışlı yük taşımacılığı: Şili. DDNZ GLOBAL · HEAVEN BORN Çin’den Şili varışlı taşımayı, tedarikçiden teslim almadan kararlaştırılan teslim noktasına kadar planlayın. Sevkiyatı teyit etmeden önce taşıma türünü, konsolidasyonu, belgeleri ve sorumlulukları karşılaştırın. DDNZ: Çin’de tedarik ve ihracat hazırlığı · Heaven Born: uluslararası taşıma",
/blog/mixed-sku-phone-cases-china-poland-moq-packing-reorders/,en,information,context-only,Found a Phone Case That Sells? Source It from… | DDNZ Global,Found a Phone Case That Sells? Source It from China with DDNZ,"Found a Phone Case That Sells? Source It from China with DDNZ DDNZ Global Insights Send DDNZ photos of phone cases selling in Poland. Source matching products, discuss lower MOQs and factory prices, and coordinate quality checks and transport. By Huang Matthew · DDNZ Global Trade Co., Ltd.",
/blog/magsafe-ring-stand-sourcing-four-sample-comparison/,en,information,context-only,We Tested Four Magnetic Ring Stands. Price Was… | DDNZ Global,We Tested Four Magnetic Ring Stands. Price Was Only Part of the Story.,"We Tested Four Magnetic Ring Stands. Price Was Only Part of the Story. DDNZ Global Insights We compared four magnetic ring stands priced from RMB 15 to RMB 349 for weight, magnetic hold, charging, grip and stand use. ",
/blog/china-saudi-freight-september-2026-gateway-cargo-acceptance-surcharges/,en,information,context-only,China–Saudi Freight Before September 2026 | DDNZ Global,"China–Saudi Freight Before September 2026: Check Gateway, Cargo Acceptance and Surcharges Before Booking","China–Saudi Freight Before September 2026: Check Gateway, Cargo Acceptance and Surcharges Before Booking DDNZ Global Insights Before booking China–Saudi cargo, compare current Saudi gateway acceptance, cargo-type restrictions, landbridge routing and carrier-specific surcharges—not one headline freight rate. China–Saudi cargo moving into September 2026 cannot be booked responsibly from one headline ocean-freight number. Maersk introduced a Peak Season Surcharge of USD 1,000 for all 20-foot containers and USD 2,000 for all 40/45-foot containers from Far East Asia to Saudi Arabia, effective 10 August. But the more important question is whether the carrier will accept your exact cargo through your intended Saudi gateway. Current carrier notices differ by cargo type, port and routing. Before paying a deposit, tie the quote to the cargo, gateway, confirmed route, surcharge validity and fallback plan.",
/blog/magsafe-phone-cases-china-turkiye-dealer-verification/,en,information,context-only,MagSafe Phone Cases from China | DDNZ Global,MagSafe Phone Cases from China: A Verification Checklist for Türkiye Dealers,"MagSafe Phone Cases from China: A Verification Checklist for Türkiye Dealers DDNZ Global Insights A practical checklist for Türkiye dealers to verify magnet hold, charging heat, model fit, packing and reorder terms before buying cases from China. Türkiye dealers do not need another MagSafe case catalogue. They need a way to tell whether a quoted SKU will hold accessories reliably, align with the intended charger, fit the correct iPhone model and arrive in retail-ready condition. The safest buying decision comes from tying every price to an exact model, construction and test record—not from accepting “strong magnet” or “fast charging” as complete specifications. This guide shows a practical pre-order check for import agents, distributors and mobile-accessories dealers sourcing MagSafe-compatible cases from China.",
/blog/commercial-kitchen-equipment-china-nigeria-dealer-first-container/,en,information,context-only,Commercial Kitchen Equipment from China for Nigeria | DDNZ Global,Commercial Kitchen Equipment from China for Nigeria: A First-Container Range for Dealers,"Commercial Kitchen Equipment from China for Nigeria: A First-Container Range for Dealers DDNZ Global Insights A practical first-container shortlist for Nigerian kitchen-equipment dealers, covering six equipment roles, utility checks, service parts and supplier documents. Nigerian kitchen-equipment dealers do not need a factory’s full catalogue for a first order. They need a compact range that covers the most common cooking, cold-storage and food-preparation jobs, works with local utilities, and can be serviced with parts that are available after delivery. The safest first-container strategy is therefore to select by equipment role , not by the number of models: lock the voltage, phase, gas configuration, refrigeration duty and spare-parts pack first, then compare model-specific quotations. This guide gives dealers a practical shortlist and the questions to settle before paying a deposit.",
/blog/portable-power-stations-china-dealer-range-camping-outage-backup/,en,information,context-only,Portable Power Stations from China | DDNZ Global,Portable Power Stations from China: A Two-Tier Range for Camping and Outage Backup,"Portable Power Stations from China: A Two-Tier Range for Camping and Outage Backup DDNZ Global Insights A dealer-focused method for separating lightweight camping power from fridge-and-freezer outage backup, with load, solar-input and supplier-file checks. Recent discussions show the same request appearing again and again: “I want something for camping, but I also want it to keep the fridge or freezer running when the grid goes down.”",
/blog/coffee-equipment-china-saudi-dealers-sellable-range-2026/,en,information,context-only,What Saudi Coffee-Equipment Dealers Should Source… | DDNZ Global,What Saudi Coffee-Equipment Dealers Should Source from China Before September 2026,"What Saudi Coffee-Equipment Dealers Should Source from China Before September 2026 DDNZ Global Insights A practical guide for Saudi dealers choosing compact, café and automatic coffee equipment from China—without overloading the range or overlooking service. When Saudi dealers compare coffee equipment from China, the biggest catalogue is rarely the best starting point. A dealer needs a range the sales team can explain, the technician can install and the buyer can reorder. For most distributors, that means three clear choices: a compact machine for small counters, a two-group machine for busy cafés and an automatic option for hotels or self-service locations. The goal is not to collect more models. It is to choose a few that suit local customers, arrive with the right documents and can be supported after the sale.",
/blog/turkey-kitchen-equipment-dealers-china-sourcing-margin-checklist/,en,information,context-only,Kitchen Equipment Dealer Margins: China Sourcing | DDNZ,New China Equipment or Used Local Stock? A Margin and Sourcing Checklist for Turkish Kitchen Equipment Dealers,"New China Equipment or Used Local Stock? A Margin and Sourcing Checklist for Turkish Kitchen Equipment Dealers DDNZ Global Insights A sourcing checklist for Turkish kitchen equipment dealers comparing China supply and used local stock across landed margin, claims, parts and repeatability. Verified 17 August 2026 · For commercial kitchen importers, dealers, distributors and project contractors in Türkiye",
/blog/insulated-cooler-boxes-africa-china-ice-retention-test/,en,information,context-only,Insulated Cooler Boxes for African Distributors | DDNZ Global,"Insulated Cooler Boxes for African Distributors: Compare Ice Retention, Payload and Container Cost","Insulated Cooler Boxes for African Distributors: Compare Ice Retention, Payload and Container Cost DDNZ Global Insights A low cooler-box quote is not comparable until the supplier discloses the ice-retention method, usable payload, packed CBM and hardware specification. Use this buyer matrix before ordering from China. An African distributor buying insulated cooler boxes from China should not compare quotations by unit price or “days of ice” alone. First make every supplier test the exact offered model under the same ambient profile, starting temperatures, ice-to-payload ratio, opening cycle and temperature endpoint. Then compare verified usable payload, empty and loaded weight, export-carton CBM, container quantity and replaceable hardware. Without those controls, a cheaper box may carry less saleable product, lose cooling performance sooner in real heat, occupy more container space or generate costly latch, hinge and gasket returns.",
/blog/combi-ovens-gulf-restaurants-china-sourcing-checklist/,en,information,context-only,Combi Ovens for Gulf Restaurants | DDNZ Global,Combi Ovens for Gulf Restaurants: A China Sourcing Checklist,"Combi Ovens for Gulf Restaurants: A China Sourcing Checklist DDNZ Global Insights Buying a combi oven from China for a Gulf restaurant? Compare real output, power, water, drainage, ventilation, cleaning and service before release. If you are sourcing a commercial combi oven from China for a restaurant, hotel or cloud kitchen in the Gulf, do not release the order on tray count, touch-screen features or a low quotation alone. Release it only after the exact model code matches the quotation, data plate and technical documents; the project team has approved power, water, drain, ventilation and clearances; and the supplier has demonstrated the buyer's real menu at a defined load. Current Gulf foodservice signals favour flexible, efficient and high-output equipment, but those benefits exist only when the selected model fits the site and the service operation.",
/blog/cheap-speakers-china-african-trader-verification/,en,information,context-only,Cheap China Speakers: African Trader Verification | DDNZ Global,Cheap Speakers from China: A Verification Guide for African Traders,"Cheap Speakers from China: A Verification Guide for African Traders DDNZ Global Insights Low prices matter to African container traders. Use this checklist to verify whether a China speaker offer is real, equivalent and deliverable before paying. Estimated reading time: 6 minutes",
/blog/12v-portable-fridge-power-chain-test-hot-markets/,en,information,context-only,12V Portable Fridges for Hot Off-Grid Markets | DDNZ Global,12V Portable Fridges for Hot Off-Grid Markets: Require a Power-Chain Test,"12V Portable Fridges for Hot Off-Grid Markets: Require a Power-Chain Test DDNZ Global Insights Stop guessing portable-fridge runtime from peak watts. Require a 24-hour Wh test covering heat, battery, cable, connector and recharge before sourcing from China. Dometic’s current CFX5 support pages list 12–24 V DC or 100–240 V AC input and distinguish rated input current from average energy consumption. They tell users to estimate runtime from usable battery capacity divided by average consumption. This is named-product-family guidance, not a hot-climate runtime guarantee.",
/blog/commercial-ice-machine-hot-kitchen-output-china-sourcing/,en,information,context-only,Commercial Ice Machine Output in Hot Kitchens | DDNZ,Commercial Ice Machines for Hot Middle East Kitchens: Compare Real Daily Output,"Commercial Ice Machines for Hot Middle East Kitchens: Compare Real Daily Output DDNZ Global Insights Compare commercial ice machines by output at stated air and water temperatures—not one catalogue kg/day number. Use this RFQ and factory-test matrix for hot Middle East kitchens. ANSI/AHRI 810-2025 covers definitions, testing, ratings, minimum published data and nameplate information for automatic commercial ice makers. It gives buyers a useful principle even when a Chinese supplier is not AHRI-certified: a performance number is comparable only when the test method and rating conditions are disclosed.",
/blog/commercial-refrigerators-gulf-kitchens-climate-class-high-ambient/,en,information,context-only,Commercial Refrigeration for Gulf Kitchens | DDNZ,Commercial refrigerators for Gulf kitchens: how to verify climate class and high-ambient performance claims,"Commercial refrigerators for Gulf kitchens: how to verify climate class and high-ambient performance claims DDNZ Global Insights Climate Class 5 is only one purchasing filter. Use this model-level evidence matrix to verify ambient ratings, installation limits and Gulf conformity scope. The short answer: Climate Class 5 is a useful filter for a commercial refrigerator intended for a hot Gulf kitchen, but it is not enough to approve a purchase order. A Class 5 declaration normally identifies a defined test condition; it does not by itself prove performance in a hotter condenser inlet, a more humid site, poor ventilation or the exact operating pattern of your kitchen. Before comparing prices, bind every performance claim to the exact model number, matching technical documents, stated installation limits and the destination market's current conformity route.",
/blog/commercial-kitchen-equipment-china-saudi-rfq-checklist/,en,information,context-only,Saudi Kitchen Equipment Sourcing: RFQ Checklist | DDNZ,Buying Commercial Kitchen Equipment from China for Saudi Arabia: A 7-Point RFQ and Compliance Checklist,"Buying Commercial Kitchen Equipment from China for Saudi Arabia: A 7-Point RFQ and Compliance Checklist DDNZ Global Insights A seven-point, model-level RFQ for Saudi buyers sourcing commercial cooking and refrigeration equipment from China—covering utilities, Saber evidence, inspection and release gates. Saudi buyers sourcing restaurant, hotel or catering equipment from China should begin with a model-level control sheet, not a price list. Before comparing quotations, fix voltage, phase, utilities, operating conditions and the evidence route for the destination. This guide provides a seven-point RFQ for commercial cooking and refrigeration equipment. It helps importers compare suppliers, inspect the selected model and prepare evidence, while leaving the final Saudi classification and conformity decision to the importer and the relevant accepted body.",
/blog/minimize-alibaba-sourcing-risks/,en,information,context-only,Alibaba Sourcing Without Customs Surprises | DDNZ Global,Alibaba Sourcing Without Customs Surprises: A Pre-Shipment Control Checklist,"Alibaba Sourcing Without Customs Surprises: A Pre-Shipment Control Checklist DDNZ Global Insights A four-gate checklist for supplier identity, model-level compliance, cargo inspection and customs-document consistency before Alibaba orders leave China. The short answer: buying through Alibaba does not transfer customs responsibility to the platform or supplier. The safest workflow is to stop the shipment at four gates—supplier identity, product compliance, cargo verification and customs-data approval—before the balance payment or carrier handover.",
/blog/high-compliance-new-energy-logistics/,en,information,context-only,New Energy & DG Logistics from China | DDNZ Global Insights,Shipping ESS and BESS from China: A 2026 Dangerous-Goods Readiness Checklist,"Shipping ESS and BESS from China: A 2026 Dangerous-Goods Readiness Checklist DDNZ Global Insights A model-level booking checklist for UN classification, UN 38.3 evidence, packaging, securing and carrier acceptance under mandatory IMDG Amendment 42-24. The short answer: an ESS or BESS shipment is ready for booking only when the exact battery model, UN classification, test summary, safety data, packaging method and emergency information all describe the same cargo. Do not book against a generic “lithium battery” file.",
/blog/provide-actionable-strategies/,en,information,context-only,EU Low-Value Parcel Duty 2026 | DDNZ Global,EU Low-Value Parcel Duty 2026: What China-Based Sellers Must Change,"EU Low-Value Parcel Duty 2026: What China-Based Sellers Must Change DDNZ Global Insights The adopted €3 temporary duty explained by tariff category, with a SKU-level checklist and a direct-parcel versus bulk-import decision matrix. The short answer: from 1 July 2026 , qualifying low-value consignments up to €150 entering the EU are subject to a temporary €3 customs duty for each distinct item category identified by tariff subheading . Sellers should model the charge at SKU/classification level, not assume €3 once per parcel.",
/es/blog/puerto-chancay-aranceles-y-rutas-directas-guia-de-compra-para-importadores-latin/,es,information,context-only,Puerto de Chancay para importaciones desde China | DDNZ Global,Puerto de Chancay para importaciones desde China: cuándo elegirlo y qué verificar,"Puerto de Chancay para importaciones desde China: cuándo elegirlo y qué verificar DDNZ Global Insights Guía práctica para comparar Chancay y Callao por servicio marítimo, despacho, costos de destino, entrega interior y aceptación real de la carga. Respuesta corta: elija Chancay cuando la combinación de servicio marítimo, despacho en el terminal y transporte terrestre resulte mejor para su carga y destino final. Compare la operación completa con Callao; no decida solo por una promesa de días de tránsito.",
/blog/protect-orders-against-delays/,en,information,context-only,China to Eastern Europe Import Risk Playbook | DDNZ Global,"China to Eastern Europe Import Risk Playbook: Booking, ICS2 and Contingency Controls","China to Eastern Europe Import Risk Playbook: Booking, ICS2 and Contingency Controls DDNZ Global Insights An evergreen operating guide for EU ENS data, ocean-versus-rail comparison, two-speed inventory planning and quote controls—without unsupported rate forecasts. The short answer: protect China-to-Eastern-Europe orders by locking the customs data before cargo handover, comparing ocean and rail on total door-to-door risk, and keeping a funded contingency for the part of the order that cannot be late.",
/blog/provides-actionable-steps-for-Eastern-European/,en,information,context-only,How Importers Should Manage Ocean Freight… | DDNZ Global,How Importers Should Manage Ocean Freight Volatility: A Practical Control Framework,"How Importers Should Manage Ocean Freight Volatility: A Practical Control Framework DDNZ Global Insights A reusable framework for quote comparison, cargo-ready discipline, packing evidence, mode-switch rules and shipment records—without unsupported weekly rate claims. The short answer: freight volatility cannot be removed, but its business impact can be limited. Control it with comparable quotes, cargo-ready discipline, booking evidence, packaging records and a rule for when to use a second mode or carrier.",
/es/blog/para-evitar-costosas-retenciones-en-puerto./,es,information,context-only,Baterías y vehículos por mar | DDNZ Global,Baterías y vehículos por mar: lista de verificación P903/P912 bajo IMDG 42-24,"Baterías y vehículos por mar: lista de verificación P903/P912 bajo IMDG 42-24 DDNZ Global Insights Guía en español para identificar la configuración real, verificar UN 38.3, confirmar la entrada IMDG y obtener aceptación escrita del transportista. Respuesta corta: no seleccione P903 o P912 solo por la palabra “batería”. Primero identifique cómo se presenta la mercancía: celdas o baterías solas, baterías embaladas con/instaladas en equipos, o un vehículo propulsado por batería. Después, un especialista competente debe confirmar el número UN, la denominación oficial, las disposiciones especiales y la instrucción de embalaje aplicables al modelo real.",
/blog/transpacific-shock-rates-surge-over-1000-in-a-single-week-as-msc-relaunches-pear/,en,information,context-only,Transpacific Freight from China | DDNZ Global,Transpacific Freight from China: A U.S. Import Risk Checklist,"Transpacific Freight from China: A U.S. Import Risk Checklist DDNZ Global Insights A practical checklist for HTS and Section 301 review, coast comparison, quote scope, cargo-ready cut-offs and demurrage/detention control. The short answer: for China–United States ocean freight, the largest avoidable risks are often not the headline rate. They are wrong tariff classification, incomplete quote scope, cargo not ready for cut-off, and unmanaged destination free time.",
/blog/2026-china-railway-express-panorama-guide-comprehensive-analysis-of-193-core-rai/,en,information,context-only,China-Europe Railway Express | DDNZ Global,China-Europe Railway Express: A Route-Selection Guide for Importers,"China-Europe Railway Express: A Route-Selection Guide for Importers DDNZ Global Insights Choose a rail service by cargo origin, planned departure, border corridor, destination terminal, commodity acceptance and ICS2 readiness—not an unaudited route list. The short answer: choose a China-Europe rail service by cargo-ready location, scheduled departure, border corridor, destination terminal, EU customs-data readiness and last-mile delivery—not by the nearest Chinese station or an online transit-time table.",
/blog/regulatory-compliance-alert-complete-sop-and-new-2026-mandates-for-china-nev-exp/,en,information,context-only,Exporting Pure Electric Passenger Vehicles from… | DDNZ Global,"Exporting Pure Electric Passenger Vehicles from China in 2026: Licence, DG and Destination Gates","Exporting Pure Electric Passenger Vehicles from China in 2026: Licence, DG and Destination Gates DDNZ Global Insights A verified gate-by-gate guide separating China's new pure-EV passenger export licence from carrier dangerous-goods acceptance and destination vehicle approval. The short answer: from 1 January 2026 , China applies export-licence administration to the specified pure-electric passenger vehicles described in MOFCOM Announcement No. 54 of 2025, with reference customs code 8703801090. This is not the same as IMDG acceptance or permission to register the vehicle in the destination country.",
/ar/blog/saber-2026/,ar,information,context-only,دليل سابر 2026 للاستيراد من الصين | DDNZ Global,دليل سابر 2026 للاستيراد من الصين: الرمز الجمركي وشهادة المنتج والإرسالية,دليل سابر 2026 للاستيراد من الصين: الرمز الجمركي وشهادة المنتج والإرسالية DDNZ Global Insights مسار عملي موثق لتحديد رمز التعرفة السعودي من 12 رقماً، نطاق اللائحة، شهادة المنتج وشهادة الإرسالية قبل شحن البضاعة من الصين. الخلاصة: لا تبدأ الشحن من الصين قبل ربط كل موديل برمز جمركي سعودي مكوّن من 12 رقماً، وتحديد ما إذا كان المنتج خاضعاً للائحة فنية، وإكمال مسار شهادة مطابقة المنتج أو الإقرار المطلوب، ثم إصدار شهادة الإرسالية ببيانات الفاتورة والشحنة نفسها.,
/fr/blog/guide-dapprovisionnement-chine-reduisez-vos-couts-logistiques-en-afrique-francop/,fr,information,context-only,Importer de Chine vers l’Afrique francophone | DDNZ Global,Importer de Chine vers l’Afrique francophone : contrôle documentaire et consolidation,"Importer de Chine vers l’Afrique francophone : contrôle documentaire et consolidation DDNZ Global Insights Guide pratique fondé sur les procédures officielles du Maroc et du Sénégal pour préparer les documents, consolider les fournisseurs et comparer le coût porte-à-porte. Réponse courte : pour importer depuis la Chine vers l’Afrique francophone, verrouillez d’abord le pays d’importation, le code SH, le titre ou l’autorisation d’importation, les documents produit et le déclarant en douane. Ensuite seulement, consolidez les fournisseurs et comparez le fret sur une base porte-à-porte.",
/screen-protectors/,en,product,pass,Wholesale Screen Protectors from China | DDNZ Global,Wholesale screen protectors from China.,"Wholesale screen protectors from China. Compare four screen protector options for wholesale sourcing. Review model minimums, retail packaging and factory footage, then plan your shipment and quote request. Prices include the stated retail packaging. Transport is quoted separately for your destination. Filmed by the DDNZ team · original English narration",
/screen-protectors/compare/,en,product,pass,Compare Wholesale Screen Protectors & Prices | DDNZ Global,Compare wholesale screen protectors.,"Compare wholesale screen protectors. Buying wholesale screen protectors from China? Compare reference prices, clear or privacy options, installers and packing for bulk orders. Model availability, samples and lead times are confirmed with your enquiry. Prices include the stated retail packaging. Transport is quoted separately for your destination. CNY 2.50 / piece. At least 1,000 pieces of OG28 per order, with at least 100 pieces per phone model. 10 pieces per large box; 96 large boxes per carton.",
/screen-protectors/guides/,en,information,context-only,Screen Protector Specifications & Buying Guides | DDNZ,Screen protector specifications and buying guides.,"Screen protector specifications and buying guides. Check glass, adhesive, packaging and model fit before a bulk order. Use the price and curved-glass guides to build your specification checklist. Compare six specification groups, the actual packaging and the installation steps. Separate shape, manufacturing process and fit — with footage filmed by the DDNZ team.",
/screen-protectors/guides/price-differences/,en,information,context-only,Screen Protector Wholesale Price Differences | DDNZ Global,Why wholesale screen protector prices differ.,"Why wholesale screen protector prices differ. Compare wholesale screen protector quotes on the same specification, model quantities and delivery scope. Review these six cost factors before choosing a product or requesting samples. Confirm the material grade, finished thickness and strengthening information. Ask whether the thickness includes the adhesive layer. Ask where the curve is: in the glass body, the polished edge or an added material. Request a drawing and the actual process description.",
/screen-protectors/guides/curved-glass/,en,information,context-only,2.5D vs 3D Screen Protectors: Shape & Fit | DDNZ Global,"2.5D vs 3D screen protectors: shape, process and fit.","2.5D vs 3D screen protectors: shape, process and fit. A product name alone cannot tell you how the glass was made, how strong it is or how well it fits. Start with the cross-section, then verify on the target phone. Often described as 2.5D. A rounded upper edge does not mean the screen-facing surface is curved. An illustration of a curved 3D form. The shape still does not prove a manufacturing method or model fit.",
/screen-protectors/videos/,en,information,context-only,Screen Protector Factory Process Videos | DDNZ Global,Screen protector factory process videos.,"Screen protector factory process videos. 001 / IMPACT TEST Watch the steel-ball setup, release and final sample inspection in one continuous recording. 1 min 46 sec · Full recording",
/screen-protectors/calculator/,en,information,context-only,Screen Protector Landed Cost Calculator: Istanbul | DDNZ,Screen protector landed cost calculator: Istanbul.,"Screen protector landed cost calculator: Istanbul. Use the Istanbul reference to estimate product value and all-inclusive delivery from China to the buyer’s warehouse. Final pricing depends on the confirmed models, packing and address; other destinations need a separate quote. Reference inputs: 11 Sept 2026 · USD 1 = CNY 6.6 Enter your phone models and quantities, or start with a 10,000-piece example. The calculator compares sea and air delivery to Istanbul; other destinations need a separate quote.",
